ordernumber,quantityordered,priceeach,orderlinenumber,sales,orderdate,status,qtr_id,month_id,year_id,productline,msrp,productcode,customername,phone,addressline1,city,postalcode,country,territory,contactlastname,contactfirstname,dealsize,year,month,quarter
10100,0.3934426229508197,1.0,0.1176470588235294,0.6239531721398288,2003-01-06,SHIPPED,1,1,2003,VINTAGE CARS,0.7569060773480663,S18_1749,ONLINE DIECAST CREATIONS CO.,6035558647,2304 LONG AIRPORT AVENUE,NASHUA,62005,USA,DESCONOCIDO,YOUNG,VALARIE,MEDIUM,2003,1,1
10100,0.7213114754098361,0.5596280087527352,0.058823529411764705,0.3886111009024119,2003-01-06,SHIPPED,1,1,2003,VINTAGE CARS,0.14917127071823205,S18_2248,ONLINE DIECAST CREATIONS CO.,6035558647,2304 LONG AIRPORT AVENUE,NASHUA,62005,USA,DESCONOCIDO,YOUNG,VALARIE,MEDIUM,2003,1,1
10100,0.26229508196721313,0.8155087527352298,0.1764705882352941,0.18991610676591753,2003-01-06,SHIPPED,1,1,2003,VINTAGE CARS,0.32596685082872934,S18_4409,ONLINE DIECAST CREATIONS CO.,6035558647,2304 LONG AIRPORT AVENUE,NASHUA,62005,USA,DESCONOCIDO,YOUNG,VALARIE,SMALL,2003,1,1
10100,0.7049180327868853,0.10380196936542668,0.0,0.16129150810700646,2003-01-06,SHIPPED,1,1,2003,VINTAGE CARS,0.04419889502762431,S24_3969,ONLINE DIECAST CREATIONS CO.,6035558647,2304 LONG AIRPORT AVENUE,NASHUA,62005,USA,DESCONOCIDO,YOUNG,VALARIE,SMALL,2003,1,1
10101,0.639344262295082,0.05908096280087527,0.1176470588235294,0.12319977013721606,2003-01-09,SHIPPED,1,1,2003,VINTAGE CARS,0.0,S24_1937,"BLAUER SEE AUTO, CO.",+49 69 66 90 2555,LYONERSTR. 34,FRANKFURT,60528,GERMANY,EMEA,KEITEL,ROLAND,SMALL,2003,1,1
10101,0.6557377049180328,0.3676148796498906,0.058823529411764705,0.26605681753639215,2003-01-09,SHIPPED,1,1,2003,VINTAGE CARS,0.06077348066298344,S24_2022,"BLAUER SEE AUTO, CO.",+49 69 66 90 2555,LYONERSTR. 34,FRANKFURT,60528,GERMANY,EMEA,KEITEL,ROLAND,SMALL,2003,1,1
10101,0.3114754098360656,1.0,0.1764705882352941,0.44099843305747577,2003-01-09,SHIPPED,1,1,2003,VINTAGE CARS,0.5193370165745856,S18_2325,"BLAUER SEE AUTO, CO.",+49 69 66 90 2555,LYONERSTR. 34,FRANKFURT,60528,GERMANY,EMEA,KEITEL,ROLAND,MEDIUM,2003,1,1
10101,0.3278688524590164,1.0,0.0,0.4398464463146782,2003-01-09,SHIPPED,1,1,2003,VINTAGE CARS,0.7458563535911602,S18_2795,"BLAUER SEE AUTO, CO.",+49 69 66 90 2555,LYONERSTR. 34,FRANKFURT,60528,GERMANY,EMEA,KEITEL,ROLAND,MEDIUM,2003,1,1
10102,0.5737704918032788,0.3181072210065645,0.0,0.2102990554911479,2003-01-10,SHIPPED,1,1,2003,VINTAGE CARS,0.11049723756906077,S18_1367,VITACHROME INC.,2125551500,2678 KINGSTON RD.,NYC,10022,USA,DESCONOCIDO,FRICK,MICHAEL,SMALL,2003,1,1
10102,0.5409836065573771,1.0,0.058823529411764705,0.5781556852617196,2003-01-10,SHIPPED,1,1,2003,VINTAGE CARS,0.3812154696132597,S18_1342,VITACHROME INC.,2125551500,2678 KINGSTON RD.,NYC,10022,USA,DESCONOCIDO,FRICK,MICHAEL,MEDIUM,2003,1,1
10103,0.4918032786885246,1.0,0.23529411764705882,0.5006291157298979,2003-01-29,SHIPPED,1,1,2003,TRUCKS AND BUSES,0.4861878453038674,S18_4600,BAANE MINI IMPORTS,07-98 9555,ERLING SKAKKES GATE 78,STAVERN,4110,NORWAY,EMEA,BERGULFSEN,JONAS,MEDIUM,2003,1,1
10103,0.47540983606557385,1.0,0.5294117647058824,0.45944091223451355,2003-01-29,SHIPPED,1,1,2003,TRUCKS AND BUSES,0.45856353591160215,S18_1097,BAANE MINI IMPORTS,07-98 9555,ERLING SKAKKES GATE 78,STAVERN,4110,NORWAY,EMEA,BERGULFSEN,JONAS,MEDIUM,2003,1,1
10103,0.26229508196721313,0.3721280087527352,0.058823529411764705,0.09459789047439268,2003-01-29,SHIPPED,1,1,2003,TRUCKS AND BUSES,0.14917127071823205,S18_2432,BAANE MINI IMPORTS,07-98 9555,ERLING SKAKKES GATE 78,STAVERN,4110,NORWAY,EMEA,BERGULFSEN,JONAS,SMALL,2003,1,1
10103,0.5737704918032788,0.2791301969365426,0.47058823529411764,0.1946830867097214,2003-01-29,SHIPPED,1,1,2003,VINTAGE CARS,0.09392265193370164,S18_4668,BAANE MINI IMPORTS,07-98 9555,ERLING SKAKKES GATE 78,STAVERN,4110,NORWAY,EMEA,BERGULFSEN,JONAS,SMALL,2003,1,1
10103,0.4918032786885246,1.0,0.0,0.4274044549278505,2003-01-29,SHIPPED,1,1,2003,TRUCKS AND BUSES,0.5193370165745856,S24_2300,BAANE MINI IMPORTS,07-98 9555,ERLING SKAKKES GATE 78,STAVERN,4110,NORWAY,EMEA,BERGULFSEN,JONAS,MEDIUM,2003,1,1
10103,0.3278688524590164,1.0,0.5882352941176471,0.6578472414795412,2003-01-29,SHIPPED,1,1,2003,CLASSIC CARS,0.9999999999999999,S10_1949,BAANE MINI IMPORTS,07-98 9555,ERLING SKAKKES GATE 78,STAVERN,4110,NORWAY,EMEA,BERGULFSEN,JONAS,MEDIUM,2003,1,1
10103,0.6557377049180328,1.0,0.8823529411764706,0.575951942641217,2003-01-29,SHIPPED,1,1,2003,VINTAGE CARS,0.3646408839779005,S18_3320,BAANE MINI IMPORTS,07-98 9555,ERLING SKAKKES GATE 78,STAVERN,4110,NORWAY,EMEA,BERGULFSEN,JONAS,MEDIUM,2003,1,1
10103,0.47540983606557385,0.41821663019693656,0.7647058823529411,0.20433331440083657,2003-01-29,SHIPPED,1,1,2003,VINTAGE CARS,0.16022099447513816,S18_2957,BAANE MINI IMPORTS,07-98 9555,ERLING SKAKKES GATE 78,STAVERN,4110,NORWAY,EMEA,BERGULFSEN,JONAS,SMALL,2003,1,1
10103,0.3114754098360656,1.0,0.7058823529411764,0.27494929988740735,2003-01-29,SHIPPED,1,1,2003,VINTAGE CARS,0.39226519337016574,S18_3136,BAANE MINI IMPORTS,07-98 9555,ERLING SKAKKES GATE 78,STAVERN,4110,NORWAY,EMEA,BERGULFSEN,JONAS,SMALL,2003,1,1
10103,0.639344262295082,0.6667122538293215,0.3529411764705882,0.3903952103010601,2003-01-29,SHIPPED,1,1,2003,TRUCKS AND BUSES,0.1712707182320442,S32_3522,BAANE MINI IMPORTS,07-98 9555,ERLING SKAKKES GATE 78,STAVERN,4110,NORWAY,EMEA,BERGULFSEN,JONAS,MEDIUM,2003,1,1
10103,0.34426229508196726,1.0,0.4117647058823529,0.38927663384662675,2003-01-29,SHIPPED,1,1,2003,TRUCKS AND BUSES,0.569060773480663,S12_1666,BAANE MINI IMPORTS,07-98 9555,ERLING SKAKKES GATE 78,STAVERN,4110,NORWAY,EMEA,BERGULFSEN,JONAS,MEDIUM,2003,1,1
10103,0.4098360655737705,1.0,0.1176470588235294,0.36646809818615544,2003-01-29,SHIPPED,1,1,2003,TRUCKS AND BUSES,0.34806629834254144,S32_1268,BAANE MINI IMPORTS,07-98 9555,ERLING SKAKKES GATE 78,STAVERN,4110,NORWAY,EMEA,BERGULFSEN,JONAS,MEDIUM,2003,1,1
10103,0.5901639344262295,1.0,0.1764705882352941,0.656997283743556,2003-01-29,SHIPPED,1,1,2003,CLASSIC CARS,0.6298342541436464,S10_4962,BAANE MINI IMPORTS,07-98 9555,ERLING SKAKKES GATE 78,STAVERN,4110,NORWAY,EMEA,BERGULFSEN,JONAS,MEDIUM,2003,1,1
10103,0.34426229508196726,0.7684628008752734,0.6470588235294117,0.23530999736058722,2003-01-29,SHIPPED,1,1,2003,VINTAGE CARS,0.37569060773480667,S18_2949,BAANE MINI IMPORTS,07-98 9555,ERLING SKAKKES GATE 78,STAVERN,4110,NORWAY,EMEA,BERGULFSEN,JONAS,SMALL,2003,1,1
10103,0.3114754098360656,1.0,0.8235294117647058,0.31951862456524865,2003-01-29,SHIPPED,1,1,2003,VINTAGE CARS,0.35359116022099446,S24_4258,BAANE MINI IMPORTS,07-98 9555,ERLING SKAKKES GATE 78,STAVERN,4110,NORWAY,EMEA,BERGULFSEN,JONAS,SMALL,2003,1,1
10103,0.5901639344262295,1.0,0.2941176470588235,0.5317167208470176,2003-01-29,SHIPPED,1,1,2003,CLASSIC CARS,0.37569060773480667,S700_2824,BAANE MINI IMPORTS,07-98 9555,ERLING SKAKKES GATE 78,STAVERN,4110,NORWAY,EMEA,BERGULFSEN,JONAS,MEDIUM,2003,1,1
10104,0.3278688524590164,1.0,0.23529411764705882,0.326016257446318,2003-01-31,SHIPPED,1,1,2003,CLASSIC CARS,0.4696132596685083,S24_4048,EURO SHOPPING CHANNEL,(91) 555 94 44,"C/ MORALZARZAL, 86",MADRID,28034,SPAIN,EMEA,FREYRE,DIEGO,SMALL,2003,1,1
10104,0.7049180327868853,0.5332330415754925,0.1764705882352941,0.366911786815632,2003-01-31,SHIPPED,1,1,2003,TRAINS,0.16022099447513816,S32_3207,EURO SHOPPING CHANNEL,(91) 555 94 44,"C/ MORALZARZAL, 86",MADRID,28034,SPAIN,EMEA,FREYRE,DIEGO,MEDIUM,2003,1,1
10104,0.29508196721311475,1.0,0.4117647058823529,0.39768800804519744,2003-01-31,SHIPPED,1,1,2003,CLASSIC CARS,0.718232044198895,S18_2238,EURO SHOPPING CHANNEL,(91) 555 94 44,"C/ MORALZARZAL, 86",MADRID,28034,SPAIN,EMEA,FREYRE,DIEGO,MEDIUM,2003,1,1
10104,0.47540983606557385,0.28364332603938724,0.5882352941176471,0.15830730115031624,2003-01-31,SHIPPED,1,1,2003,TRUCKS AND BUSES,0.11602209944751385,S32_2509,EURO SHOPPING CHANNEL,(91) 555 94 44,"C/ MORALZARZAL, 86",MADRID,28034,SPAIN,EMEA,FREYRE,DIEGO,SMALL,2003,1,1
10104,0.5245901639344263,1.0,0.1176470588235294,0.6503472999475459,2003-01-31,SHIPPED,1,1,2003,CLASSIC CARS,0.6077348066298343,S18_4027,EURO SHOPPING CHANNEL,(91) 555 94 44,"C/ MORALZARZAL, 86",MADRID,28034,SPAIN,EMEA,FREYRE,DIEGO,MEDIUM,2003,1,1
10104,0.27868852459016397,1.0,0.7058823529411764,0.5445689905749577,2003-01-31,SHIPPED,1,1,2003,CLASSIC CARS,0.7513812154696132,S18_3232,EURO SHOPPING CHANNEL,(91) 555 94 44,"C/ MORALZARZAL, 86",MADRID,28034,SPAIN,EMEA,FREYRE,DIEGO,MEDIUM,2003,1,1
10104,0.3770491803278689,1.0,0.6470588235294117,0.4397435426265165,2003-01-31,SHIPPED,1,1,2003,TRUCKS AND BUSES,0.4917127071823204,S18_2319,EURO SHOPPING CHANNEL,(91) 555 94 44,"C/ MORALZARZAL, 86",MADRID,28034,SPAIN,EMEA,FREYRE,DIEGO,MEDIUM,2003,1,1
10104,0.4426229508196722,1.0,0.3529411764705882,0.4307401381181321,2003-01-31,SHIPPED,1,1,2003,TRUCKS AND BUSES,0.4530386740331491,S50_1392,EURO SHOPPING CHANNEL,(91) 555 94 44,"C/ MORALZARZAL, 86",MADRID,28034,SPAIN,EMEA,FREYRE,DIEGO,MEDIUM,2003,1,1
10104,0.5737704918032788,1.0,0.47058823529411764,0.5524257539866827,2003-01-31,SHIPPED,1,1,2003,TRUCKS AND BUSES,0.4696132596685083,S12_4473,EURO SHOPPING CHANNEL,(91) 555 94 44,"C/ MORALZARZAL, 86",MADRID,28034,SPAIN,EMEA,FREYRE,DIEGO,MEDIUM,2003,1,1
10104,0.42622950819672134,0.3614606126914661,0.058823529411764705,0.16354870718889175,2003-01-31,SHIPPED,1,1,2003,TRAINS,0.13812154696132595,S50_1514,EURO SHOPPING CHANNEL,(91) 555 94 44,"C/ MORALZARZAL, 86",MADRID,28034,SPAIN,EMEA,FREYRE,DIEGO,SMALL,2003,1,1
10104,0.47540983606557385,0.39127461706783373,0.2941176470588235,0.19511875686999058,2003-01-31,SHIPPED,1,1,2003,CLASSIC CARS,0.13259668508287292,S24_1444,EURO SHOPPING CHANNEL,(91) 555 94 44,"C/ MORALZARZAL, 86",MADRID,28034,SPAIN,EMEA,FREYRE,DIEGO,SMALL,2003,1,1
10104,0.459016393442623,1.0,0.0,0.7318684035561911,2003-01-31,SHIPPED,1,1,2003,CLASSIC CARS,0.6519337016574586,S12_3148,EURO SHOPPING CHANNEL,(91) 555 94 44,"C/ MORALZARZAL, 86",MADRID,28034,SPAIN,EMEA,FREYRE,DIEGO,MEDIUM,2003,1,1
10104,0.6229508196721312,0.17396061269146612,0.5294117647058824,0.16842393646699566,2003-01-31,SHIPPED,1,1,2003,CLASSIC CARS,0.011049723756906105,S24_2840,EURO SHOPPING CHANNEL,(91) 555 94 44,"C/ MORALZARZAL, 86",MADRID,28034,SPAIN,EMEA,FREYRE,DIEGO,SMALL,2003,1,1
10105,0.5737704918032788,0.7606673960612691,0.5294117647058824,0.3876087922514859,2003-02-11,SHIPPED,1,2,2003,VINTAGE CARS,0.2983425414364641,S18_4522,DANISH WHOLESALE IMPORTS,31 12 3555,VINB'LTET 34,KOBENHAVN,1734,DENMARK,EMEA,PETERSEN,JYTTE,MEDIUM,2003,2,1
10105,0.5409836065573771,0.7420678336980306,0.2941176470588235,0.35846967515176625,2003-02-11,SHIPPED,1,2,2003,SHIPS,0.37016574585635353,S700_3505,DANISH WHOLESALE IMPORTS,31 12 3555,VINB'LTET 34,KOBENHAVN,1734,DENMARK,EMEA,PETERSEN,JYTTE,MEDIUM,2003,2,1
10105,0.26229508196721313,1.0,0.5882352941176471,0.34518307167509166,2003-02-11,SHIPPED,1,2,2003,VINTAGE CARS,0.569060773480663,S18_3140,DANISH WHOLESALE IMPORTS,31 12 3555,VINB'LTET 34,KOBENHAVN,1734,DENMARK,EMEA,PETERSEN,JYTTE,MEDIUM,2003,2,1
10105,0.4098360655737705,0.5318654266958424,0.1176470588235294,0.2080445292323318,2003-02-11,SHIPPED,1,2,2003,SHIPS,0.2154696132596685,S700_2610,DANISH WHOLESALE IMPORTS,31 12 3555,VINB'LTET 34,KOBENHAVN,1734,DENMARK,EMEA,PETERSEN,JYTTE,SMALL,2003,2,1
10105,0.7213114754098361,1.0,0.058823529411764705,0.898853024800457,2003-02-11,SHIPPED,1,2,2003,CLASSIC CARS,0.569060773480663,S10_4757,DANISH WHOLESALE IMPORTS,31 12 3555,VINB'LTET 34,KOBENHAVN,1734,DENMARK,EMEA,PETERSEN,JYTTE,LARGE,2003,2,1
10105,0.5737704918032788,1.0,0.8235294117647058,1.0,2003-02-11,SHIPPED,1,2,2003,CLASSIC CARS,0.9613259668508286,S12_1108,DANISH WHOLESALE IMPORTS,31 12 3555,VINB'LTET 34,KOBENHAVN,1734,DENMARK,EMEA,PETERSEN,JYTTE,LARGE,2003,2,1
10105,0.5245901639344263,1.0,0.7058823529411764,0.5142471492671454,2003-02-11,SHIPPED,1,2,2003,TRAINS,0.37016574585635353,S18_3259,DANISH WHOLESALE IMPORTS,31 12 3555,VINB'LTET 34,KOBENHAVN,1734,DENMARK,EMEA,PETERSEN,JYTTE,MEDIUM,2003,2,1
10105,0.26229508196721313,1.0,0.3529411764705882,0.2771784343270667,2003-02-11,SHIPPED,1,2,2003,SHIPS,0.3646408839779005,S700_3962,DANISH WHOLESALE IMPORTS,31 12 3555,VINB'LTET 34,KOBENHAVN,1734,DENMARK,EMEA,PETERSEN,JYTTE,SMALL,2003,2,1
10105,0.3114754098360656,0.40891684901531733,0.4117647058823529,0.1252712080157964,2003-02-11,SHIPPED,1,2,2003,SHIPS,0.11602209944751385,S72_3212,DANISH WHOLESALE IMPORTS,31 12 3555,VINB'LTET 34,KOBENHAVN,1734,DENMARK,EMEA,PETERSEN,JYTTE,SMALL,2003,2,1
10105,0.5737704918032788,0.5988785557986871,0.23529411764705882,0.3227888235903364,2003-02-11,SHIPPED,1,2,2003,SHIPS,0.18232044198895025,S700_1138,DANISH WHOLESALE IMPORTS,31 12 3555,VINB'LTET 34,KOBENHAVN,1734,DENMARK,EMEA,PETERSEN,JYTTE,SMALL,2003,2,1
10105,0.6065573770491803,1.0,0.47058823529411764,0.7830142093956414,2003-02-11,SHIPPED,1,2,2003,SHIPS,0.4917127071823204,S24_2011,DANISH WHOLESALE IMPORTS,31 12 3555,VINB'LTET 34,KOBENHAVN,1734,DENMARK,EMEA,PETERSEN,JYTTE,MEDIUM,2003,2,1
10105,0.3770491803278689,1.0,0.7647058823529411,0.5457797794252762,2003-02-11,SHIPPED,1,2,2003,CLASSIC CARS,0.7734806629834254,S12_3891,DANISH WHOLESALE IMPORTS,31 12 3555,VINB'LTET 34,KOBENHAVN,1734,DENMARK,EMEA,PETERSEN,JYTTE,MEDIUM,2003,2,1
10105,0.3770491803278689,0.5917669584245078,0.6470588235294117,0.20744047121870707,2003-02-11,SHIPPED,1,2,2003,SHIPS,0.2928176795580111,S700_1938,DANISH WHOLESALE IMPORTS,31 12 3555,VINB'LTET 34,KOBENHAVN,1734,DENMARK,EMEA,PETERSEN,JYTTE,SMALL,2003,2,1
10105,0.6229508196721312,0.625,0.1764705882352941,0.3623532870712207,2003-02-11,SHIPPED,1,2,2003,VINTAGE CARS,0.30386740331491713,S24_3151,DANISH WHOLESALE IMPORTS,31 12 3555,VINB'LTET 34,KOBENHAVN,1734,DENMARK,EMEA,PETERSEN,JYTTE,MEDIUM,2003,2,1
10105,0.7213114754098361,0.7219638949671772,0.0,0.46792712547902005,2003-02-11,SHIPPED,1,2,2003,VINTAGE CARS,0.27624309392265195,S24_3816,DANISH WHOLESALE IMPORTS,31 12 3555,VINB'LTET 34,KOBENHAVN,1734,DENMARK,EMEA,PETERSEN,JYTTE,MEDIUM,2003,2,1
10106,0.6885245901639344,0.3522975929978118,0.8235294117647058,0.27324136594622944,2003-02-17,SHIPPED,1,2,2003,PLANES,0.08839779005524862,S72_1253,ROVELLI GIFTS,035-640555,VIA LUDOVICO IL MORO 22,BERGAMO,24100,ITALY,EMEA,ROVELLI,GIOVANNI,SMALL,2003,2,1
10106,0.459016393442623,0.8685722100656454,0.058823529411764705,0.34628160195650654,2003-02-17,SHIPPED,1,2,2003,PLANES,0.281767955801105,S18_2581,ROVELLI GIFTS,035-640555,VIA LUDOVICO IL MORO 22,BERGAMO,24100,ITALY,EMEA,ROVELLI,GIOVANNI,MEDIUM,2003,2,1
10106,0.4098360655737705,0.3517505470459519,0.7647058823529411,0.1534828555105259,2003-02-17,SHIPPED,1,2,2003,VINTAGE CARS,0.17679558011049723,S24_3420,ROVELLI GIFTS,035-640555,VIA LUDOVICO IL MORO 22,BERGAMO,24100,ITALY,EMEA,ROVELLI,GIOVANNI,SMALL,2003,2,1
10106,0.7213114754098361,0.5190098468271335,0.5882352941176471,0.3687653896140778,2003-02-17,SHIPPED,1,2,2003,PLANES,0.19337016574585636,S24_3949,ROVELLI GIFTS,035-640555,VIA LUDOVICO IL MORO 22,BERGAMO,24100,ITALY,EMEA,ROVELLI,GIOVANNI,MEDIUM,2003,2,1
10106,0.36065573770491804,0.8445021881838073,0.1764705882352941,0.26721682274839714,2003-02-17,SHIPPED,1,2,2003,PLANES,0.419889502762431,S24_1785,ROVELLI GIFTS,035-640555,VIA LUDOVICO IL MORO 22,BERGAMO,24100,ITALY,EMEA,ROVELLI,GIOVANNI,SMALL,2003,2,1
10106,0.5737704918032788,1.0,0.9411764705882353,0.5736853886785896,2003-02-17,SHIPPED,1,2,2003,VINTAGE CARS,0.39779005524861877,S18_3856,ROVELLI GIFTS,035-640555,VIA LUDOVICO IL MORO 22,BERGAMO,24100,ITALY,EMEA,ROVELLI,GIOVANNI,MEDIUM,2003,2,1
10106,0.5409836065573771,0.18148249452954046,0.2941176470588235,0.14482959082419838,2003-02-17,SHIPPED,1,2,2003,VINTAGE CARS,0.05524861878453041,S50_1341,ROVELLI GIFTS,035-640555,VIA LUDOVICO IL MORO 22,BERGAMO,24100,ITALY,EMEA,ROVELLI,GIOVANNI,SMALL,2003,2,1
10106,0.4426229508196722,0.6296498905908097,0.23529411764705882,0.2571563167161696,2003-02-17,SHIPPED,1,2,2003,VINTAGE CARS,0.19337016574585636,S32_4289,ROVELLI GIFTS,035-640555,VIA LUDOVICO IL MORO 22,BERGAMO,24100,ITALY,EMEA,ROVELLI,GIOVANNI,SMALL,2003,2,1
10106,0.7049180327868853,0.6537199124726478,0.7058823529411764,0.4246033363513961,2003-02-17,SHIPPED,1,2,2003,PLANES,0.19337016574585636,S24_2841,ROVELLI GIFTS,035-640555,VIA LUDOVICO IL MORO 22,BERGAMO,24100,ITALY,EMEA,ROVELLI,GIOVANNI,MEDIUM,2003,2,1
10106,0.6885245901639344,0.47264770240700216,0.5294117647058824,0.3296913891663799,2003-02-17,SHIPPED,1,2,2003,PLANES,0.22651933701657456,S700_4002,ROVELLI GIFTS,035-640555,VIA LUDOVICO IL MORO 22,BERGAMO,24100,ITALY,EMEA,ROVELLI,GIOVANNI,SMALL,2003,2,1
10106,0.3278688524590164,0.5043763676148796,0.1176470588235294,0.15711254923841247,2003-02-17,SHIPPED,1,2,2003,PLANES,0.2154696132596685,S24_4278,ROVELLI GIFTS,035-640555,VIA LUDOVICO IL MORO 22,BERGAMO,24100,ITALY,EMEA,ROVELLI,GIOVANNI,SMALL,2003,2,1
10106,0.4918032786885246,1.0,0.6470588235294117,0.6411126962436813,2003-02-17,SHIPPED,1,2,2003,PLANES,0.6850828729281768,S18_1662,ROVELLI GIFTS,035-640555,VIA LUDOVICO IL MORO 22,BERGAMO,24100,ITALY,EMEA,ROVELLI,GIOVANNI,MEDIUM,2003,2,1
10106,0.5737704918032788,0.773522975929978,1.0,0.3927593223057108,2003-02-17,SHIPPED,1,2,2003,SHIPS,0.2928176795580111,S18_3029,ROVELLI GIFTS,035-640555,VIA LUDOVICO IL MORO 22,BERGAMO,24100,ITALY,EMEA,ROVELLI,GIOVANNI,MEDIUM,2003,2,1
10106,0.459016393442623,1.0,0.47058823529411764,0.4385207260723868,2003-02-17,SHIPPED,1,2,2003,PLANES,0.3646408839779005,S700_2466,ROVELLI GIFTS,035-640555,VIA LUDOVICO IL MORO 22,BERGAMO,24100,ITALY,EMEA,ROVELLI,GIOVANNI,MEDIUM,2003,2,1
10106,0.42622950819672134,1.0,0.0,0.4683360674085978,2003-02-17,SHIPPED,1,2,2003,PLANES,0.4696132596685083,S700_2834,ROVELLI GIFTS,035-640555,VIA LUDOVICO IL MORO 22,BERGAMO,24100,ITALY,EMEA,ROVELLI,GIOVANNI,MEDIUM,2003,2,1
10106,0.3934426229508197,1.0,0.8823529411764706,0.3601856275621515,2003-02-17,SHIPPED,1,2,2003,SHIPS,0.3149171270718232,S700_2047,ROVELLI GIFTS,035-640555,VIA LUDOVICO IL MORO 22,BERGAMO,24100,ITALY,EMEA,ROVELLI,GIOVANNI,MEDIUM,2003,2,1
10106,0.4098360655737705,1.0,0.3529411764705882,0.3783167228516349,2003-02-17,SHIPPED,1,2,2003,PLANES,0.3204419889502762,S700_1691,ROVELLI GIFTS,035-640555,VIA LUDOVICO IL MORO 22,BERGAMO,24100,ITALY,EMEA,ROVELLI,GIOVANNI,MEDIUM,2003,2,1
10106,0.6229508196721312,0.6498905908096282,0.4117647058823529,0.3730552706400409,2003-02-17,SHIPPED,1,2,2003,PLANES,0.2596685082872928,S700_3167,ROVELLI GIFTS,035-640555,VIA LUDOVICO IL MORO 22,BERGAMO,24100,ITALY,EMEA,ROVELLI,GIOVANNI,MEDIUM,2003,2,1
10107,0.34426229508196726,1.0,0.1764705882352941,0.7461746890337411,2003-02-24,SHIPPED,1,2,2003,MOTORCYCLES,0.8839779005524863,S10_4698,LAND OF TOYS INC.,2125557818,897 LONG AIRPORT AVENUE,NYC,10022,USA,DESCONOCIDO,YU,KWAI,MEDIUM,2003,2,1
10107,0.2295081967213115,0.9028993435448578,0.4117647058823529,0.1838728538066012,2003-02-24,SHIPPED,1,2,2003,MOTORCYCLES,0.3646408839779005,S32_1374,LAND OF TOYS INC.,2125557818,897 LONG AIRPORT AVENUE,NYC,10022,USA,DESCONOCIDO,YU,KWAI,SMALL,2003,2,1
10107,0.3114754098360656,1.0,0.1176470588235294,0.31587690313355093,2003-02-24,SHIPPED,1,2,2003,MOTORCYCLES,0.43646408839779005,S24_1578,LAND OF TOYS INC.,2125557818,897 LONG AIRPORT AVENUE,NYC,10022,USA,DESCONOCIDO,YU,KWAI,SMALL,2003,2,1
10107,0.2459016393442623,1.0,0.0,0.3413823172707804,2003-02-24,SHIPPED,1,2,2003,MOTORCYCLES,0.6464088397790055,S12_2823,LAND OF TOYS INC.,2125557818,897 LONG AIRPORT AVENUE,NYC,10022,USA,DESCONOCIDO,YU,KWAI,MEDIUM,2003,2,1
10107,0.5409836065573771,0.9987691466083151,0.23529411764705882,0.4562990087167442,2003-02-24,SHIPPED,1,2,2003,MOTORCYCLES,0.4696132596685083,S10_2016,LAND OF TOYS INC.,2125557818,897 LONG AIRPORT AVENUE,NYC,10022,USA,DESCONOCIDO,YU,KWAI,MEDIUM,2003,2,1
10107,0.5245901639344263,0.7679157549234137,0.3529411764705882,0.3572241396015489,2003-02-24,SHIPPED,1,2,2003,MOTORCYCLES,0.23756906077348067,S24_2000,LAND OF TOYS INC.,2125557818,897 LONG AIRPORT AVENUE,NYC,10022,USA,DESCONOCIDO,YU,KWAI,MEDIUM,2003,2,1
10107,0.3770491803278689,0.601613785557987,0.2941176470588235,0.210230898502885,2003-02-24,SHIPPED,1,2,2003,MOTORCYCLES,0.14917127071823205,S18_2625,LAND OF TOYS INC.,2125557818,897 LONG AIRPORT AVENUE,NYC,10022,USA,DESCONOCIDO,YU,KWAI,SMALL,2003,2,1
10107,0.3934426229508197,0.9411925601750548,0.058823529411764705,0.319251342258335,2003-02-24,SHIPPED,1,2,2003,MOTORCYCLES,0.3425414364640884,S10_1678,LAND OF TOYS INC.,2125557818,897 LONG AIRPORT AVENUE,NYC,10022,USA,DESCONOCIDO,YU,KWAI,SMALL,2003,2,1
10108,0.639344262295082,1.0,0.1764705882352941,0.7548346357777415,2003-03-03,SHIPPED,1,3,2003,CLASSIC CARS,0.4640883977900553,S12_3380,CRUZ & SONS CO.,+63 2 555 3587,15 MCCALLUM STREET - NATWEST CENTER #13-03,MAKATI CITY,1227 MM,PHILIPPINES,JAPAN,CRUZ,ARNOLD,MEDIUM,2003,3,1
10108,0.5409836065573771,0.8547592997811815,0.3529411764705882,0.40141659622664205,2003-03-03,SHIPPED,1,3,2003,CLASSIC CARS,0.2541436464088398,S12_3990,CRUZ & SONS CO.,+63 2 555 3587,15 MCCALLUM STREET - NATWEST CENTER #13-03,MAKATI CITY,1227 MM,PHILIPPINES,JAPAN,CRUZ,ARNOLD,MEDIUM,2003,3,1
10108,0.4918032786885246,1.0,0.1176470588235294,0.43418807987731745,2003-03-03,SHIPPED,1,3,2003,CLASSIC CARS,0.4530386740331491,S12_4675,CRUZ & SONS CO.,+63 2 555 3587,15 MCCALLUM STREET - NATWEST CENTER #13-03,MAKATI CITY,1227 MM,PHILIPPINES,JAPAN,CRUZ,ARNOLD,MEDIUM,2003,3,1
10108,0.4098360655737705,1.0,0.8823529411764706,0.42600122281655417,2003-03-03,SHIPPED,1,3,2003,MOTORCYCLES,0.3812154696132597,S32_4485,CRUZ & SONS CO.,+63 2 555 3587,15 MCCALLUM STREET - NATWEST CENTER #13-03,MAKATI CITY,1227 MM,PHILIPPINES,JAPAN,CRUZ,ARNOLD,MEDIUM,2003,3,1
10108,0.5245901639344263,0.7591630196936543,0.058823529411764705,0.35397398674947966,2003-03-03,SHIPPED,1,3,2003,CLASSIC CARS,0.2430939226519337,S18_1889,CRUZ & SONS CO.,+63 2 555 3587,15 MCCALLUM STREET - NATWEST CENTER #13-03,MAKATI CITY,1227 MM,PHILIPPINES,JAPAN,CRUZ,ARNOLD,MEDIUM,2003,3,1
10108,0.4426229508196722,1.0,0.2941176470588235,0.6392083098069219,2003-03-03,SHIPPED,1,3,2003,CLASSIC CARS,0.8895027624309392,S12_1099,CRUZ & SONS CO.,+63 2 555 3587,15 MCCALLUM STREET - NATWEST CENTER #13-03,MAKATI CITY,1227 MM,PHILIPPINES,JAPAN,CRUZ,ARNOLD,MEDIUM,2003,3,1
10108,0.4098360655737705,0.5720733041575491,0.5294117647058824,0.22022458395838418,2003-03-03,SHIPPED,1,3,2003,CLASSIC CARS,0.2596685082872928,S24_4620,CRUZ & SONS CO.,+63 2 555 3587,15 MCCALLUM STREET - NATWEST CENTER #13-03,MAKATI CITY,1227 MM,PHILIPPINES,JAPAN,CRUZ,ARNOLD,SMALL,2003,3,1
10108,0.47540983606557385,0.4375,0.8235294117647058,0.21092850532392943,2003-03-03,SHIPPED,1,3,2003,MOTORCYCLES,0.19889502762430938,S24_2360,CRUZ & SONS CO.,+63 2 555 3587,15 MCCALLUM STREET - NATWEST CENTER #13-03,MAKATI CITY,1227 MM,PHILIPPINES,JAPAN,CRUZ,ARNOLD,SMALL,2003,3,1
10108,0.6229508196721312,1.0,0.5882352941176471,0.6792966466093568,2003-03-03,SHIPPED,1,3,2003,CLASSIC CARS,0.6353591160220994,S18_4721,CRUZ & SONS CO.,+63 2 555 3587,15 MCCALLUM STREET - NATWEST CENTER #13-03,MAKATI CITY,1227 MM,PHILIPPINES,JAPAN,CRUZ,ARNOLD,MEDIUM,2003,3,1
10108,0.459016393442623,0.7673687089715535,0.7647058823529411,0.3126574877467767,2003-03-03,SHIPPED,1,3,2003,MOTORCYCLES,0.26519337016574585,S50_4713,CRUZ & SONS CO.,+63 2 555 3587,15 MCCALLUM STREET - NATWEST CENTER #13-03,MAKATI CITY,1227 MM,PHILIPPINES,JAPAN,CRUZ,ARNOLD,SMALL,2003,3,1
10108,0.3934426229508197,0.4949398249452954,0.23529411764705882,0.18843001713947793,2003-03-03,SHIPPED,1,3,2003,CLASSIC CARS,0.15469613259668508,S24_3371,CRUZ & SONS CO.,+63 2 555 3587,15 MCCALLUM STREET - NATWEST CENTER #13-03,MAKATI CITY,1227 MM,PHILIPPINES,JAPAN,CRUZ,ARNOLD,SMALL,2003,3,1
10108,0.3278688524590164,0.5671498905908096,0.47058823529411764,0.17306128449194644,2003-03-03,SHIPPED,1,3,2003,CLASSIC CARS,0.2596685082872928,S18_3278,CRUZ & SONS CO.,+63 2 555 3587,15 MCCALLUM STREET - NATWEST CENTER #13-03,MAKATI CITY,1227 MM,PHILIPPINES,JAPAN,CRUZ,ARNOLD,SMALL,2003,3,1
10108,0.34426229508196726,0.22661378555798695,0.7058823529411764,0.09234870986171484,2003-03-03,SHIPPED,1,3,2003,MOTORCYCLES,0.03867403314917128,S32_2206,CRUZ & SONS CO.,+63 2 555 3587,15 MCCALLUM STREET - NATWEST CENTER #13-03,MAKATI CITY,1227 MM,PHILIPPINES,JAPAN,CRUZ,ARNOLD,SMALL,2003,3,1
10108,0.3770491803278689,1.0,0.4117647058823529,0.4767554600763759,2003-03-03,SHIPPED,1,3,2003,CLASSIC CARS,0.6243093922651933,S18_3482,CRUZ & SONS CO.,+63 2 555 3587,15 MCCALLUM STREET - NATWEST CENTER #13-03,MAKATI CITY,1227 MM,PHILIPPINES,JAPAN,CRUZ,ARNOLD,MEDIUM,2003,3,1
10108,0.5573770491803279,1.0,0.0,0.6637515076392625,2003-03-03,SHIPPED,1,3,2003,CLASSIC CARS,0.5911602209944752,S24_3856,CRUZ & SONS CO.,+63 2 555 3587,15 MCCALLUM STREET - NATWEST CENTER #13-03,MAKATI CITY,1227 MM,PHILIPPINES,JAPAN,CRUZ,ARNOLD,MEDIUM,2003,3,1
10108,0.6065573770491803,0.5592177242888402,0.6470588235294117,0.32501261238385754,2003-03-03,SHIPPED,1,3,2003,MOTORCYCLES,0.16022099447513816,S18_3782,CRUZ & SONS CO.,+63 2 555 3587,15 MCCALLUM STREET - NATWEST CENTER #13-03,MAKATI CITY,1227 MM,PHILIPPINES,JAPAN,CRUZ,ARNOLD,SMALL,2003,3,1
10109,0.3278688524590164,1.0,0.1764705882352941,0.5208062570788049,2003-03-10,SHIPPED,1,3,2003,CLASSIC CARS,0.5966850828729282,S18_1129,MOTOR MINT DISTRIBUTORS INC.,2155559857,11328 DOUGLAS AV.,PHILADELPHIA,71270,USA,DESCONOCIDO,HERNANDEZ,ROSA,MEDIUM,2003,3,1
10109,0.5245901639344263,1.0,0.1176470588235294,0.5279587316118125,2003-03-10,SHIPPED,1,3,2003,CLASSIC CARS,0.6022099447513812,S18_1984,MOTOR MINT DISTRIBUTORS INC.,2155559857,11328 DOUGLAS AV.,PHILADELPHIA,71270,USA,DESCONOCIDO,HERNANDEZ,ROSA,MEDIUM,2003,3,1
10109,0.3770491803278689,0.07138949671772432,0.2941176470588235,0.0599741404368061,2003-03-10,SHIPPED,1,3,2003,CLASSIC CARS,0.022099447513812154,S24_2972,MOTOR MINT DISTRIBUTORS INC.,2155559857,11328 DOUGLAS AV.,PHILADELPHIA,71270,USA,DESCONOCIDO,HERNANDEZ,ROSA,SMALL,2003,3,1
10109,0.6557377049180328,1.0,0.23529411764705882,1.0,2003-03-10,SHIPPED,1,3,2003,CLASSIC CARS,0.7513812154696132,S18_3232,MOTOR MINT DISTRIBUTORS INC.,2155559857,11328 DOUGLAS AV.,PHILADELPHIA,71270,USA,DESCONOCIDO,HERNANDEZ,ROSA,LARGE,2003,3,1
10109,0.3278688524590164,1.0,0.0,0.3575315142544995,2003-03-10,SHIPPED,1,3,2003,CLASSIC CARS,0.5469613259668508,S18_2870,MOTOR MINT DISTRIBUTORS INC.,2155559857,11328 DOUGLAS AV.,PHILADELPHIA,71270,USA,DESCONOCIDO,HERNANDEZ,ROSA,MEDIUM,2003,3,1
10109,0.6721311475409837,1.0,0.058823529411764705,0.76970221409981,2003-03-10,SHIPPED,1,3,2003,CLASSIC CARS,0.5966850828729282,S18_3685,MOTOR MINT DISTRIBUTORS INC.,2155559857,11328 DOUGLAS AV.,PHILADELPHIA,71270,USA,DESCONOCIDO,HERNANDEZ,ROSA,MEDIUM,2003,3,1
10110,0.3770491803278689,0.44433807439824946,0.8235294117647058,0.16566157382504368,2003-03-18,SHIPPED,1,3,2003,CLASSIC CARS,0.09392265193370164,S24_1628,"AV STORES, CO.",(171) 555-1555,FAUNTLEROY CIRCUS,MANCHESTER,EC2 5NT,UK,EMEA,ASHWORTH,VICTORIA,SMALL,2003,3,1
10110,0.5081967213114754,1.0,0.8823529411764706,0.6616506687069216,2003-03-18,SHIPPED,1,3,2003,CLASSIC CARS,0.5027624309392266,S18_1589,"AV STORES, CO.",(171) 555-1555,FAUNTLEROY CIRCUS,MANCHESTER,EC2 5NT,UK,EMEA,ASHWORTH,VICTORIA,MEDIUM,2003,3,1
10110,0.34426229508196726,0.6392231947483589,0.6470588235294117,0.20121145705608584,2003-03-18,SHIPPED,1,3,2003,CLASSIC CARS,0.287292817679558,S24_3191,"AV STORES, CO.",(171) 555-1555,FAUNTLEROY CIRCUS,MANCHESTER,EC2 5NT,UK,EMEA,ASHWORTH,VICTORIA,SMALL,2003,3,1
10110,0.2295081967213115,0.11802516411378555,0.1176470588235294,0.03047953786889135,2003-03-18,SHIPPED,1,3,2003,VINTAGE CARS,0.0,S24_1937,"AV STORES, CO.",(171) 555-1555,FAUNTLEROY CIRCUS,MANCHESTER,EC2 5NT,UK,EMEA,ASHWORTH,VICTORIA,SMALL,2003,3,1
10110,0.6557377049180328,1.0,0.5294117647058824,0.7297007440471218,2003-03-18,SHIPPED,1,3,2003,CLASSIC CARS,0.4640883977900553,S24_2887,"AV STORES, CO.",(171) 555-1555,FAUNTLEROY CIRCUS,MANCHESTER,EC2 5NT,UK,EMEA,ASHWORTH,VICTORIA,MEDIUM,2003,3,1
10110,0.5901639344262295,1.0,0.3529411764705882,0.746635751013167,2003-03-18,SHIPPED,1,3,2003,VINTAGE CARS,0.7569060773480663,S18_1749,"AV STORES, CO.",(171) 555-1555,FAUNTLEROY CIRCUS,MANCHESTER,EC2 5NT,UK,EMEA,ASHWORTH,VICTORIA,MEDIUM,2003,3,1
10110,0.5409836065573771,0.2389223194748359,0.058823529411764705,0.1667200117604215,2003-03-18,SHIPPED,1,3,2003,VINTAGE CARS,0.06077348066298344,S24_2022,"AV STORES, CO.",(171) 555-1555,FAUNTLEROY CIRCUS,MANCHESTER,EC2 5NT,UK,EMEA,ASHWORTH,VICTORIA,SMALL,2003,3,1
10110,0.5901639344262295,0.4705962800875273,0.47058823529411764,0.279583975089289,2003-03-18,SHIPPED,1,3,2003,CLASSIC CARS,0.2099447513812155,S18_4933,"AV STORES, CO.",(171) 555-1555,FAUNTLEROY CIRCUS,MANCHESTER,EC2 5NT,UK,EMEA,ASHWORTH,VICTORIA,SMALL,2003,3,1
10110,0.6065573770491803,0.7011761487964989,0.5882352941176471,0.3846620048177636,2003-03-18,SHIPPED,1,3,2003,CLASSIC CARS,0.3149171270718232,S24_2766,"AV STORES, CO.",(171) 555-1555,FAUNTLEROY CIRCUS,MANCHESTER,EC2 5NT,UK,EMEA,ASHWORTH,VICTORIA,MEDIUM,2003,3,1
10110,0.5081967213114754,1.0,0.7647058823529411,0.43330337544143344,2003-03-18,SHIPPED,1,3,2003,CLASSIC CARS,0.4088397790055248,S24_3432,"AV STORES, CO.",(171) 555-1555,FAUNTLEROY CIRCUS,MANCHESTER,EC2 5NT,UK,EMEA,ASHWORTH,VICTORIA,MEDIUM,2003,3,1
10110,0.36065573770491804,0.8532549234135667,0.4117647058823529,0.2696116722183429,2003-03-18,SHIPPED,1,3,2003,VINTAGE CARS,0.32596685082872934,S18_4409,"AV STORES, CO.",(171) 555-1555,FAUNTLEROY CIRCUS,MANCHESTER,EC2 5NT,UK,EMEA,ASHWORTH,VICTORIA,SMALL,2003,3,1
10110,0.4426229508196722,1.0,0.1764705882352941,0.4513796778579996,2003-03-18,SHIPPED,1,3,2003,VINTAGE CARS,0.5193370165745856,S18_2325,"AV STORES, CO.",(171) 555-1555,FAUNTLEROY CIRCUS,MANCHESTER,EC2 5NT,UK,EMEA,ASHWORTH,VICTORIA,MEDIUM,2003,3,1
10110,0.6885245901639344,0.10380196936542668,0.23529411764705882,0.15668489754735074,2003-03-18,SHIPPED,1,3,2003,VINTAGE CARS,0.04419889502762431,S24_3969,"AV STORES, CO.",(171) 555-1555,FAUNTLEROY CIRCUS,MANCHESTER,EC2 5NT,UK,EMEA,ASHWORTH,VICTORIA,SMALL,2003,3,1
10110,0.4098360655737705,1.0,0.0,0.6137149233735038,2003-03-18,SHIPPED,1,3,2003,VINTAGE CARS,0.7458563535911602,S18_2795,"AV STORES, CO.",(171) 555-1555,FAUNTLEROY CIRCUS,MANCHESTER,EC2 5NT,UK,EMEA,ASHWORTH,VICTORIA,MEDIUM,2003,3,1
10110,0.4918032786885246,0.7982768052516411,0.7058823529411764,0.34571229064278053,2003-03-18,SHIPPED,1,3,2003,CLASSIC CARS,0.22099447513812154,S24_1046,"AV STORES, CO.",(171) 555-1555,FAUNTLEROY CIRCUS,MANCHESTER,EC2 5NT,UK,EMEA,ASHWORTH,VICTORIA,MEDIUM,2003,3,1
10110,0.42622950819672134,0.31961159737417943,0.2941176470588235,0.15046256544240233,2003-03-18,SHIPPED,1,3,2003,VINTAGE CARS,0.14917127071823205,S18_2248,"AV STORES, CO.",(171) 555-1555,FAUNTLEROY CIRCUS,MANCHESTER,EC2 5NT,UK,EMEA,ASHWORTH,VICTORIA,SMALL,2003,3,1
10112,0.3770491803278689,1.0,0.0,0.8990013664807941,2003-03-24,SHIPPED,1,3,2003,CLASSIC CARS,0.9999999999999999,S10_1949,"VOLVO MODEL REPLICAS, CO",0921-12 3555,BERGUVSVGEN  8,LULE,S-958 22,SWEDEN,EMEA,BERGLUND,CHRISTINA,LARGE,2003,3,1
10112,0.27868852459016397,1.0,0.058823529411764705,0.27500141993725546,2003-03-24,SHIPPED,1,3,2003,VINTAGE CARS,0.37569060773480667,S18_2949,"VOLVO MODEL REPLICAS, CO",0921-12 3555,BERGUVSVGEN  8,LULE,S-958 22,SWEDEN,EMEA,BERGLUND,CHRISTINA,SMALL,2003,3,1
10111,0.5409836065573771,1.0,0.1764705882352941,0.4940339248068051,2003-03-25,SHIPPED,1,3,2003,VINTAGE CARS,0.3646408839779005,S18_3320,MINI WHEELS CO.,6505555787,5557 NORTH PENDALE STREET,SAN FRANCISCO,28034,USA,DESCONOCIDO,MURPHY,JULIE,MEDIUM,2003,3,1
10111,0.4426229508196722,0.9953501094091903,0.2941176470588235,0.3750839433495151,2003-03-25,SHIPPED,1,3,2003,VINTAGE CARS,0.3812154696132597,S18_1342,MINI WHEELS CO.,6505555787,5557 NORTH PENDALE STREET,SAN FRANCISCO,28034,USA,DESCONOCIDO,MURPHY,JULIE,MEDIUM,2003,3,1
10111,0.6065573770491803,1.0,0.0,0.5794707142117344,2003-03-25,SHIPPED,1,3,2003,VINTAGE CARS,0.39226519337016574,S18_3136,MINI WHEELS CO.,6505555787,5557 NORTH PENDALE STREET,SAN FRANCISCO,28034,USA,DESCONOCIDO,MURPHY,JULIE,MEDIUM,2003,3,1
10111,0.6885245901639344,0.3033369803063458,0.23529411764705882,0.2502764701362138,2003-03-25,SHIPPED,1,3,2003,VINTAGE CARS,0.11049723756906077,S18_1367,MINI WHEELS CO.,6505555787,5557 NORTH PENDALE STREET,SAN FRANCISCO,28034,USA,DESCONOCIDO,MURPHY,JULIE,SMALL,2003,3,1
10111,0.36065573770491804,0.512171772428884,0.058823529411764705,0.17628738193639348,2003-03-25,SHIPPED,1,3,2003,VINTAGE CARS,0.16022099447513816,S18_2957,MINI WHEELS CO.,6505555787,5557 NORTH PENDALE STREET,SAN FRANCISCO,28034,USA,DESCONOCIDO,MURPHY,JULIE,SMALL,2003,3,1
10111,0.3278688524590164,0.8178336980306347,0.1176470588235294,0.23675198540638603,2003-03-25,SHIPPED,1,3,2003,VINTAGE CARS,0.35359116022099446,S24_4258,MINI WHEELS CO.,6505555787,5557 NORTH PENDALE STREET,SAN FRANCISCO,28034,USA,DESCONOCIDO,MURPHY,JULIE,SMALL,2003,3,1
10113,0.2459016393442623,1.0,0.058823529411764705,0.3920109318463528,2003-03-26,SHIPPED,1,3,2003,TRUCKS AND BUSES,0.569060773480663,S12_1666,MINI GIFTS DISTRIBUTORS LTD.,4155551450,5677 STRONG ST.,SAN RAFAEL,97562,USA,DESCONOCIDO,NELSON,VALARIE,MEDIUM,2003,3,1
10113,0.27868852459016397,0.5694748358862144,0.0,0.1461807028856466,2003-03-26,SHIPPED,1,3,2003,TRUCKS AND BUSES,0.1712707182320442,S32_3522,MINI GIFTS DISTRIBUTORS LTD.,4155551450,5677 STRONG ST.,SAN RAFAEL,97562,USA,DESCONOCIDO,NELSON,VALARIE,SMALL,2003,3,1
10113,0.7049180327868853,1.0,0.1764705882352941,0.5926357042387633,2003-03-26,SHIPPED,1,3,2003,TRUCKS AND BUSES,0.45856353591160215,S18_1097,MINI GIFTS DISTRIBUTORS LTD.,4155551450,5677 STRONG ST.,SAN RAFAEL,97562,USA,DESCONOCIDO,NELSON,VALARIE,MEDIUM,2003,3,1
10113,0.7213114754098361,0.3135940919037199,0.1176470588235294,0.26840088336802437,2003-03-26,SHIPPED,1,3,2003,VINTAGE CARS,0.09392265193370164,S18_4668,MINI GIFTS DISTRIBUTORS LTD.,4155551450,5677 STRONG ST.,SAN RAFAEL,97562,USA,DESCONOCIDO,NELSON,VALARIE,SMALL,2003,3,1
10114,0.639344262295082,0.5715262582056893,0.2941176470588235,0.3485388010383918,2003-04-01,SHIPPED,2,4,2003,TRUCKS AND BUSES,0.14917127071823205,S18_2432,"LA CORNE D'ABONDANCE, CO.",(1) 42.34.2555,"265, BOULEVARD CHARONNE",PARIS,75012,FRANCE,EMEA,BERTRAND,MARIE,MEDIUM,2003,4,2
10114,0.5737704918032788,1.0,0.47058823529411764,0.579109883097401,2003-04-01,SHIPPED,2,4,2003,TRUCKS AND BUSES,0.4861878453038674,S18_4600,"LA CORNE D'ABONDANCE, CO.",(1) 42.34.2555,"265, BOULEVARD CHARONNE",PARIS,75012,FRANCE,EMEA,BERTRAND,MARIE,MEDIUM,2003,4,2
10114,0.6885245901639344,1.0,0.1764705882352941,1.0,2003-04-01,SHIPPED,2,4,2003,CLASSIC CARS,0.7513812154696132,S18_3232,"LA CORNE D'ABONDANCE, CO.",(1) 42.34.2555,"265, BOULEVARD CHARONNE",PARIS,75012,FRANCE,EMEA,BERTRAND,MARIE,LARGE,2003,4,2
10114,0.2459016393442623,1.0,0.23529411764705882,0.32647999224881313,2003-04-01,SHIPPED,2,4,2003,TRUCKS AND BUSES,0.5193370165745856,S24_2300,"LA CORNE D'ABONDANCE, CO.",(1) 42.34.2555,"265, BOULEVARD CHARONNE",PARIS,75012,FRANCE,EMEA,BERTRAND,MARIE,SMALL,2003,4,2
10114,0.29508196721311475,0.043490153172866475,0.0,0.03198166443374573,2003-04-01,SHIPPED,2,4,2003,CLASSIC CARS,0.011049723756906105,S24_2840,"LA CORNE D'ABONDANCE, CO.",(1) 42.34.2555,"265, BOULEVARD CHARONNE",PARIS,75012,FRANCE,EMEA,BERTRAND,MARIE,SMALL,2003,4,2
10114,0.42622950819672134,1.0,0.3529411764705882,0.4256991938097418,2003-04-01,SHIPPED,2,4,2003,TRUCKS AND BUSES,0.34806629834254144,S32_1268,"LA CORNE D'ABONDANCE, CO.",(1) 42.34.2555,"265, BOULEVARD CHARONNE",PARIS,75012,FRANCE,EMEA,BERTRAND,MARIE,MEDIUM,2003,4,2
10114,0.36065573770491804,0.3945568927789934,0.058823529411764705,0.14410659218399716,2003-04-01,SHIPPED,2,4,2003,TRUCKS AND BUSES,0.11602209944751385,S32_2509,"LA CORNE D'ABONDANCE, CO.",(1) 42.34.2555,"265, BOULEVARD CHARONNE",PARIS,75012,FRANCE,EMEA,BERTRAND,MARIE,SMALL,2003,4,2
10114,0.5409836065573771,1.0,0.1176470588235294,0.4921054829624235,2003-04-01,SHIPPED,2,4,2003,TRUCKS AND BUSES,0.4917127071823204,S18_2319,"LA CORNE D'ABONDANCE, CO.",(1) 42.34.2555,"265, BOULEVARD CHARONNE",PARIS,75012,FRANCE,EMEA,BERTRAND,MARIE,MEDIUM,2003,4,2
10114,0.5901639344262295,1.0,0.5294117647058824,0.5714562542389304,2003-04-01,SHIPPED,2,4,2003,CLASSIC CARS,0.37569060773480667,S700_2824,"LA CORNE D'ABONDANCE, CO.",(1) 42.34.2555,"265, BOULEVARD CHARONNE",PARIS,75012,FRANCE,EMEA,BERTRAND,MARIE,MEDIUM,2003,4,2
10114,0.4098360655737705,1.0,0.4117647058823529,0.5109301758383477,2003-04-01,SHIPPED,2,4,2003,CLASSIC CARS,0.6298342541436464,S10_4962,"LA CORNE D'ABONDANCE, CO.",(1) 42.34.2555,"265, BOULEVARD CHARONNE",PARIS,75012,FRANCE,EMEA,BERTRAND,MARIE,MEDIUM,2003,4,2
10115,0.34426229508196726,1.0,0.1176470588235294,0.31563100341119044,2003-04-04,SHIPPED,2,4,2003,TRUCKS AND BUSES,0.4530386740331491,S50_1392,CLASSIC LEGENDS INC.,2125558493,5905 POMPTON ST.,NYC,10022,USA,DESCONOCIDO,HERNANDEZ,MARIA,SMALL,2003,4,2
10115,0.6229508196721312,1.0,0.0,0.6797670634695249,2003-04-04,SHIPPED,2,4,2003,CLASSIC CARS,0.4696132596685083,S24_4048,CLASSIC LEGENDS INC.,2125558493,5905 POMPTON ST.,NYC,10022,USA,DESCONOCIDO,HERNANDEZ,MARIA,MEDIUM,2003,4,2
10115,0.6721311475409837,0.5809628008752735,0.058823529411764705,0.371227059660752,2003-04-04,SHIPPED,2,4,2003,CLASSIC CARS,0.13259668508287292,S24_1444,CLASSIC LEGENDS INC.,2125558493,5905 POMPTON ST.,NYC,10022,USA,DESCONOCIDO,HERNANDEZ,MARIA,MEDIUM,2003,4,2
10115,0.6557377049180328,1.0,0.23529411764705882,0.700500152016812,2003-04-04,SHIPPED,2,4,2003,TRUCKS AND BUSES,0.4696132596685083,S12_4473,CLASSIC LEGENDS INC.,2125558493,5905 POMPTON ST.,NYC,10022,USA,DESCONOCIDO,HERNANDEZ,MARIA,MEDIUM,2003,4,2
10115,0.6557377049180328,1.0,0.1764705882352941,0.9219943269330357,2003-04-04,SHIPPED,2,4,2003,CLASSIC CARS,0.718232044198895,S18_2238,CLASSIC LEGENDS INC.,2125558493,5905 POMPTON ST.,NYC,10022,USA,DESCONOCIDO,HERNANDEZ,MARIA,LARGE,2003,4,2
10116,0.34426229508196726,0.4991794310722101,0.0,0.16426235094835104,2003-04-11,SHIPPED,2,4,2003,TRAINS,0.16022099447513816,S32_3207,ROYALE BELGE,(071) 23 67 2555,"BOULEVARD TIROU, 255",CHARLEROI,B-6000,BELGIUM,EMEA,CARTRAIN,PASCALE,SMALL,2003,4,2
10117,0.4426229508196722,1.0,0.47058823529411764,0.7420090942804928,2003-04-16,SHIPPED,2,4,2003,CLASSIC CARS,0.9613259668508286,S12_1108,"DRAGON SOUVENIERS, LTD.",+65 221 7555,"BRONZ SOK., BRONZ APT. 3/6 TESVIKIYE",SINGAPORE,79903,SINGAPORE,JAPAN,NATIVIDAD,ERIC,MEDIUM,2003,4,2
10117,0.7213114754098361,0.2297592997811816,0.058823529411764705,0.22743986983351655,2003-04-16,SHIPPED,2,4,2003,SHIPS,0.11602209944751385,S72_3212,"DRAGON SOUVENIERS, LTD.",+65 221 7555,"BRONZ SOK., BRONZ APT. 3/6 TESVIKIYE",SINGAPORE,79903,SINGAPORE,JAPAN,NATIVIDAD,ERIC,SMALL,2003,4,2
10117,0.2459016393442623,0.30538840262582057,0.5882352941176471,0.07367369507766222,2003-04-16,SHIPPED,2,4,2003,TRAINS,0.13812154696132595,S50_1514,"DRAGON SOUVENIERS, LTD.",+65 221 7555,"BRONZ SOK., BRONZ APT. 3/6 TESVIKIYE",SINGAPORE,79903,SINGAPORE,JAPAN,NATIVIDAD,ERIC,SMALL,2003,4,2
10117,0.639344262295082,0.7732494529540481,0.0,0.43724311664533977,2003-04-16,SHIPPED,2,4,2003,SHIPS,0.3646408839779005,S700_3962,"DRAGON SOUVENIERS, LTD.",+65 221 7555,"BRONZ SOK., BRONZ APT. 3/6 TESVIKIYE",SINGAPORE,79903,SINGAPORE,JAPAN,NATIVIDAD,ERIC,MEDIUM,2003,4,2
10117,0.5737704918032788,1.0,0.1176470588235294,0.6291357760708832,2003-04-16,SHIPPED,2,4,2003,SHIPS,0.4917127071823204,S24_2011,"DRAGON SOUVENIERS, LTD.",+65 221 7555,"BRONZ SOK., BRONZ APT. 3/6 TESVIKIYE",SINGAPORE,79903,SINGAPORE,JAPAN,NATIVIDAD,ERIC,MEDIUM,2003,4,2
10117,0.2459016393442623,0.9425601750547046,0.3529411764705882,0.20442686320825637,2003-04-16,SHIPPED,2,4,2003,TRAINS,0.37016574585635353,S18_3259,"DRAGON SOUVENIERS, LTD.",+65 221 7555,"BRONZ SOK., BRONZ APT. 3/6 TESVIKIYE",SINGAPORE,79903,SINGAPORE,JAPAN,NATIVIDAD,ERIC,SMALL,2003,4,2
10117,0.5409836065573771,1.0,0.4117647058823529,0.7291474696718108,2003-04-16,SHIPPED,2,4,2003,CLASSIC CARS,0.7734806629834254,S12_3891,"DRAGON SOUVENIERS, LTD.",+65 221 7555,"BRONZ SOK., BRONZ APT. 3/6 TESVIKIYE",SINGAPORE,79903,SINGAPORE,JAPAN,NATIVIDAD,ERIC,MEDIUM,2003,4,2
10117,0.6065573770491803,1.0,0.5294117647058824,0.7256059791052057,2003-04-16,SHIPPED,2,4,2003,CLASSIC CARS,0.6519337016574586,S12_3148,"DRAGON SOUVENIERS, LTD.",+65 221 7555,"BRONZ SOK., BRONZ APT. 3/6 TESVIKIYE",SINGAPORE,79903,SINGAPORE,JAPAN,NATIVIDAD,ERIC,MEDIUM,2003,4,2
10117,0.27868852459016397,0.9647155361050328,0.1764705882352941,0.23501197758837855,2003-04-16,SHIPPED,2,4,2003,VINTAGE CARS,0.2983425414364641,S18_4522,"DRAGON SOUVENIERS, LTD.",+65 221 7555,"BRONZ SOK., BRONZ APT. 3/6 TESVIKIYE",SINGAPORE,79903,SINGAPORE,JAPAN,NATIVIDAD,ERIC,SMALL,2003,4,2
10117,0.26229508196721313,1.0,0.6470588235294117,0.3071675091627716,2003-04-16,SHIPPED,2,4,2003,CLASSIC CARS,0.6077348066298343,S18_4027,"DRAGON SOUVENIERS, LTD.",+65 221 7555,"BRONZ SOK., BRONZ APT. 3/6 TESVIKIYE",SINGAPORE,79903,SINGAPORE,JAPAN,NATIVIDAD,ERIC,SMALL,2003,4,2
10117,0.3278688524590164,1.0,0.23529411764705882,0.4101727646011313,2003-04-16,SHIPPED,2,4,2003,VINTAGE CARS,0.569060773480663,S18_3140,"DRAGON SOUVENIERS, LTD.",+65 221 7555,"BRONZ SOK., BRONZ APT. 3/6 TESVIKIYE",SINGAPORE,79903,SINGAPORE,JAPAN,NATIVIDAD,ERIC,MEDIUM,2003,4,2
10117,0.5245901639344263,0.7221006564551422,0.2941176470588235,0.34021162076649886,2003-04-16,SHIPPED,2,4,2003,SHIPS,0.2928176795580111,S700_1938,"DRAGON SOUVENIERS, LTD.",+65 221 7555,"BRONZ SOK., BRONZ APT. 3/6 TESVIKIYE",SINGAPORE,79903,SINGAPORE,JAPAN,NATIVIDAD,ERIC,MEDIUM,2003,4,2
10118,0.4918032786885246,1.0,0.0,0.4994263453487867,2003-04-21,SHIPPED,2,4,2003,SHIPS,0.37016574585635353,S700_3505,ENACO DISTRIBUTORS,(93) 203 4555,"RAMBLA DE CATALU¤A, 23",BARCELONA,8022,SPAIN,EMEA,SAAVEDRA,EDUARDO,MEDIUM,2003,4,2
10119,0.36065573770491804,0.2911652078774617,0.2941176470588235,0.11581743282026266,2003-04-28,SHIPPED,2,4,2003,PLANES,0.08839779005524862,S72_1253,SALZBURG COLLECTABLES,6562-9555,GEISLWEG 14,SALZBURG,5020,AUSTRIA,EMEA,PIPPS,GEORG,SMALL,2003,4,2
10119,0.36065573770491804,0.5936816192560176,0.058823529411764705,0.1985894176252635,2003-04-28,SHIPPED,2,4,2003,PLANES,0.19337016574585636,S24_3949,SALZBURG COLLECTABLES,6562-9555,GEISLWEG 14,SALZBURG,5020,AUSTRIA,EMEA,PIPPS,GEORG,SMALL,2003,4,2
10119,0.6065573770491803,1.0,0.1176470588235294,0.8598458449294876,2003-04-28,SHIPPED,2,4,2003,PLANES,0.6850828729281768,S18_1662,SALZBURG COLLECTABLES,6562-9555,GEISLWEG 14,SALZBURG,5020,AUSTRIA,EMEA,PIPPS,GEORG,MEDIUM,2003,4,2
10119,0.34426229508196726,0.9934354485776804,0.4117647058823529,0.29466671566842295,2003-04-28,SHIPPED,2,4,2003,VINTAGE CARS,0.39779005524861877,S18_3856,SALZBURG COLLECTABLES,6562-9555,GEISLWEG 14,SALZBURG,5020,AUSTRIA,EMEA,PIPPS,GEORG,SMALL,2003,4,2
10119,0.2459016393442623,0.8558533916849014,0.47058823529411764,0.18663388003701864,2003-04-28,SHIPPED,2,4,2003,SHIPS,0.2928176795580111,S18_3029,SALZBURG COLLECTABLES,6562-9555,GEISLWEG 14,SALZBURG,5020,AUSTRIA,EMEA,PIPPS,GEORG,SMALL,2003,4,2
10119,0.47540983606557385,0.8710339168490153,0.5294117647058824,0.35920336508424405,2003-04-28,SHIPPED,2,4,2003,VINTAGE CARS,0.27624309392265195,S24_3816,SALZBURG COLLECTABLES,6562-9555,GEISLWEG 14,SALZBURG,5020,AUSTRIA,EMEA,PIPPS,GEORG,MEDIUM,2003,4,2
10119,0.6557377049180328,1.0,0.5882352941176471,0.6044148355044453,2003-04-28,SHIPPED,2,4,2003,CLASSIC CARS,0.569060773480663,S10_4757,SALZBURG COLLECTABLES,6562-9555,GEISLWEG 14,SALZBURG,5020,AUSTRIA,EMEA,PIPPS,GEORG,MEDIUM,2003,4,2
10119,0.5245901639344263,0.5318654266958424,0.6470588235294117,0.2695715798723059,2003-04-28,SHIPPED,2,4,2003,SHIPS,0.2154696132596685,S700_2610,SALZBURG COLLECTABLES,6562-9555,GEISLWEG 14,SALZBURG,5020,AUSTRIA,EMEA,PIPPS,GEORG,SMALL,2003,4,2
10119,0.2295081967213115,0.6304704595185996,0.23529411764705882,0.13063021826941387,2003-04-28,SHIPPED,2,4,2003,VINTAGE CARS,0.17679558011049723,S24_3420,SALZBURG COLLECTABLES,6562-9555,GEISLWEG 14,SALZBURG,5020,AUSTRIA,EMEA,PIPPS,GEORG,SMALL,2003,4,2
10119,0.47540983606557385,0.8306892778993435,0.7058823529411764,0.3454049159898299,2003-04-28,SHIPPED,2,4,2003,VINTAGE CARS,0.30386740331491713,S24_3151,SALZBURG COLLECTABLES,6562-9555,GEISLWEG 14,SALZBURG,5020,AUSTRIA,EMEA,PIPPS,GEORG,MEDIUM,2003,4,2
10119,0.5737704918032788,0.4474835886214442,0.1764705882352941,0.2621331132709006,2003-04-28,SHIPPED,2,4,2003,PLANES,0.19337016574585636,S24_2841,SALZBURG COLLECTABLES,6562-9555,GEISLWEG 14,SALZBURG,5020,AUSTRIA,EMEA,PIPPS,GEORG,SMALL,2003,4,2
10119,0.3770491803278689,0.9198577680525164,0.3529411764705882,0.30041595809013427,2003-04-28,SHIPPED,2,4,2003,SHIPS,0.3149171270718232,S700_2047,SALZBURG COLLECTABLES,6562-9555,GEISLWEG 14,SALZBURG,5020,AUSTRIA,EMEA,PIPPS,GEORG,SMALL,2003,4,2
10119,0.3278688524590164,0.4422866520787746,0.0,0.14133754748437236,2003-04-28,SHIPPED,2,4,2003,PLANES,0.22651933701657456,S700_4002,SALZBURG COLLECTABLES,6562-9555,GEISLWEG 14,SALZBURG,5020,AUSTRIA,EMEA,PIPPS,GEORG,SMALL,2003,4,2
10119,0.3114754098360656,0.6809354485776806,0.7647058823529411,0.19172427157218797,2003-04-28,SHIPPED,2,4,2003,SHIPS,0.18232044198895025,S700_1138,SALZBURG COLLECTABLES,6562-9555,GEISLWEG 14,SALZBURG,5020,AUSTRIA,EMEA,PIPPS,GEORG,SMALL,2003,4,2
10120,0.47540983606557385,0.9733315098468271,0.0,0.39419061905923314,2003-04-29,SHIPPED,2,4,2003,MOTORCYCLES,0.43646408839779005,S24_1578,"AUSTRALIAN COLLECTORS, CO.",03 9520 4555,636 ST KILDA ROAD,MELBOURNE,3004,AUSTRALIA,APAC,FERGUSON,PETER,MEDIUM,2003,4,2
10120,0.6557377049180328,1.0,0.058823529411764705,1.0,2003-04-29,SHIPPED,2,4,2003,MOTORCYCLES,0.8839779005524863,S10_4698,"AUSTRALIAN COLLECTORS, CO.",03 9520 4555,636 ST KILDA ROAD,MELBOURNE,3004,AUSTRALIA,APAC,FERGUSON,PETER,LARGE,2003,4,2
10120,0.459016393442623,0.7783096280087529,0.23529411764705882,0.3162925271208016,2003-04-29,SHIPPED,2,4,2003,MOTORCYCLES,0.23756906077348067,S24_2000,"AUSTRALIAN COLLECTORS, CO.",03 9520 4555,636 ST KILDA ROAD,MELBOURNE,3004,AUSTRALIA,APAC,FERGUSON,PETER,SMALL,2003,4,2
10120,0.29508196721311475,1.0,0.8235294117647058,0.2810032441390002,2003-04-29,SHIPPED,2,4,2003,PLANES,0.3646408839779005,S700_2466,"AUSTRALIAN COLLECTORS, CO.",03 9520 4555,636 ST KILDA ROAD,MELBOURNE,3004,AUSTRALIA,APAC,FERGUSON,PETER,SMALL,2003,4,2
10120,0.3770491803278689,0.8015590809628008,0.47058823529411764,0.26689207474549714,2003-04-29,SHIPPED,2,4,2003,PLANES,0.2154696132596685,S24_4278,"AUSTRALIAN COLLECTORS, CO.",03 9520 4555,636 ST KILDA ROAD,MELBOURNE,3004,AUSTRALIA,APAC,FERGUSON,PETER,SMALL,2003,4,2
10120,0.29508196721311475,1.0,0.3529411764705882,0.3922354489841602,2003-04-29,SHIPPED,2,4,2003,PLANES,0.4696132596685083,S700_2834,"AUSTRALIAN COLLECTORS, CO.",03 9520 4555,636 ST KILDA ROAD,MELBOURNE,3004,AUSTRALIA,APAC,FERGUSON,PETER,MEDIUM,2003,4,2
10120,0.7049180327868853,0.324671772428884,0.6470588235294117,0.2670484348950416,2003-04-29,SHIPPED,2,4,2003,VINTAGE CARS,0.05524861878453041,S50_1341,"AUSTRALIAN COLLECTORS, CO.",03 9520 4555,636 ST KILDA ROAD,MELBOURNE,3004,AUSTRALIA,APAC,FERGUSON,PETER,SMALL,2003,4,2
10120,0.3770491803278689,0.949945295404814,0.1176470588235294,0.30894226368067784,2003-04-29,SHIPPED,2,4,2003,MOTORCYCLES,0.4696132596685083,S10_2016,"AUSTRALIAN COLLECTORS, CO.",03 9520 4555,636 ST KILDA ROAD,MELBOURNE,3004,AUSTRALIA,APAC,FERGUSON,PETER,SMALL,2003,4,2
10120,0.26229508196721313,1.0,0.2941176470588235,0.26450658015629336,2003-04-29,SHIPPED,2,4,2003,MOTORCYCLES,0.3646408839779005,S32_1374,"AUSTRALIAN COLLECTORS, CO.",03 9520 4555,636 ST KILDA ROAD,MELBOURNE,3004,AUSTRALIA,APAC,FERGUSON,PETER,SMALL,2003,4,2
10120,0.6557377049180328,0.4276531728665207,0.1764705882352941,0.29304431206545745,2003-04-29,SHIPPED,2,4,2003,MOTORCYCLES,0.14917127071823205,S18_2625,"AUSTRALIAN COLLECTORS, CO.",03 9520 4555,636 ST KILDA ROAD,MELBOURNE,3004,AUSTRALIA,APAC,FERGUSON,PETER,SMALL,2003,4,2
10120,0.5409836065573771,1.0,0.5294117647058824,0.5572034252227631,2003-04-29,SHIPPED,2,4,2003,PLANES,0.419889502762431,S24_1785,"AUSTRALIAN COLLECTORS, CO.",03 9520 4555,636 ST KILDA ROAD,MELBOURNE,3004,AUSTRALIA,APAC,FERGUSON,PETER,MEDIUM,2003,4,2
10120,0.6065573770491803,0.6717724288840263,0.7647058823529411,0.37230688018068286,2003-04-29,SHIPPED,2,4,2003,PLANES,0.2596685082872928,S700_3167,"AUSTRALIAN COLLECTORS, CO.",03 9520 4555,636 ST KILDA ROAD,MELBOURNE,3004,AUSTRALIA,APAC,FERGUSON,PETER,MEDIUM,2003,4,2
10120,0.3770491803278689,0.6144693654266958,0.4117647058823529,0.21387395634611722,2003-04-29,SHIPPED,2,4,2003,PLANES,0.281767955801105,S18_2581,"AUSTRALIAN COLLECTORS, CO.",03 9520 4555,636 ST KILDA ROAD,MELBOURNE,3004,AUSTRALIA,APAC,FERGUSON,PETER,SMALL,2003,4,2
10120,0.6721311475409837,0.7567013129102844,0.7058823529411764,0.4519396342909836,2003-04-29,SHIPPED,2,4,2003,PLANES,0.3204419889502762,S700_1691,"AUSTRALIAN COLLECTORS, CO.",03 9520 4555,636 ST KILDA ROAD,MELBOURNE,3004,AUSTRALIA,APAC,FERGUSON,PETER,MEDIUM,2003,4,2
10120,0.3770491803278689,0.6202133479212254,0.5882352941176471,0.21550170559522103,2003-04-29,SHIPPED,2,4,2003,VINTAGE CARS,0.19337016574585636,S32_4289,"AUSTRALIAN COLLECTORS, CO.",03 9520 4555,636 ST KILDA ROAD,MELBOURNE,3004,AUSTRALIA,APAC,FERGUSON,PETER,SMALL,2003,4,2
10121,0.42622950819672134,0.6838074398249452,0.058823529411764705,0.26434621077214515,2003-05-07,SHIPPED,2,5,2003,MOTORCYCLES,0.19889502762430938,S24_2360,REIMS COLLECTABLES,26.47.1555,59 RUE DE L'ABBAYE,REIMS,51100,FRANCE,EMEA,HENRIOT,PAUL,SMALL,2003,5,2
10121,0.7213114754098361,1.0,0.1764705882352941,1.0,2003-05-07,SHIPPED,2,5,2003,MOTORCYCLES,0.6464088397790055,S12_2823,REIMS COLLECTABLES,26.47.1555,59 RUE DE L'ABBAYE,REIMS,51100,FRANCE,EMEA,HENRIOT,PAUL,LARGE,2003,5,2
10121,0.3114754098360656,0.8186542669584245,0.1176470588235294,0.22536843195493622,2003-05-07,SHIPPED,2,5,2003,MOTORCYCLES,0.3812154696132597,S32_4485,REIMS COLLECTABLES,26.47.1555,59 RUE DE L'ABBAYE,REIMS,51100,FRANCE,EMEA,HENRIOT,PAUL,SMALL,2003,5,2
10121,0.459016393442623,0.7449398249452954,0.23529411764705882,0.30520565703002583,2003-05-07,SHIPPED,2,5,2003,MOTORCYCLES,0.3425414364640884,S10_1678,REIMS COLLECTABLES,26.47.1555,59 RUE DE L'ABBAYE,REIMS,51100,FRANCE,EMEA,HENRIOT,PAUL,SMALL,2003,5,2
10121,0.6229508196721312,0.6560448577680524,0.0,0.3757013654784855,2003-05-07,SHIPPED,2,5,2003,MOTORCYCLES,0.26519337016574585,S50_4713,REIMS COLLECTABLES,26.47.1555,59 RUE DE L'ABBAYE,REIMS,51100,FRANCE,EMEA,HENRIOT,PAUL,MEDIUM,2003,5,2
10122,0.42622950819672134,0.5054704595185996,0.5882352941176471,0.20858043025769357,2003-05-08,SHIPPED,2,5,2003,CLASSIC CARS,0.2541436464088398,S12_3990,MARSEILLE MINI AUTOS,91.24.4555,"12, RUE DES BOUCHERS",MARSEILLE,13008,FRANCE,EMEA,LEBIHAN,LAURENCE,SMALL,2003,5,2
10122,0.36065573770491804,1.0,0.8235294117647058,0.4144252261041265,2003-05-08,SHIPPED,2,5,2003,CLASSIC CARS,0.6353591160220994,S18_4721,MARSEILLE MINI AUTOS,91.24.4555,"12, RUE DES BOUCHERS",MARSEILLE,13008,FRANCE,EMEA,LEBIHAN,LAURENCE,MEDIUM,2003,5,2
10122,0.4098360655737705,0.24316192560175054,0.9411764705882353,0.12058842199867029,2003-05-08,SHIPPED,2,5,2003,MOTORCYCLES,0.03867403314917128,S32_2206,MARSEILLE MINI AUTOS,91.24.4555,"12, RUE DES BOUCHERS",MARSEILLE,13008,FRANCE,EMEA,LEBIHAN,LAURENCE,SMALL,2003,5,2
10122,0.6065573770491803,0.6222647702407001,0.2941176470588235,0.3515042982335981,2003-05-08,SHIPPED,2,5,2003,CLASSIC CARS,0.2430939226519337,S18_1889,MARSEILLE MINI AUTOS,91.24.4555,"12, RUE DES BOUCHERS",MARSEILLE,13008,FRANCE,EMEA,LEBIHAN,LAURENCE,MEDIUM,2003,5,2
10122,0.3114754098360656,1.0,0.1176470588235294,0.41647528139815376,2003-05-08,SHIPPED,2,5,2003,CLASSIC CARS,0.7513812154696132,S18_3232,MARSEILLE MINI AUTOS,91.24.4555,"12, RUE DES BOUCHERS",MARSEILLE,13008,FRANCE,EMEA,LEBIHAN,LAURENCE,MEDIUM,2003,5,2
10122,0.459016393442623,0.3190645514223195,0.47058823529411764,0.16371174939610905,2003-05-08,SHIPPED,2,5,2003,CLASSIC CARS,0.15469613259668508,S24_3371,MARSEILLE MINI AUTOS,91.24.4555,"12, RUE DES BOUCHERS",MARSEILLE,13008,FRANCE,EMEA,LEBIHAN,LAURENCE,SMALL,2003,5,2
10122,0.2459016393442623,1.0,0.6470588235294117,0.2655797186185514,2003-05-08,SHIPPED,2,5,2003,CLASSIC CARS,0.6243093922651933,S18_3482,MARSEILLE MINI AUTOS,91.24.4555,"12, RUE DES BOUCHERS",MARSEILLE,13008,FRANCE,EMEA,LEBIHAN,LAURENCE,SMALL,2003,5,2
10122,0.5081967213114754,0.9975382932166301,0.4117647058823529,0.4291498083919963,2003-05-08,SHIPPED,2,5,2003,CLASSIC CARS,0.4640883977900553,S12_3380,MARSEILLE MINI AUTOS,91.24.4555,"12, RUE DES BOUCHERS",MARSEILLE,13008,FRANCE,EMEA,LEBIHAN,LAURENCE,MEDIUM,2003,5,2
10122,0.5409836065573771,0.055798687089715526,0.1764705882352941,0.09693126501374835,2003-05-08,SHIPPED,2,5,2003,CLASSIC CARS,0.022099447513812154,S24_2972,MARSEILLE MINI AUTOS,91.24.4555,"12, RUE DES BOUCHERS",MARSEILLE,13008,FRANCE,EMEA,LEBIHAN,LAURENCE,SMALL,2003,5,2
10122,0.3770491803278689,0.6053063457330415,0.7647058823529411,0.21127730873445166,2003-05-08,SHIPPED,2,5,2003,CLASSIC CARS,0.2596685082872928,S24_4620,MARSEILLE MINI AUTOS,91.24.4555,"12, RUE DES BOUCHERS",MARSEILLE,13008,FRANCE,EMEA,LEBIHAN,LAURENCE,SMALL,2003,5,2
10122,0.5901639344262295,1.0,0.5294117647058824,0.9512269928401751,2003-05-08,SHIPPED,2,5,2003,CLASSIC CARS,0.8895027624309392,S12_1099,MARSEILLE MINI AUTOS,91.24.4555,"12, RUE DES BOUCHERS",MARSEILLE,13008,FRANCE,EMEA,LEBIHAN,LAURENCE,LARGE,2003,5,2
10122,0.2459016393442623,0.6330689277899344,0.7058823529411764,0.14091657785098344,2003-05-08,SHIPPED,2,5,2003,CLASSIC CARS,0.2596685082872928,S18_3278,MARSEILLE MINI AUTOS,91.24.4555,"12, RUE DES BOUCHERS",MARSEILLE,13008,FRANCE,EMEA,LEBIHAN,LAURENCE,SMALL,2003,5,2
10122,0.47540983606557385,0.31263676148796504,0.8823529411764706,0.16822347473681046,2003-05-08,SHIPPED,2,5,2003,MOTORCYCLES,0.16022099447513816,S18_3782,MARSEILLE MINI AUTOS,91.24.4555,"12, RUE DES BOUCHERS",MARSEILLE,13008,FRANCE,EMEA,LEBIHAN,LAURENCE,SMALL,2003,5,2
10122,0.6065573770491803,1.0,0.23529411764705882,0.6699217196943628,2003-05-08,SHIPPED,2,5,2003,CLASSIC CARS,0.5911602209944752,S24_3856,MARSEILLE MINI AUTOS,91.24.4555,"12, RUE DES BOUCHERS",MARSEILLE,13008,FRANCE,EMEA,LEBIHAN,LAURENCE,MEDIUM,2003,5,2
10122,0.459016393442623,1.0,0.058823529411764705,0.6044148355044453,2003-05-08,SHIPPED,2,5,2003,CLASSIC CARS,0.5966850828729282,S18_1129,MARSEILLE MINI AUTOS,91.24.4555,"12, RUE DES BOUCHERS",MARSEILLE,13008,FRANCE,EMEA,LEBIHAN,LAURENCE,MEDIUM,2003,5,2
10122,0.2295081967213115,1.0,0.3529411764705882,0.22182694138833114,2003-05-08,SHIPPED,2,5,2003,CLASSIC CARS,0.4530386740331491,S12_4675,MARSEILLE MINI AUTOS,91.24.4555,"12, RUE DES BOUCHERS",MARSEILLE,13008,FRANCE,EMEA,LEBIHAN,LAURENCE,SMALL,2003,5,2
10122,0.4098360655737705,1.0,0.0,0.48362862459865885,2003-05-08,SHIPPED,2,5,2003,CLASSIC CARS,0.6022099447513812,S18_1984,MARSEILLE MINI AUTOS,91.24.4555,"12, RUE DES BOUCHERS",MARSEILLE,13008,FRANCE,EMEA,LEBIHAN,LAURENCE,MEDIUM,2003,5,2
10123,0.6557377049180328,1.0,0.1176470588235294,0.6253163119050881,2003-05-20,SHIPPED,2,5,2003,CLASSIC CARS,0.5469613259668508,S18_2870,ATELIER GRAPHIQUE,40.32.2555,"54, RUE ROYALE",NANTES,44000,FRANCE,EMEA,SCHMITT,CARINE,MEDIUM,2003,5,2
10123,0.459016393442623,1.0,0.1764705882352941,0.648126183977094,2003-05-20,SHIPPED,2,5,2003,CLASSIC CARS,0.5966850828729282,S18_3685,ATELIER GRAPHIQUE,40.32.2555,"54, RUE ROYALE",NANTES,44000,FRANCE,EMEA,SCHMITT,CARINE,MEDIUM,2003,5,2
10123,0.3278688524590164,1.0,0.058823529411764705,0.3463430768870966,2003-05-20,SHIPPED,2,5,2003,CLASSIC CARS,0.5027624309392266,S18_1589,ATELIER GRAPHIQUE,40.32.2555,"54, RUE ROYALE",NANTES,44000,FRANCE,EMEA,SCHMITT,CARINE,MEDIUM,2003,5,2
10123,0.7213114754098361,0.4511761487964989,0.0,0.33562238355679247,2003-05-20,SHIPPED,2,5,2003,CLASSIC CARS,0.09392265193370164,S24_1628,ATELIER GRAPHIQUE,40.32.2555,"54, RUE ROYALE",NANTES,44000,FRANCE,EMEA,SCHMITT,CARINE,SMALL,2003,5,2
10124,0.27868852459016397,0.42190919037199115,0.4117647058823529,0.11301497783227366,2003-05-21,SHIPPED,2,5,2003,CLASSIC CARS,0.2099447513812155,S18_4933,SIGNAL GIFT STORES,7025551838,8489 STRONG ST.,LAS VEGAS,83030,USA,DESCONOCIDO,KING,SUE,SMALL,2003,5,2
10124,0.6065573770491803,1.0,0.7058823529411764,0.6309025121195821,2003-05-21,SHIPPED,2,5,2003,CLASSIC CARS,0.4088397790055248,S24_3432,SIGNAL GIFT STORES,7025551838,8489 STRONG ST.,LAS VEGAS,83030,USA,DESCONOCIDO,KING,SUE,MEDIUM,2003,5,2
10124,0.2459016393442623,1.0,0.2941176470588235,0.3172467249564831,2003-05-21,SHIPPED,2,5,2003,VINTAGE CARS,0.7569060773480663,S18_1749,SIGNAL GIFT STORES,7025551838,8489 STRONG ST.,LAS VEGAS,83030,USA,DESCONOCIDO,KING,SUE,SMALL,2003,5,2
10124,0.42622950819672134,0.62664113785558,0.5294117647058824,0.24647037008576422,2003-05-21,SHIPPED,2,5,2003,CLASSIC CARS,0.3149171270718232,S24_2766,SIGNAL GIFT STORES,7025551838,8489 STRONG ST.,LAS VEGAS,83030,USA,DESCONOCIDO,KING,SUE,SMALL,2003,5,2
10124,0.4918032786885246,0.8029266958424508,0.3529411764705882,0.34734805836109167,2003-05-21,SHIPPED,2,5,2003,VINTAGE CARS,0.32596685082872934,S18_4409,SIGNAL GIFT STORES,7025551838,8489 STRONG ST.,LAS VEGAS,83030,USA,DESCONOCIDO,KING,SUE,MEDIUM,2003,5,2
10124,0.3114754098360656,0.9172592997811817,0.47058823529411764,0.2494572498655236,2003-05-21,SHIPPED,2,5,2003,CLASSIC CARS,0.4640883977900553,S24_2887,SIGNAL GIFT STORES,7025551838,8489 STRONG ST.,LAS VEGAS,83030,USA,DESCONOCIDO,KING,SUE,SMALL,2003,5,2
10125,0.42622950819672134,1.0,0.0,0.3705321256627766,2003-05-21,SHIPPED,2,5,2003,VINTAGE CARS,0.3812154696132597,S18_1342,"AUSTRALIAN COLLECTORS, CO.",03 9520 4555,636 ST KILDA ROAD,MELBOURNE,3004,AUSTRALIA,APAC,FERGUSON,PETER,MEDIUM,2003,5,2
10124,0.7049180327868853,0.7680525164113787,0.5882352941176471,0.47934809845343773,2003-05-21,SHIPPED,2,5,2003,CLASSIC CARS,0.287292817679558,S24_3191,SIGNAL GIFT STORES,7025551838,8489 STRONG ST.,LAS VEGAS,83030,USA,DESCONOCIDO,KING,SUE,MEDIUM,2003,5,2
10124,0.639344262295082,0.14989059080962808,0.058823529411764705,0.16313174679010653,2003-05-21,SHIPPED,2,5,2003,VINTAGE CARS,0.0,S24_1937,SIGNAL GIFT STORES,7025551838,8489 STRONG ST.,LAS VEGAS,83030,USA,DESCONOCIDO,KING,SUE,SMALL,2003,5,2
10124,0.5901639344262295,0.36925601750547044,0.23529411764705882,0.23799217531046513,2003-05-21,SHIPPED,2,5,2003,VINTAGE CARS,0.14917127071823205,S18_2248,SIGNAL GIFT STORES,7025551838,8489 STRONG ST.,LAS VEGAS,83030,USA,DESCONOCIDO,KING,SUE,SMALL,2003,5,2
10124,0.26229508196721313,0.25123085339168494,0.0,0.0686073589501151,2003-05-21,SHIPPED,2,5,2003,VINTAGE CARS,0.06077348066298344,S24_2022,SIGNAL GIFT STORES,7025551838,8489 STRONG ST.,LAS VEGAS,83030,USA,DESCONOCIDO,KING,SUE,SMALL,2003,5,2
10125,0.459016393442623,1.0,0.058823529411764705,0.8020246634748704,2003-05-21,SHIPPED,2,5,2003,VINTAGE CARS,0.7458563535911602,S18_2795,"AUSTRALIAN COLLECTORS, CO.",03 9520 4555,636 ST KILDA ROAD,MELBOURNE,3004,AUSTRALIA,APAC,FERGUSON,PETER,MEDIUM,2003,5,2
10124,0.6557377049180328,0.08684354485776802,0.1764705882352941,0.13984878503486362,2003-05-21,SHIPPED,2,5,2003,VINTAGE CARS,0.04419889502762431,S24_3969,SIGNAL GIFT STORES,7025551838,8489 STRONG ST.,LAS VEGAS,83030,USA,DESCONOCIDO,KING,SUE,SMALL,2003,5,2
10124,0.5901639344262295,1.0,0.1176470588235294,0.5278438002198398,2003-05-21,SHIPPED,2,5,2003,VINTAGE CARS,0.5193370165745856,S18_2325,SIGNAL GIFT STORES,7025551838,8489 STRONG ST.,LAS VEGAS,83030,USA,DESCONOCIDO,KING,SUE,MEDIUM,2003,5,2
10124,0.26229508196721313,0.6977571115973742,0.6470588235294117,0.16460179947813128,2003-05-21,SHIPPED,2,5,2003,CLASSIC CARS,0.22099447513812154,S24_1046,SIGNAL GIFT STORES,7025551838,8489 STRONG ST.,LAS VEGAS,83030,USA,DESCONOCIDO,KING,SUE,SMALL,2003,5,2
10126,0.6065573770491803,0.36857221006564544,0.47058823529411764,0.24490543217878513,2003-05-28,SHIPPED,2,5,2003,VINTAGE CARS,0.09392265193370164,S18_4668,"CORRIDA AUTO REPLICAS, LTD",(91) 555 22 82,"C/ ARAQUIL, 67",MADRID,28023,SPAIN,EMEA,SOMMER,MART¡N,SMALL,2003,5,2
10126,0.6557377049180328,0.6403172866520788,0.7647058823529411,0.38863782913310324,2003-05-28,SHIPPED,2,5,2003,VINTAGE CARS,0.16022099447513816,S18_2957,"CORRIDA AUTO REPLICAS, LTD",(91) 555 22 82,"C/ ARAQUIL, 67",MADRID,28023,SPAIN,EMEA,SOMMER,MART¡N,MEDIUM,2003,5,2
10126,0.459016393442623,1.0,0.8235294117647058,0.41348439238379064,2003-05-28,SHIPPED,2,5,2003,VINTAGE CARS,0.35359116022099446,S24_4258,"CORRIDA AUTO REPLICAS, LTD",(91) 555 22 82,"C/ ARAQUIL, 67",MADRID,28023,SPAIN,EMEA,SOMMER,MART¡N,MEDIUM,2003,5,2
10126,0.34426229508196726,1.0,0.0,0.3920550334269935,2003-05-28,SHIPPED,2,5,2003,TRUCKS AND BUSES,0.5193370165745856,S24_2300,"CORRIDA AUTO REPLICAS, LTD",(91) 555 22 82,"C/ ARAQUIL, 67",MADRID,28023,SPAIN,EMEA,SOMMER,MART¡N,MEDIUM,2003,5,2
10126,0.4098360655737705,0.8655634573304158,0.6470588235294117,0.3091306977070519,2003-05-28,SHIPPED,2,5,2003,VINTAGE CARS,0.37569060773480667,S18_2949,"CORRIDA AUTO REPLICAS, LTD",(91) 555 22 82,"C/ ARAQUIL, 67",MADRID,28023,SPAIN,EMEA,SOMMER,MART¡N,SMALL,2003,5,2
10126,0.5901639344262295,0.38443654266958427,0.9411764705882353,0.2442225258846209,2003-05-28,SHIPPED,2,5,2003,VINTAGE CARS,0.11049723756906077,S18_1367,"CORRIDA AUTO REPLICAS, LTD",(91) 555 22 82,"C/ ARAQUIL, 67",MADRID,28023,SPAIN,EMEA,SOMMER,MART¡N,SMALL,2003,5,2
10126,0.3934426229508197,0.9643052516411379,0.7058823529411764,0.32602694873859456,2003-05-28,SHIPPED,2,5,2003,VINTAGE CARS,0.39226519337016574,S18_3136,"CORRIDA AUTO REPLICAS, LTD",(91) 555 22 82,"C/ ARAQUIL, 67",MADRID,28023,SPAIN,EMEA,SOMMER,MART¡N,SMALL,2003,5,2
10126,0.639344262295082,1.0,0.2941176470588235,0.5499427013554554,2003-05-28,SHIPPED,2,5,2003,CLASSIC CARS,0.37569060773480667,S700_2824,"CORRIDA AUTO REPLICAS, LTD",(91) 555 22 82,"C/ ARAQUIL, 67",MADRID,28023,SPAIN,EMEA,SOMMER,MART¡N,MEDIUM,2003,5,2
10126,0.5245901639344263,1.0,0.5882352941176471,0.9150316228379368,2003-05-28,SHIPPED,2,5,2003,CLASSIC CARS,0.9999999999999999,S10_1949,"CORRIDA AUTO REPLICAS, LTD",(91) 555 22 82,"C/ ARAQUIL, 67",MADRID,28023,SPAIN,EMEA,SOMMER,MART¡N,LARGE,2003,5,2
10126,0.5245901639344263,0.7584792122538293,0.8823529411764706,0.35372006855791177,2003-05-28,SHIPPED,2,5,2003,VINTAGE CARS,0.3646408839779005,S18_3320,"CORRIDA AUTO REPLICAS, LTD",(91) 555 22 82,"C/ ARAQUIL, 67",MADRID,28023,SPAIN,EMEA,SOMMER,MART¡N,MEDIUM,2003,5,2
10126,0.7213114754098361,1.0,0.23529411764705882,0.8821478806183577,2003-05-28,SHIPPED,2,5,2003,TRUCKS AND BUSES,0.4861878453038674,S18_4600,"CORRIDA AUTO REPLICAS, LTD",(91) 555 22 82,"C/ ARAQUIL, 67",MADRID,28023,SPAIN,EMEA,SOMMER,MART¡N,LARGE,2003,5,2
10126,0.6065573770491803,0.5216083150984682,0.058823529411764705,0.3092095459875914,2003-05-28,SHIPPED,2,5,2003,TRUCKS AND BUSES,0.14917127071823205,S18_2432,"CORRIDA AUTO REPLICAS, LTD",(91) 555 22 82,"C/ ARAQUIL, 67",MADRID,28023,SPAIN,EMEA,SOMMER,MART¡N,SMALL,2003,5,2
10126,0.5245901639344263,1.0,0.5294117647058824,0.4510215195667354,2003-05-28,SHIPPED,2,5,2003,TRUCKS AND BUSES,0.45856353591160215,S18_1097,"CORRIDA AUTO REPLICAS, LTD",(91) 555 22 82,"C/ ARAQUIL, 67",MADRID,28023,SPAIN,EMEA,SOMMER,MART¡N,MEDIUM,2003,5,2
10126,0.6065573770491803,0.9495350109409191,0.1176470588235294,0.48901970872910605,2003-05-28,SHIPPED,2,5,2003,TRUCKS AND BUSES,0.34806629834254144,S32_1268,"CORRIDA AUTO REPLICAS, LTD",(91) 555 22 82,"C/ ARAQUIL, 67",MADRID,28023,SPAIN,EMEA,SOMMER,MART¡N,MEDIUM,2003,5,2
10126,0.26229508196721313,1.0,0.1764705882352941,0.38296342575732767,2003-05-28,SHIPPED,2,5,2003,CLASSIC CARS,0.6298342541436464,S10_4962,"CORRIDA AUTO REPLICAS, LTD",(91) 555 22 82,"C/ ARAQUIL, 67",MADRID,28023,SPAIN,EMEA,SOMMER,MART¡N,MEDIUM,2003,5,2
10126,0.3278688524590164,0.48987964989059085,0.3529411764705882,0.1534293990491432,2003-05-28,SHIPPED,2,5,2003,TRUCKS AND BUSES,0.1712707182320442,S32_3522,"CORRIDA AUTO REPLICAS, LTD",(91) 555 22 82,"C/ ARAQUIL, 67",MADRID,28023,SPAIN,EMEA,SOMMER,MART¡N,SMALL,2003,5,2
10126,0.2459016393442623,1.0,0.4117647058823529,0.2615945394224698,2003-05-28,SHIPPED,2,5,2003,TRUCKS AND BUSES,0.569060773480663,S12_1666,"CORRIDA AUTO REPLICAS, LTD",(91) 555 22 82,"C/ ARAQUIL, 67",MADRID,28023,SPAIN,EMEA,SOMMER,MART¡N,SMALL,2003,5,2
10127,0.2295081967213115,0.9588347921225382,0.3529411764705882,0.19480470015936707,2003-06-03,SHIPPED,2,6,2003,CLASSIC CARS,0.4696132596685083,S24_4048,MUSCLE MACHINE INC,2125557413,4092 FURTH CIRCLE,NYC,10022,USA,DESCONOCIDO,YOUNG,JEFF,SMALL,2003,6,2
10127,0.639344262295082,1.0,0.7647058823529411,0.7769656107901868,2003-06-03,SHIPPED,2,6,2003,TRUCKS AND BUSES,0.4917127071823204,S18_2319,MUSCLE MACHINE INC,2125557413,4092 FURTH CIRCLE,NYC,10022,USA,DESCONOCIDO,YOUNG,JEFF,MEDIUM,2003,6,2
10127,0.29508196721311475,1.0,0.5882352941176471,0.2776354870718889,2003-06-03,SHIPPED,2,6,2003,TRUCKS AND BUSES,0.4696132596685083,S12_4473,MUSCLE MACHINE INC,2125557413,4092 FURTH CIRCLE,NYC,10022,USA,DESCONOCIDO,YOUNG,JEFF,SMALL,2003,6,2
10127,0.6557377049180328,1.0,0.47058823529411764,0.760991483717496,2003-06-03,SHIPPED,2,6,2003,TRUCKS AND BUSES,0.4530386740331491,S50_1392,MUSCLE MACHINE INC,2125557413,4092 FURTH CIRCLE,NYC,10022,USA,DESCONOCIDO,YOUNG,JEFF,MEDIUM,2003,6,2
10127,0.5901639344262295,1.0,0.0,1.0,2003-06-03,SHIPPED,2,6,2003,CLASSIC CARS,0.7734806629834254,S12_3891,MUSCLE MACHINE INC,2125557413,4092 FURTH CIRCLE,NYC,10022,USA,DESCONOCIDO,YOUNG,JEFF,LARGE,2003,6,2
10127,0.639344262295082,1.0,0.5294117647058824,0.8906875503242468,2003-06-03,SHIPPED,2,6,2003,CLASSIC CARS,0.718232044198895,S18_2238,MUSCLE MACHINE INC,2125557413,4092 FURTH CIRCLE,NYC,10022,USA,DESCONOCIDO,YOUNG,JEFF,LARGE,2003,6,2
10127,0.3114754098360656,1.0,0.23529411764705882,0.39622864664944923,2003-06-03,SHIPPED,2,6,2003,CLASSIC CARS,0.6077348066298343,S18_4027,MUSCLE MACHINE INC,2125557413,4092 FURTH CIRCLE,NYC,10022,USA,DESCONOCIDO,YOUNG,JEFF,MEDIUM,2003,6,2
10127,0.5409836065573771,0.15467724288840257,0.6470588235294117,0.13461406105396098,2003-06-03,SHIPPED,2,6,2003,CLASSIC CARS,0.011049723756906105,S24_2840,MUSCLE MACHINE INC,2125557413,4092 FURTH CIRCLE,NYC,10022,USA,DESCONOCIDO,YOUNG,JEFF,SMALL,2003,6,2
10127,0.6557377049180328,1.0,0.1176470588235294,0.9200271291541517,2003-06-03,SHIPPED,2,6,2003,CLASSIC CARS,0.6519337016574586,S12_3148,MUSCLE MACHINE INC,2125557413,4092 FURTH CIRCLE,NYC,10022,USA,DESCONOCIDO,YOUNG,JEFF,LARGE,2003,6,2
10127,0.3770491803278689,0.6012035010940919,0.2941176470588235,0.21011463069937758,2003-06-03,SHIPPED,2,6,2003,TRAINS,0.16022099447513816,S32_3207,MUSCLE MACHINE INC,2125557413,4092 FURTH CIRCLE,NYC,10022,USA,DESCONOCIDO,YOUNG,JEFF,SMALL,2003,6,2
10127,0.26229508196721313,1.0,0.8235294117647058,0.44838077037442914,2003-06-03,SHIPPED,2,6,2003,CLASSIC CARS,0.7513812154696132,S18_3232,MUSCLE MACHINE INC,2125557413,4092 FURTH CIRCLE,NYC,10022,USA,DESCONOCIDO,YOUNG,JEFF,MEDIUM,2003,6,2
10127,0.6557377049180328,1.0,0.058823529411764705,1.0,2003-06-03,SHIPPED,2,6,2003,CLASSIC CARS,0.9613259668508286,S12_1108,MUSCLE MACHINE INC,2125557413,4092 FURTH CIRCLE,NYC,10022,USA,DESCONOCIDO,YOUNG,JEFF,LARGE,2003,6,2
10127,0.6557377049180328,0.5776805251641138,0.1764705882352941,0.36048231092282557,2003-06-03,SHIPPED,2,6,2003,TRAINS,0.13812154696132595,S50_1514,MUSCLE MACHINE INC,2125557413,4092 FURTH CIRCLE,NYC,10022,USA,DESCONOCIDO,YOUNG,JEFF,MEDIUM,2003,6,2
10127,0.639344262295082,0.34286105032822756,0.7058823529411764,0.24798719717749884,2003-06-03,SHIPPED,2,6,2003,TRUCKS AND BUSES,0.11602209944751385,S32_2509,MUSCLE MACHINE INC,2125557413,4092 FURTH CIRCLE,NYC,10022,USA,DESCONOCIDO,YOUNG,JEFF,SMALL,2003,6,2
10127,0.2295081967213115,0.46239059080962797,0.4117647058823529,0.09778122274973355,2003-06-03,SHIPPED,2,6,2003,CLASSIC CARS,0.13259668508287292,S24_1444,MUSCLE MACHINE INC,2125557413,4092 FURTH CIRCLE,NYC,10022,USA,DESCONOCIDO,YOUNG,JEFF,SMALL,2003,6,2
10128,0.42622950819672134,0.9589715536105032,0.1176470588235294,0.3503897310137684,2003-06-06,SHIPPED,2,6,2003,SHIPS,0.2928176795580111,S700_1938,EURO SHOPPING CHANNEL,(91) 555 94 44,"C/ MORALZARZAL, 86",MADRID,28034,SPAIN,EMEA,FREYRE,DIEGO,MEDIUM,2003,6,2
10128,0.5737704918032788,1.0,0.058823529411764705,0.6764768182714186,2003-06-06,SHIPPED,2,6,2003,VINTAGE CARS,0.569060773480663,S18_3140,EURO SHOPPING CHANNEL,(91) 555 94 44,"C/ MORALZARZAL, 86",MADRID,28034,SPAIN,EMEA,FREYRE,DIEGO,MEDIUM,2003,6,2
10128,0.6065573770491803,0.8927789934354484,0.0,0.46517144489474094,2003-06-06,SHIPPED,2,6,2003,VINTAGE CARS,0.2983425414364641,S18_4522,EURO SHOPPING CHANNEL,(91) 555 94 44,"C/ MORALZARZAL, 86",MADRID,28034,SPAIN,EMEA,FREYRE,DIEGO,MEDIUM,2003,6,2
10128,0.5737704918032788,1.0,0.1764705882352941,0.5820139053620172,2003-06-06,SHIPPED,2,6,2003,TRAINS,0.37016574585635353,S18_3259,EURO SHOPPING CHANNEL,(91) 555 94 44,"C/ MORALZARZAL, 86",MADRID,28034,SPAIN,EMEA,FREYRE,DIEGO,MEDIUM,2003,6,2
10129,0.7213114754098361,0.6989879649890589,0.0,0.45670126858864923,2003-06-12,SHIPPED,2,6,2003,VINTAGE CARS,0.27624309392265195,S24_3816,"STYLISH DESK DECORS, CO.",(171) 555-0297,35 KING GEORGE,LONDON,WX3 6FW,UK,EMEA,BROWN,ANN,MEDIUM,2003,6,2
10129,0.4426229508196722,1.0,0.058823529411764705,0.5233534574636913,2003-06-12,SHIPPED,2,6,2003,CLASSIC CARS,0.569060773480663,S10_4757,"STYLISH DESK DECORS, CO.",(171) 555-0297,35 KING GEORGE,LONDON,WX3 6FW,UK,EMEA,BROWN,ANN,MEDIUM,2003,6,2
10129,0.3934426229508197,0.8004649890590809,0.3529411764705882,0.2779963181862223,2003-06-12,SHIPPED,2,6,2003,SHIPS,0.3646408839779005,S700_3962,"STYLISH DESK DECORS, CO.",(171) 555-0297,35 KING GEORGE,LONDON,WX3 6FW,UK,EMEA,BROWN,ANN,SMALL,2003,6,2
10129,0.639344262295082,0.7988238512035011,0.1176470588235294,0.4484890197087291,2003-06-12,SHIPPED,2,6,2003,SHIPS,0.2154696132596685,S700_2610,"STYLISH DESK DECORS, CO.",(171) 555-0297,35 KING GEORGE,LONDON,WX3 6FW,UK,EMEA,BROWN,ANN,MEDIUM,2003,6,2
10129,0.5901639344262295,0.8789660831509847,0.2941176470588235,0.44718601846252537,2003-06-12,SHIPPED,2,6,2003,SHIPS,0.37016574585635353,S700_3505,"STYLISH DESK DECORS, CO.",(171) 555-0297,35 KING GEORGE,LONDON,WX3 6FW,UK,EMEA,BROWN,ANN,MEDIUM,2003,6,2
10129,0.42622950819672134,0.5209245076586433,0.4117647058823529,0.21341289436669125,2003-06-12,SHIPPED,2,6,2003,SHIPS,0.11602209944751385,S72_3212,"STYLISH DESK DECORS, CO.",(171) 555-0297,35 KING GEORGE,LONDON,WX3 6FW,UK,EMEA,BROWN,ANN,SMALL,2003,6,2
10129,0.5737704918032788,0.9276531728665207,0.1764705882352941,0.4545108900834923,2003-06-12,SHIPPED,2,6,2003,VINTAGE CARS,0.30386740331491713,S24_3151,"STYLISH DESK DECORS, CO.",(171) 555-0297,35 KING GEORGE,LONDON,WX3 6FW,UK,EMEA,BROWN,ANN,MEDIUM,2003,6,2
10129,0.639344262295082,1.0,0.47058823529411764,0.7411230534330742,2003-06-12,SHIPPED,2,6,2003,SHIPS,0.4917127071823204,S24_2011,"STYLISH DESK DECORS, CO.",(171) 555-0297,35 KING GEORGE,LONDON,WX3 6FW,UK,EMEA,BROWN,ANN,MEDIUM,2003,6,2
10129,0.4098360655737705,0.4529540481400438,0.23529411764705882,0.1841401361135148,2003-06-12,SHIPPED,2,6,2003,SHIPS,0.18232044198895025,S700_1138,"STYLISH DESK DECORS, CO.",(171) 555-0297,35 KING GEORGE,LONDON,WX3 6FW,UK,EMEA,BROWN,ANN,SMALL,2003,6,2
10130,0.5573770491803279,0.949945295404814,0.058823529411764705,0.4505671396449823,2003-06-16,SHIPPED,2,6,2003,SHIPS,0.2928176795580111,S18_3029,AUTO-MOTO CLASSICS INC.,6175558428,16780 POMPTON ST.,BRICKHAVEN,58339,USA,DESCONOCIDO,TAYLOR,LESLIE,MEDIUM,2003,6,2
10131,0.26229508196721313,0.8083971553610503,0.4117647058823529,0.18838725197037176,2003-06-16,SHIPPED,2,6,2003,SHIPS,0.3149171270718232,S700_2047,GIFT IDEAS CORP.,2035554407,2440 POMPTON ST.,GLENDALE,97561,USA,DESCONOCIDO,LEWIS,DAN,SMALL,2003,6,2
10131,0.47540983606557385,0.550601750547046,0.23529411764705882,0.24961093719199895,2003-06-16,SHIPPED,2,6,2003,PLANES,0.19337016574585636,S24_2841,GIFT IDEAS CORP.,2035554407,2440 POMPTON ST.,GLENDALE,97561,USA,DESCONOCIDO,LEWIS,DAN,SMALL,2003,6,2
10131,0.7213114754098361,0.7523249452954048,0.1176470588235294,0.48276129351272434,2003-06-16,SHIPPED,2,6,2003,PLANES,0.19337016574585636,S24_3949,GIFT IDEAS CORP.,2035554407,2440 POMPTON ST.,GLENDALE,97561,USA,DESCONOCIDO,LEWIS,DAN,MEDIUM,2003,6,2
10131,0.2459016393442623,0.20281728665207877,0.3529411764705882,0.05262521340821692,2003-06-16,SHIPPED,2,6,2003,PLANES,0.08839779005524862,S72_1253,GIFT IDEAS CORP.,2035554407,2440 POMPTON ST.,GLENDALE,97561,USA,DESCONOCIDO,LEWIS,DAN,SMALL,2003,6,2
10131,0.3770491803278689,0.44173960612691465,0.2941176470588235,0.16492521106949676,2003-06-16,SHIPPED,2,6,2003,VINTAGE CARS,0.17679558011049723,S24_3420,GIFT IDEAS CORP.,2035554407,2440 POMPTON ST.,GLENDALE,97561,USA,DESCONOCIDO,LEWIS,DAN,SMALL,2003,6,2
10131,0.5573770491803279,1.0,0.0,0.5272771617291829,2003-06-16,SHIPPED,2,6,2003,PLANES,0.3646408839779005,S700_2466,GIFT IDEAS CORP.,2035554407,2440 POMPTON ST.,GLENDALE,97561,USA,DESCONOCIDO,LEWIS,DAN,MEDIUM,2003,6,2
10131,0.2459016393442623,1.0,0.1764705882352941,0.3073118416085049,2003-06-16,SHIPPED,2,6,2003,PLANES,0.6850828729281768,S18_1662,GIFT IDEAS CORP.,2035554407,2440 POMPTON ST.,GLENDALE,97561,USA,DESCONOCIDO,LEWIS,DAN,SMALL,2003,6,2
10131,0.3278688524590164,0.7966356673960613,0.058823529411764705,0.2313662469220772,2003-06-16,SHIPPED,2,6,2003,PLANES,0.22651933701657456,S700_4002,GIFT IDEAS CORP.,2035554407,2440 POMPTON ST.,GLENDALE,97561,USA,DESCONOCIDO,LEWIS,DAN,SMALL,2003,6,2
10130,0.4426229508196722,1.0,0.0,0.39312148983157874,2003-06-16,SHIPPED,2,6,2003,VINTAGE CARS,0.39779005524861877,S18_3856,AUTO-MOTO CLASSICS INC.,6175558428,16780 POMPTON ST.,BRICKHAVEN,58339,USA,DESCONOCIDO,TAYLOR,LESLIE,MEDIUM,2003,6,2
10133,0.34426229508196726,0.9954868708971554,0.058823529411764705,0.29520796233992297,2003-06-27,SHIPPED,2,6,2003,PLANES,0.4696132596685083,S700_2834,EURO SHOPPING CHANNEL,(91) 555 94 44,"C/ MORALZARZAL, 86",MADRID,28034,SPAIN,EMEA,FREYRE,DIEGO,SMALL,2003,6,2
10133,0.27868852459016397,1.0,0.0,0.28864885452826344,2003-06-27,SHIPPED,2,6,2003,MOTORCYCLES,0.3646408839779005,S32_1374,EURO SHOPPING CHANNEL,(91) 555 94 44,"C/ MORALZARZAL, 86",MADRID,28034,SPAIN,EMEA,FREYRE,DIEGO,SMALL,2003,6,2
10133,0.7049180327868853,0.5797319474835886,0.1176470588235294,0.38917640298153416,2003-06-27,SHIPPED,2,6,2003,PLANES,0.281767955801105,S18_2581,EURO SHOPPING CHANNEL,(91) 555 94 44,"C/ MORALZARZAL, 86",MADRID,28034,SPAIN,EMEA,FREYRE,DIEGO,MEDIUM,2003,6,2
10133,0.6557377049180328,0.6925601750547046,0.1764705882352941,0.4121212526185314,2003-06-27,SHIPPED,2,6,2003,PLANES,0.2154696132596685,S24_4278,EURO SHOPPING CHANNEL,(91) 555 94 44,"C/ MORALZARZAL, 86",MADRID,28034,SPAIN,EMEA,FREYRE,DIEGO,MEDIUM,2003,6,2
10133,0.5737704918032788,0.9193107221006565,0.23529411764705882,0.4511685248355378,2003-06-27,SHIPPED,2,6,2003,PLANES,0.419889502762431,S24_1785,EURO SHOPPING CHANNEL,(91) 555 94 44,"C/ MORALZARZAL, 86",MADRID,28034,SPAIN,EMEA,FREYRE,DIEGO,MEDIUM,2003,6,2
10133,0.29508196721311475,0.6942013129102844,0.4117647058823529,0.18458917038912961,2003-06-27,SHIPPED,2,6,2003,PLANES,0.3204419889502762,S700_1691,EURO SHOPPING CHANNEL,(91) 555 94 44,"C/ MORALZARZAL, 86",MADRID,28034,SPAIN,EMEA,FREYRE,DIEGO,SMALL,2003,6,2
10133,0.7049180327868853,0.4132932166301969,0.2941176470588235,0.3094821739406433,2003-06-27,SHIPPED,2,6,2003,VINTAGE CARS,0.19337016574585636,S32_4289,EURO SHOPPING CHANNEL,(91) 555 94 44,"C/ MORALZARZAL, 86",MADRID,28034,SPAIN,EMEA,FREYRE,DIEGO,SMALL,2003,6,2
10133,0.34426229508196726,0.3187910284463895,0.3529411764705882,0.11666872696778247,2003-06-27,SHIPPED,2,6,2003,VINTAGE CARS,0.05524861878453041,S50_1341,EURO SHOPPING CHANNEL,(91) 555 94 44,"C/ MORALZARZAL, 86",MADRID,28034,SPAIN,EMEA,FREYRE,DIEGO,SMALL,2003,6,2
10134,0.47540983606557385,0.9116520787746172,0.1176470588235294,0.373095362986078,2003-07-01,SHIPPED,3,7,2003,MOTORCYCLES,0.43646408839779005,S24_1578,LYON SOUVENIERS,+33 1 46 62 7555,27 RUE DU COLONEL PIERRE AVIA,PARIS,75508,FRANCE,EMEA,DA CUNHA,DANIEL,MEDIUM,2003,7,3
10134,0.6065573770491803,0.7679157549234137,0.3529411764705882,0.4127052644591376,2003-07-01,SHIPPED,3,7,2003,MOTORCYCLES,0.23756906077348067,S24_2000,LYON SOUVENIERS,+33 1 46 62 7555,27 RUE DU COLONEL PIERRE AVIA,PARIS,75508,FRANCE,EMEA,DA CUNHA,DANIEL,MEDIUM,2003,7,3
10134,0.5737704918032788,0.9280634573304156,0.058823529411764705,0.4546752687022442,2003-07-01,SHIPPED,3,7,2003,MOTORCYCLES,0.3425414364640884,S10_1678,LYON SOUVENIERS,+33 1 46 62 7555,27 RUE DU COLONEL PIERRE AVIA,PARIS,75508,FRANCE,EMEA,DA CUNHA,DANIEL,MEDIUM,2003,7,3
10134,0.3934426229508197,0.4772975929978118,0.2941176470588235,0.18325810450069996,2003-07-01,SHIPPED,3,7,2003,MOTORCYCLES,0.14917127071823205,S18_2625,LYON SOUVENIERS,+33 1 46 62 7555,27 RUE DU COLONEL PIERRE AVIA,PARIS,75508,FRANCE,EMEA,DA CUNHA,DANIEL,SMALL,2003,7,3
10134,0.2295081967213115,1.0,0.0,0.2978954859359391,2003-07-01,SHIPPED,3,7,2003,MOTORCYCLES,0.6464088397790055,S12_2823,LYON SOUVENIERS,+33 1 46 62 7555,27 RUE DU COLONEL PIERRE AVIA,PARIS,75508,FRANCE,EMEA,DA CUNHA,DANIEL,SMALL,2003,7,3
10134,0.34426229508196726,1.0,0.23529411764705882,0.3776217888536596,2003-07-01,SHIPPED,3,7,2003,MOTORCYCLES,0.4696132596685083,S10_2016,LYON SOUVENIERS,+33 1 46 62 7555,27 RUE DU COLONEL PIERRE AVIA,PARIS,75508,FRANCE,EMEA,DA CUNHA,DANIEL,MEDIUM,2003,7,3
10134,0.4098360655737705,1.0,0.1764705882352941,0.8742603797413375,2003-07-01,SHIPPED,3,7,2003,MOTORCYCLES,0.8839779005524863,S10_4698,LYON SOUVENIERS,+33 1 46 62 7555,27 RUE DU COLONEL PIERRE AVIA,PARIS,75508,FRANCE,EMEA,DA CUNHA,DANIEL,LARGE,2003,7,3
10135,0.3770491803278689,0.475382932166302,0.8823529411764706,0.17445917095710453,2003-07-02,SHIPPED,3,7,2003,MOTORCYCLES,0.19889502762430938,S24_2360,MINI GIFTS DISTRIBUTORS LTD.,4155551450,5677 STRONG ST.,SAN RAFAEL,97562,USA,DESCONOCIDO,NELSON,VALARIE,SMALL,2003,7,3
10135,0.3934426229508197,0.860503282275711,0.9411764705882353,0.29559685809648223,2003-07-02,SHIPPED,3,7,2003,MOTORCYCLES,0.3812154696132597,S32_4485,MINI GIFTS DISTRIBUTORS LTD.,4155551450,5677 STRONG ST.,SAN RAFAEL,97562,USA,DESCONOCIDO,NELSON,VALARIE,SMALL,2003,7,3
10135,0.29508196721311475,0.6582330415754925,0.4117647058823529,0.1761537407829367,2003-07-02,SHIPPED,3,7,2003,CLASSIC CARS,0.2541436464088398,S12_3990,MINI GIFTS DISTRIBUTORS LTD.,4155551450,5677 STRONG ST.,SAN RAFAEL,97562,USA,DESCONOCIDO,NELSON,VALARIE,SMALL,2003,7,3
10135,0.4098360655737705,1.0,0.6470588235294117,0.5643732731057203,2003-07-02,SHIPPED,3,7,2003,CLASSIC CARS,0.6353591160220994,S18_4721,MINI GIFTS DISTRIBUTORS LTD.,4155551450,5677 STRONG ST.,SAN RAFAEL,97562,USA,DESCONOCIDO,NELSON,VALARIE,MEDIUM,2003,7,3
10135,0.3770491803278689,0.9711433260393874,0.1764705882352941,0.3149494335285608,2003-07-02,SHIPPED,3,7,2003,CLASSIC CARS,0.4530386740331491,S12_4675,MINI GIFTS DISTRIBUTORS LTD.,4155551450,5677 STRONG ST.,SAN RAFAEL,97562,USA,DESCONOCIDO,NELSON,VALARIE,SMALL,2003,7,3
10135,0.639344262295082,0.6991247264770242,0.5294117647058824,0.40464803931722737,2003-07-02,SHIPPED,3,7,2003,CLASSIC CARS,0.2596685082872928,S18_3278,MINI GIFTS DISTRIBUTORS LTD.,4155551450,5677 STRONG ST.,SAN RAFAEL,97562,USA,DESCONOCIDO,NELSON,VALARIE,MEDIUM,2003,7,3
10135,0.6721311475409837,1.0,0.058823529411764705,0.7823272938668734,2003-07-02,SHIPPED,3,7,2003,CLASSIC CARS,0.5911602209944752,S24_3856,MINI GIFTS DISTRIBUTORS LTD.,4155551450,5677 STRONG ST.,SAN RAFAEL,97562,USA,DESCONOCIDO,NELSON,VALARIE,MEDIUM,2003,7,3
10135,0.6885245901639344,1.0,0.23529411764705882,0.7416482631661595,2003-07-02,SHIPPED,3,7,2003,CLASSIC CARS,0.4640883977900553,S12_3380,MINI GIFTS DISTRIBUTORS LTD.,4155551450,5677 STRONG ST.,SAN RAFAEL,97562,USA,DESCONOCIDO,NELSON,VALARIE,MEDIUM,2003,7,3
10135,0.2295081967213115,0.12294857768052514,0.0,0.03144175417378027,2003-07-02,SHIPPED,3,7,2003,CLASSIC CARS,0.022099447513812154,S24_2972,MINI GIFTS DISTRIBUTORS LTD.,4155551450,5677 STRONG ST.,SAN RAFAEL,97562,USA,DESCONOCIDO,NELSON,VALARIE,SMALL,2003,7,3
10135,0.6885245901639344,0.7170404814004376,0.1176470588235294,0.44432342495548083,2003-07-02,SHIPPED,3,7,2003,CLASSIC CARS,0.2430939226519337,S18_1889,MINI GIFTS DISTRIBUTORS LTD.,4155551450,5677 STRONG ST.,SAN RAFAEL,97562,USA,DESCONOCIDO,NELSON,VALARIE,MEDIUM,2003,7,3
10135,0.27868852459016397,0.826449671772429,0.5882352941176471,0.20393640017506992,2003-07-02,SHIPPED,3,7,2003,CLASSIC CARS,0.2596685082872928,S24_4620,MINI GIFTS DISTRIBUTORS LTD.,4155551450,5677 STRONG ST.,SAN RAFAEL,97562,USA,DESCONOCIDO,NELSON,VALARIE,SMALL,2003,7,3
10135,0.5901639344262295,1.0,0.3529411764705882,1.0,2003-07-02,SHIPPED,3,7,2003,CLASSIC CARS,0.8895027624309392,S12_1099,MINI GIFTS DISTRIBUTORS LTD.,4155551450,5677 STRONG ST.,SAN RAFAEL,97562,USA,DESCONOCIDO,NELSON,VALARIE,LARGE,2003,7,3
10135,0.6229508196721312,0.9452954048140043,0.8235294117647058,0.5000678228853793,2003-07-02,SHIPPED,3,7,2003,MOTORCYCLES,0.26519337016574585,S50_4713,MINI GIFTS DISTRIBUTORS LTD.,4155551450,5677 STRONG ST.,SAN RAFAEL,97562,USA,DESCONOCIDO,NELSON,VALARIE,MEDIUM,2003,7,3
10135,0.34426229508196726,0.536788840262582,0.2941176470588235,0.1741852065925181,2003-07-02,SHIPPED,3,7,2003,CLASSIC CARS,0.15469613259668508,S24_3371,MINI GIFTS DISTRIBUTORS LTD.,4155551450,5677 STRONG ST.,SAN RAFAEL,97562,USA,DESCONOCIDO,NELSON,VALARIE,SMALL,2003,7,3
10135,0.5901639344262295,1.0,0.47058823529411764,0.661599885068608,2003-07-02,SHIPPED,3,7,2003,CLASSIC CARS,0.6243093922651933,S18_3482,MINI GIFTS DISTRIBUTORS LTD.,4155551450,5677 STRONG ST.,SAN RAFAEL,97562,USA,DESCONOCIDO,NELSON,VALARIE,MEDIUM,2003,7,3
10135,0.4426229508196722,0.18257658643326036,0.7647058823529411,0.1129882496015823,2003-07-02,SHIPPED,3,7,2003,MOTORCYCLES,0.03867403314917128,S32_2206,MINI GIFTS DISTRIBUTORS LTD.,4155551450,5677 STRONG ST.,SAN RAFAEL,97562,USA,DESCONOCIDO,NELSON,VALARIE,SMALL,2003,7,3
10135,0.639344262295082,0.32111597374179435,0.7058823529411764,0.2384251726476651,2003-07-02,SHIPPED,3,7,2003,MOTORCYCLES,0.16022099447513816,S18_3782,MINI GIFTS DISTRIBUTORS LTD.,4155551450,5677 STRONG ST.,SAN RAFAEL,97562,USA,DESCONOCIDO,NELSON,VALARIE,SMALL,2003,7,3
10136,0.5737704918032788,1.0,0.1176470588235294,1.0,2003-07-04,SHIPPED,3,7,2003,CLASSIC CARS,0.7513812154696132,S18_3232,ALPHA COGNAC,61.77.6555,1 RUE ALSACE-LORRAINE,TOULOUSE,31000,FRANCE,EMEA,ROULET,ANNETTE,LARGE,2003,7,3
10136,0.3114754098360656,1.0,0.058823529411764705,0.42265618474553057,2003-07-04,SHIPPED,3,7,2003,CLASSIC CARS,0.5966850828729282,S18_1129,ALPHA COGNAC,61.77.6555,1 RUE ALSACE-LORRAINE,TOULOUSE,31000,FRANCE,EMEA,ROULET,ANNETTE,MEDIUM,2003,7,3
10136,0.4918032786885246,1.0,0.0,0.6404872556455036,2003-07-04,SHIPPED,3,7,2003,CLASSIC CARS,0.6022099447513812,S18_1984,ALPHA COGNAC,61.77.6555,1 RUE ALSACE-LORRAINE,TOULOUSE,31000,FRANCE,EMEA,ROULET,ANNETTE,MEDIUM,2003,7,3
10137,0.6229508196721312,0.9938457330415755,0.058823529411764705,0.5209425710553308,2003-07-10,SHIPPED,3,7,2003,CLASSIC CARS,0.5027624309392266,S18_1589,REIMS COLLECTABLES,26.47.1555,59 RUE DE L'ABBAYE,REIMS,51100,FRANCE,EMEA,HENRIOT,PAUL,MEDIUM,2003,7,3
10137,0.4098360655737705,1.0,0.1764705882352941,0.6203849533425323,2003-07-10,SHIPPED,3,7,2003,CLASSIC CARS,0.5966850828729282,S18_3685,REIMS COLLECTABLES,26.47.1555,59 RUE DE L'ABBAYE,REIMS,51100,FRANCE,EMEA,HENRIOT,PAUL,MEDIUM,2003,7,3
10137,0.5081967213114754,1.0,0.1176470588235294,0.5164736108837356,2003-07-10,SHIPPED,3,7,2003,CLASSIC CARS,0.5469613259668508,S18_2870,REIMS COLLECTABLES,26.47.1555,59 RUE DE L'ABBAYE,REIMS,51100,FRANCE,EMEA,HENRIOT,PAUL,MEDIUM,2003,7,3
10137,0.3278688524590164,0.3135940919037199,0.0,0.10864090287963274,2003-07-10,SHIPPED,3,7,2003,CLASSIC CARS,0.09392265193370164,S24_1628,REIMS COLLECTABLES,26.47.1555,59 RUE DE L'ABBAYE,REIMS,51100,FRANCE,EMEA,HENRIOT,PAUL,SMALL,2003,7,3
10139,0.6557377049180328,1.0,0.0,0.6767093538784333,2003-07-16,SHIPPED,3,7,2003,VINTAGE CARS,0.37569060773480667,S18_2949,SOUVENIERS AND THINGS CO.,+61 2 9495 8555,"MONITOR MONEY BUILDING, 815 PACIFIC HWY",CHATSWOOD,2067,AUSTRALIA,APAC,HUXLEY,ADRIAN,MEDIUM,2003,7,3
10139,0.2295081967213115,0.6061269146608316,0.1176470588235294,0.12587259320635197,2003-07-16,SHIPPED,3,7,2003,VINTAGE CARS,0.16022099447513816,S18_2957,SOUVENIERS AND THINGS CO.,+61 2 9495 8555,"MONITOR MONEY BUILDING, 815 PACIFIC HWY",CHATSWOOD,2067,AUSTRALIA,APAC,HUXLEY,ADRIAN,SMALL,2003,7,3
10139,0.3770491803278689,1.0,0.1764705882352941,0.3733933827582866,2003-07-16,SHIPPED,3,7,2003,VINTAGE CARS,0.35359116022099446,S24_4258,SOUVENIERS AND THINGS CO.,+61 2 9495 8555,"MONITOR MONEY BUILDING, 815 PACIFIC HWY",CHATSWOOD,2067,AUSTRALIA,APAC,HUXLEY,ADRIAN,MEDIUM,2003,7,3
10139,0.3934426229508197,1.0,0.23529411764705882,0.34924041709403997,2003-07-16,SHIPPED,3,7,2003,VINTAGE CARS,0.3646408839779005,S18_3320,SOUVENIERS AND THINGS CO.,+61 2 9495 8555,"MONITOR MONEY BUILDING, 815 PACIFIC HWY",CHATSWOOD,2067,AUSTRALIA,APAC,HUXLEY,ADRIAN,MEDIUM,2003,7,3
10139,0.5737704918032788,1.0,0.4117647058823529,0.9988780825167303,2003-07-16,SHIPPED,3,7,2003,VINTAGE CARS,0.7458563535911602,S18_2795,SOUVENIERS AND THINGS CO.,+61 2 9495 8555,"MONITOR MONEY BUILDING, 815 PACIFIC HWY",CHATSWOOD,2067,AUSTRALIA,APAC,HUXLEY,ADRIAN,LARGE,2003,7,3
10139,0.2295081967213115,0.8640590809628008,0.058823529411764705,0.17628203629025524,2003-07-16,SHIPPED,3,7,2003,VINTAGE CARS,0.39226519337016574,S18_3136,SOUVENIERS AND THINGS CO.,+61 2 9495 8555,"MONITOR MONEY BUILDING, 815 PACIFIC HWY",CHATSWOOD,2067,AUSTRALIA,APAC,HUXLEY,ADRIAN,SMALL,2003,7,3
10139,0.7049180327868853,0.22223741794310725,0.2941176470588235,0.21800079516486304,2003-07-16,SHIPPED,3,7,2003,VINTAGE CARS,0.11049723756906077,S18_1367,SOUVENIERS AND THINGS CO.,+61 2 9495 8555,"MONITOR MONEY BUILDING, 815 PACIFIC HWY",CHATSWOOD,2067,AUSTRALIA,APAC,HUXLEY,ADRIAN,SMALL,2003,7,3
10139,0.4098360655737705,1.0,0.3529411764705882,0.3612066459745614,2003-07-16,SHIPPED,3,7,2003,VINTAGE CARS,0.3812154696132597,S18_1342,SOUVENIERS AND THINGS CO.,+61 2 9495 8555,"MONITOR MONEY BUILDING, 815 PACIFIC HWY",CHATSWOOD,2067,AUSTRALIA,APAC,HUXLEY,ADRIAN,MEDIUM,2003,7,3
10140,0.3278688524590164,1.0,0.1764705882352941,0.361631624842554,2003-07-24,SHIPPED,3,7,2003,CLASSIC CARS,0.6298342541436464,S10_4962,TECHNICS STORES INC.,6505556809,9408 FURTH CIRCLE,BURLINGAME,94217,USA,DESCONOCIDO,HIRANO,JURI,MEDIUM,2003,7,3
10140,0.6721311475409837,1.0,0.0,0.6178243888423002,2003-07-24,SHIPPED,3,7,2003,TRUCKS AND BUSES,0.5193370165745856,S24_2300,TECHNICS STORES INC.,6505556809,9408 FURTH CIRCLE,BURLINGAME,94217,USA,DESCONOCIDO,HIRANO,JURI,MEDIUM,2003,7,3
10140,0.6557377049180328,0.4801695842450766,0.058823529411764705,0.3166506854120658,2003-07-24,SHIPPED,3,7,2003,TRUCKS AND BUSES,0.14917127071823205,S18_2432,TECHNICS STORES INC.,6505556809,9408 FURTH CIRCLE,BURLINGAME,94217,USA,DESCONOCIDO,HIRANO,JURI,SMALL,2003,7,3
10140,0.5245901639344263,1.0,0.4117647058823529,0.581027633649506,2003-07-24,SHIPPED,3,7,2003,TRUCKS AND BUSES,0.569060773480663,S12_1666,TECHNICS STORES INC.,6505556809,9408 FURTH CIRCLE,BURLINGAME,94217,USA,DESCONOCIDO,HIRANO,JURI,MEDIUM,2003,7,3
10140,0.3278688524590164,1.0,0.1176470588235294,0.31371592568215456,2003-07-24,SHIPPED,3,7,2003,TRUCKS AND BUSES,0.34806629834254144,S32_1268,TECHNICS STORES INC.,6505556809,9408 FURTH CIRCLE,BURLINGAME,94217,USA,DESCONOCIDO,HIRANO,JURI,SMALL,2003,7,3
10140,0.42622950819672134,1.0,0.5294117647058824,0.4943800553942581,2003-07-24,SHIPPED,3,7,2003,TRUCKS AND BUSES,0.45856353591160215,S18_1097,TECHNICS STORES INC.,6505556809,9408 FURTH CIRCLE,BURLINGAME,94217,USA,DESCONOCIDO,HIRANO,JURI,MEDIUM,2003,7,3
10140,0.4918032786885246,1.0,0.2941176470588235,0.4854742089278973,2003-07-24,SHIPPED,3,7,2003,CLASSIC CARS,0.37569060773480667,S700_2824,TECHNICS STORES INC.,6505556809,9408 FURTH CIRCLE,BURLINGAME,94217,USA,DESCONOCIDO,HIRANO,JURI,MEDIUM,2003,7,3
10140,0.5573770491803279,1.0,0.23529411764705882,0.5504772659692826,2003-07-24,SHIPPED,3,7,2003,TRUCKS AND BUSES,0.4861878453038674,S18_4600,TECHNICS STORES INC.,6505556809,9408 FURTH CIRCLE,BURLINGAME,94217,USA,DESCONOCIDO,HIRANO,JURI,MEDIUM,2003,7,3
10140,0.36065573770491804,0.46334792122538293,0.3529411764705882,0.1629286122368522,2003-07-24,SHIPPED,3,7,2003,TRUCKS AND BUSES,0.1712707182320442,S32_3522,TECHNICS STORES INC.,6505556809,9408 FURTH CIRCLE,BURLINGAME,94217,USA,DESCONOCIDO,HIRANO,JURI,SMALL,2003,7,3
10140,0.3770491803278689,0.22415207877461707,0.47058823529411764,0.10326451927606586,2003-07-24,SHIPPED,3,7,2003,VINTAGE CARS,0.09392265193370164,S18_4668,TECHNICS STORES INC.,6505556809,9408 FURTH CIRCLE,BURLINGAME,94217,USA,DESCONOCIDO,HIRANO,JURI,SMALL,2003,7,3
10140,0.5081967213114754,1.0,0.5882352941176471,0.9210508203896308,2003-07-24,SHIPPED,3,7,2003,CLASSIC CARS,0.9999999999999999,S10_1949,TECHNICS STORES INC.,6505556809,9408 FURTH CIRCLE,BURLINGAME,94217,USA,DESCONOCIDO,HIRANO,JURI,LARGE,2003,7,3
10141,0.29508196721311475,0.2613512035010941,0.3529411764705882,0.08307535022334778,2003-08-01,SHIPPED,3,8,2003,TRUCKS AND BUSES,0.11602209944751385,S32_2509,SUOMINEN SOUVENIERS,+358 9 8045 555,"SOFTWARE ENGINEERING CENTER, SEC OY",ESPOO,FIN-02271,FINLAND,EMEA,SUOMINEN,KALLE,SMALL,2003,8,3
10141,0.459016393442623,1.0,0.47058823529411764,0.5819230293776666,2003-08-01,SHIPPED,3,8,2003,CLASSIC CARS,0.7513812154696132,S18_3232,SUOMINEN SOUVENIERS,+358 9 8045 555,"SOFTWARE ENGINEERING CENTER, SEC OY",ESPOO,FIN-02271,FINLAND,EMEA,SUOMINEN,KALLE,MEDIUM,2003,8,3
10141,0.5573770491803279,0.926422319474836,0.0,0.44137262828715473,2003-08-01,SHIPPED,3,8,2003,CLASSIC CARS,0.4696132596685083,S24_4048,SUOMINEN SOUVENIERS,+358 9 8045 555,"SOFTWARE ENGINEERING CENTER, SEC OY",ESPOO,FIN-02271,FINLAND,EMEA,SUOMINEN,KALLE,MEDIUM,2003,8,3
10141,0.6721311475409837,1.0,0.4117647058823529,0.7758577256280299,2003-08-01,SHIPPED,3,8,2003,TRUCKS AND BUSES,0.4917127071823204,S18_2319,SUOMINEN SOUVENIERS,+358 9 8045 555,"SOFTWARE ENGINEERING CENTER, SEC OY",ESPOO,FIN-02271,FINLAND,EMEA,SUOMINEN,KALLE,MEDIUM,2003,8,3
10141,0.2459016393442623,1.0,0.23529411764705882,0.2215743596082978,2003-08-01,SHIPPED,3,8,2003,TRUCKS AND BUSES,0.4696132596685083,S12_4473,SUOMINEN SOUVENIERS,+358 9 8045 555,"SOFTWARE ENGINEERING CENTER, SEC OY",ESPOO,FIN-02271,FINLAND,EMEA,SUOMINEN,KALLE,SMALL,2003,8,3
10141,0.2295081967213115,0.3754102844638949,0.058823529411764705,0.08078206803002916,2003-08-01,SHIPPED,3,8,2003,CLASSIC CARS,0.13259668508287292,S24_1444,SUOMINEN SOUVENIERS,+358 9 8045 555,"SOFTWARE ENGINEERING CENTER, SEC OY",ESPOO,FIN-02271,FINLAND,EMEA,SUOMINEN,KALLE,SMALL,2003,8,3
10141,0.6229508196721312,1.0,0.1176470588235294,0.6706527368037714,2003-08-01,SHIPPED,3,8,2003,TRUCKS AND BUSES,0.4530386740331491,S50_1392,SUOMINEN SOUVENIERS,+358 9 8045 555,"SOFTWARE ENGINEERING CENTER, SEC OY",ESPOO,FIN-02271,FINLAND,EMEA,SUOMINEN,KALLE,MEDIUM,2003,8,3
10141,0.5409836065573771,1.0,0.1764705882352941,0.7291995897216589,2003-08-01,SHIPPED,3,8,2003,CLASSIC CARS,0.718232044198895,S18_2238,SUOMINEN SOUVENIERS,+358 9 8045 555,"SOFTWARE ENGINEERING CENTER, SEC OY",ESPOO,FIN-02271,FINLAND,EMEA,SUOMINEN,KALLE,MEDIUM,2003,8,3
10141,0.2459016393442623,0.21266411378555794,0.2941176470588235,0.05464586764848367,2003-08-01,SHIPPED,3,8,2003,CLASSIC CARS,0.011049723756906105,S24_2840,SUOMINEN SOUVENIERS,+358 9 8045 555,"SOFTWARE ENGINEERING CENTER, SEC OY",ESPOO,FIN-02271,FINLAND,EMEA,SUOMINEN,KALLE,SMALL,2003,8,3
10142,0.4426229508196722,1.0,0.7058823529411764,0.6018542710042131,2003-08-08,SHIPPED,3,8,2003,CLASSIC CARS,0.6519337016574586,S12_3148,MINI GIFTS DISTRIBUTORS LTD.,4155551450,5677 STRONG ST.,SAN RAFAEL,97562,USA,DESCONOCIDO,NELSON,VALARIE,MEDIUM,2003,8,3
10142,0.5901639344262295,0.6522155361050328,0.8823529411764706,0.35412366484135127,2003-08-08,SHIPPED,3,8,2003,TRAINS,0.16022099447513816,S32_3207,MINI GIFTS DISTRIBUTORS LTD.,4155551450,5677 STRONG ST.,SAN RAFAEL,97562,USA,DESCONOCIDO,NELSON,VALARIE,MEDIUM,2003,8,3
10142,0.29508196721311475,1.0,0.8235294117647058,0.4422706968383844,2003-08-08,SHIPPED,3,8,2003,CLASSIC CARS,0.6077348066298343,S18_4027,MINI GIFTS DISTRIBUTORS LTD.,4155551450,5677 STRONG ST.,SAN RAFAEL,97562,USA,DESCONOCIDO,NELSON,VALARIE,MEDIUM,2003,8,3
10142,0.5901639344262295,0.3133205689277899,0.7647058823529411,0.21503529796965676,2003-08-08,SHIPPED,3,8,2003,TRAINS,0.13812154696132595,S50_1514,MINI GIFTS DISTRIBUTORS LTD.,4155551450,5677 STRONG ST.,SAN RAFAEL,97562,USA,DESCONOCIDO,NELSON,VALARIE,SMALL,2003,8,3
10142,0.4426229508196722,1.0,0.2941176470588235,0.38540371321944883,2003-08-08,SHIPPED,3,8,2003,SHIPS,0.4917127071823204,S24_2011,MINI GIFTS DISTRIBUTORS LTD.,4155551450,5677 STRONG ST.,SAN RAFAEL,97562,USA,DESCONOCIDO,NELSON,VALARIE,MEDIUM,2003,8,3
10142,0.7049180327868853,0.9760667396061269,0.0,0.5789495137132529,2003-08-08,SHIPPED,3,8,2003,VINTAGE CARS,0.30386740331491713,S24_3151,MINI GIFTS DISTRIBUTORS LTD.,4155551450,5677 STRONG ST.,SAN RAFAEL,97562,USA,DESCONOCIDO,NELSON,VALARIE,MEDIUM,2003,8,3
10142,0.2459016393442623,1.0,0.1176470588235294,0.24761834759395807,2003-08-08,SHIPPED,3,8,2003,SHIPS,0.37016574585635353,S700_3505,MINI GIFTS DISTRIBUTORS LTD.,4155551450,5677 STRONG ST.,SAN RAFAEL,97562,USA,DESCONOCIDO,NELSON,VALARIE,SMALL,2003,8,3
10142,0.6065573770491803,0.7813183807439825,0.47058823529411764,0.4183369026658069,2003-08-08,SHIPPED,3,8,2003,SHIPS,0.2928176795580111,S700_1938,MINI GIFTS DISTRIBUTORS LTD.,4155551450,5677 STRONG ST.,SAN RAFAEL,97562,USA,DESCONOCIDO,NELSON,VALARIE,MEDIUM,2003,8,3
10142,0.29508196721311475,0.5927242888402625,0.3529411764705882,0.1607903537815435,2003-08-08,SHIPPED,3,8,2003,VINTAGE CARS,0.2983425414364641,S18_4522,MINI GIFTS DISTRIBUTORS LTD.,4155551450,5677 STRONG ST.,SAN RAFAEL,97562,USA,DESCONOCIDO,NELSON,VALARIE,SMALL,2003,8,3
10142,0.4426229508196722,1.0,0.6470588235294117,1.0,2003-08-08,SHIPPED,3,8,2003,CLASSIC CARS,0.9613259668508286,S12_1108,MINI GIFTS DISTRIBUTORS LTD.,4155551450,5677 STRONG ST.,SAN RAFAEL,97562,USA,DESCONOCIDO,NELSON,VALARIE,LARGE,2003,8,3
10142,0.5245901639344263,0.8004649890590809,0.1764705882352941,0.3693106455201815,2003-08-08,SHIPPED,3,8,2003,SHIPS,0.3646408839779005,S700_3962,MINI GIFTS DISTRIBUTORS LTD.,4155551450,5677 STRONG ST.,SAN RAFAEL,97562,USA,DESCONOCIDO,NELSON,VALARIE,MEDIUM,2003,8,3
10142,0.5409836065573771,0.23728118161925593,0.23529411764705882,0.16609457116224371,2003-08-08,SHIPPED,3,8,2003,SHIPS,0.11602209944751385,S72_3212,MINI GIFTS DISTRIBUTORS LTD.,4155551450,5677 STRONG ST.,SAN RAFAEL,97562,USA,DESCONOCIDO,NELSON,VALARIE,SMALL,2003,8,3
10142,0.5737704918032788,0.5076586433260394,0.058823529411764705,0.28624197735450657,2003-08-08,SHIPPED,3,8,2003,SHIPS,0.18232044198895025,S700_1138,MINI GIFTS DISTRIBUTORS LTD.,4155551450,5677 STRONG ST.,SAN RAFAEL,97562,USA,DESCONOCIDO,NELSON,VALARIE,SMALL,2003,8,3
10142,0.26229508196721313,0.9700492341356675,0.5294117647058824,0.2231392975152769,2003-08-08,SHIPPED,3,8,2003,TRAINS,0.37016574585635353,S18_3259,MINI GIFTS DISTRIBUTORS LTD.,4155551450,5677 STRONG ST.,SAN RAFAEL,97562,USA,DESCONOCIDO,NELSON,VALARIE,SMALL,2003,8,3
10142,0.6557377049180328,1.0,0.5882352941176471,1.0,2003-08-08,SHIPPED,3,8,2003,CLASSIC CARS,0.7734806629834254,S12_3891,MINI GIFTS DISTRIBUTORS LTD.,4155551450,5677 STRONG ST.,SAN RAFAEL,97562,USA,DESCONOCIDO,NELSON,VALARIE,LARGE,2003,8,3
10142,0.6721311475409837,1.0,0.4117647058823529,0.7420024122228199,2003-08-08,SHIPPED,3,8,2003,VINTAGE CARS,0.569060773480663,S18_3140,MINI GIFTS DISTRIBUTORS LTD.,4155551450,5677 STRONG ST.,SAN RAFAEL,97562,USA,DESCONOCIDO,NELSON,VALARIE,MEDIUM,2003,8,3
10143,0.3278688524590164,0.7643599562363237,0.1764705882352941,0.22316602574596822,2003-08-10,SHIPPED,3,8,2003,PLANES,0.3646408839779005,S700_2466,MINI CREATIONS LTD.,5085559555,4575 HILLSIDE DR.,NEW BEDFORD,50553,USA,DESCONOCIDO,TAM,WING C,SMALL,2003,8,3
10143,0.42622950819672134,1.0,0.3529411764705882,0.636916364025138,2003-08-10,SHIPPED,3,8,2003,PLANES,0.6850828729281768,S18_1662,MINI CREATIONS LTD.,5085559555,4575 HILLSIDE DR.,NEW BEDFORD,50553,USA,DESCONOCIDO,TAM,WING C,MEDIUM,2003,8,3
10143,0.6557377049180328,0.6559080962800876,0.7058823529411764,0.3956459712203776,2003-08-10,SHIPPED,3,8,2003,SHIPS,0.2928176795580111,S18_3029,MINI CREATIONS LTD.,5085559555,4575 HILLSIDE DR.,NEW BEDFORD,50553,USA,DESCONOCIDO,TAM,WING C,MEDIUM,2003,8,3
10143,0.3278688524590164,1.0,0.5882352941176471,0.28470243126668426,2003-08-10,SHIPPED,3,8,2003,SHIPS,0.3149171270718232,S700_2047,MINI CREATIONS LTD.,5085559555,4575 HILLSIDE DR.,NEW BEDFORD,50553,USA,DESCONOCIDO,TAM,WING C,SMALL,2003,8,3
10143,0.4098360655737705,0.7988238512035011,0.8823529411764706,0.2889134640121079,2003-08-10,SHIPPED,3,8,2003,SHIPS,0.2154696132596685,S700_2610,MINI CREATIONS LTD.,5085559555,4575 HILLSIDE DR.,NEW BEDFORD,50553,USA,DESCONOCIDO,TAM,WING C,SMALL,2003,8,3
10143,0.459016393442623,1.0,0.6470588235294117,0.3973993431537308,2003-08-10,SHIPPED,3,8,2003,VINTAGE CARS,0.39779005524861877,S18_3856,MINI CREATIONS LTD.,5085559555,4575 HILLSIDE DR.,NEW BEDFORD,50553,USA,DESCONOCIDO,TAM,WING C,MEDIUM,2003,8,3
10143,0.36065573770491804,0.9452954048140043,0.1176470588235294,0.2947950111757415,2003-08-10,SHIPPED,3,8,2003,PLANES,0.2596685082872928,S700_3167,MINI CREATIONS LTD.,5085559555,4575 HILLSIDE DR.,NEW BEDFORD,50553,USA,DESCONOCIDO,TAM,WING C,SMALL,2003,8,3
10143,0.7049180327868853,1.0,0.8235294117647058,0.6836586938581868,2003-08-10,SHIPPED,3,8,2003,CLASSIC CARS,0.569060773480663,S10_4757,MINI CREATIONS LTD.,5085559555,4575 HILLSIDE DR.,NEW BEDFORD,50553,USA,DESCONOCIDO,TAM,WING C,MEDIUM,2003,8,3
10143,0.459016393442623,0.8067560175054704,0.23529411764705882,0.32574362949326613,2003-08-10,SHIPPED,3,8,2003,PLANES,0.22651933701657456,S700_4002,MINI CREATIONS LTD.,5085559555,4575 HILLSIDE DR.,NEW BEDFORD,50553,USA,DESCONOCIDO,TAM,WING C,SMALL,2003,8,3
10143,0.4918032786885246,1.0,0.058823529411764705,0.4629102365782519,2003-08-10,SHIPPED,3,8,2003,PLANES,0.3204419889502762,S700_1691,MINI CREATIONS LTD.,5085559555,4575 HILLSIDE DR.,NEW BEDFORD,50553,USA,DESCONOCIDO,TAM,WING C,MEDIUM,2003,8,3
10143,0.36065573770491804,0.5376094091903719,0.2941176470588235,0.1832474132084234,2003-08-10,SHIPPED,3,8,2003,PLANES,0.19337016574585636,S24_3949,MINI CREATIONS LTD.,5085559555,4575 HILLSIDE DR.,NEW BEDFORD,50553,USA,DESCONOCIDO,TAM,WING C,SMALL,2003,8,3
10143,0.4426229508196722,0.6935175054704596,0.47058823529411764,0.27775175487539633,2003-08-10,SHIPPED,3,8,2003,VINTAGE CARS,0.17679558011049723,S24_3420,MINI CREATIONS LTD.,5085559555,4575 HILLSIDE DR.,NEW BEDFORD,50553,USA,DESCONOCIDO,TAM,WING C,SMALL,2003,8,3
10143,0.27868852459016397,0.7334518599562363,0.7647058823529411,0.1830349237744271,2003-08-10,SHIPPED,3,8,2003,VINTAGE CARS,0.27624309392265195,S24_3816,MINI CREATIONS LTD.,5085559555,4575 HILLSIDE DR.,NEW BEDFORD,50553,USA,DESCONOCIDO,TAM,WING C,SMALL,2003,8,3
10143,0.5081967213114754,0.325082056892779,0.5294117647058824,0.18601779431958276,2003-08-10,SHIPPED,3,8,2003,PLANES,0.08839779005524862,S72_1253,MINI CREATIONS LTD.,5085559555,4575 HILLSIDE DR.,NEW BEDFORD,50553,USA,DESCONOCIDO,TAM,WING C,SMALL,2003,8,3
10143,0.34426229508196726,0.4662199124726477,0.4117647058823529,0.15556632109291735,2003-08-10,SHIPPED,3,8,2003,PLANES,0.19337016574585636,S24_2841,MINI CREATIONS LTD.,5085559555,4575 HILLSIDE DR.,NEW BEDFORD,50553,USA,DESCONOCIDO,TAM,WING C,SMALL,2003,8,3
10143,0.459016393442623,0.13375273522975928,0.0,0.10214326999856335,2003-08-10,SHIPPED,3,8,2003,VINTAGE CARS,0.05524861878453041,S50_1341,MINI CREATIONS LTD.,5085559555,4575 HILLSIDE DR.,NEW BEDFORD,50553,USA,DESCONOCIDO,TAM,WING C,SMALL,2003,8,3
10144,0.2295081967213115,0.7519146608315099,0.0,0.15436488712334076,2003-08-13,SHIPPED,3,8,2003,VINTAGE CARS,0.19337016574585636,S32_4289,ROYALE BELGE,(071) 23 67 2555,"BOULEVARD TIROU, 255",CHARLEROI,B-6000,BELGIUM,EMEA,CARTRAIN,PASCALE,SMALL,2003,8,3
10145,0.4426229508196722,1.0,0.4117647058823529,0.6273449846145622,2003-08-25,SHIPPED,3,8,2003,MOTORCYCLES,0.8839779005524863,S10_4698,TOYS4GROWNUPS.COM,6265557265,78934 HILLSIDE DR.,PASADENA,90003,USA,DESCONOCIDO,YOUNG,JULIE,MEDIUM,2003,8,3
10145,0.34426229508196726,1.0,0.1764705882352941,0.3700804185640927,2003-08-25,SHIPPED,3,8,2003,MOTORCYCLES,0.3812154696132597,S32_4485,TOYS4GROWNUPS.COM,6265557265,78934 HILLSIDE DR.,PASADENA,90003,USA,DESCONOCIDO,YOUNG,JULIE,MEDIUM,2003,8,3
10145,0.5245901639344263,0.7450765864332605,0.058823529411764705,0.34874327200318067,2003-08-25,SHIPPED,3,8,2003,MOTORCYCLES,0.26519337016574585,S50_4713,TOYS4GROWNUPS.COM,6265557265,78934 HILLSIDE DR.,PASADENA,90003,USA,DESCONOCIDO,YOUNG,JULIE,MEDIUM,2003,8,3
10145,0.4426229508196722,0.7917122538293215,0.8235294117647058,0.30941668977544945,2003-08-25,SHIPPED,3,8,2003,PLANES,0.2154696132596685,S24_4278,TOYS4GROWNUPS.COM,6265557265,78934 HILLSIDE DR.,PASADENA,90003,USA,DESCONOCIDO,YOUNG,JULIE,SMALL,2003,8,3
10145,0.6065573770491803,0.9425601750547046,0.3529411764705882,0.4860889582337985,2003-08-25,SHIPPED,3,8,2003,MOTORCYCLES,0.43646408839779005,S24_1578,TOYS4GROWNUPS.COM,6265557265,78934 HILLSIDE DR.,PASADENA,90003,USA,DESCONOCIDO,YOUNG,JULIE,MEDIUM,2003,8,3
10145,0.5081967213114754,1.0,0.47058823529411764,0.6295594185273413,2003-08-25,SHIPPED,3,8,2003,MOTORCYCLES,0.4696132596685083,S10_2016,TOYS4GROWNUPS.COM,6265557265,78934 HILLSIDE DR.,PASADENA,90003,USA,DESCONOCIDO,YOUNG,JULIE,MEDIUM,2003,8,3
10145,0.4426229508196722,0.9165754923413567,0.6470588235294117,0.34968143290044734,2003-08-25,SHIPPED,3,8,2003,MOTORCYCLES,0.3646408839779005,S32_1374,TOYS4GROWNUPS.COM,6265557265,78934 HILLSIDE DR.,PASADENA,90003,USA,DESCONOCIDO,YOUNG,JULIE,MEDIUM,2003,8,3
10145,0.639344262295082,0.7710612691466083,0.2941176470588235,0.43628090034045086,2003-08-25,SHIPPED,3,8,2003,MOTORCYCLES,0.3425414364640884,S10_1678,TOYS4GROWNUPS.COM,6265557265,78934 HILLSIDE DR.,PASADENA,90003,USA,DESCONOCIDO,YOUNG,JULIE,MEDIUM,2003,8,3
10145,0.5573770491803279,0.8295951859956237,0.8823529411764706,0.40352545362819026,2003-08-25,SHIPPED,3,8,2003,PLANES,0.419889502762431,S24_1785,TOYS4GROWNUPS.COM,6265557265,78934 HILLSIDE DR.,PASADENA,90003,USA,DESCONOCIDO,YOUNG,JULIE,MEDIUM,2003,8,3
10145,0.2295081967213115,1.0,0.7058823529411764,0.3034282296890504,2003-08-25,SHIPPED,3,8,2003,PLANES,0.4696132596685083,S700_2834,TOYS4GROWNUPS.COM,6265557265,78934 HILLSIDE DR.,PASADENA,90003,USA,DESCONOCIDO,YOUNG,JULIE,SMALL,2003,8,3
10145,0.4098360655737705,0.12199124726477018,0.0,0.0838825427902268,2003-08-25,SHIPPED,3,8,2003,MOTORCYCLES,0.03867403314917128,S32_2206,TOYS4GROWNUPS.COM,6265557265,78934 HILLSIDE DR.,PASADENA,90003,USA,DESCONOCIDO,YOUNG,JULIE,SMALL,2003,8,3
10145,0.3934426229508197,0.3116794310722101,0.5294117647058824,0.13470627344984612,2003-08-25,SHIPPED,3,8,2003,MOTORCYCLES,0.14917127071823205,S18_2625,TOYS4GROWNUPS.COM,6265557265,78934 HILLSIDE DR.,PASADENA,90003,USA,DESCONOCIDO,YOUNG,JULIE,SMALL,2003,8,3
10145,0.7049180327868853,1.0,0.23529411764705882,1.0,2003-08-25,SHIPPED,3,8,2003,MOTORCYCLES,0.6464088397790055,S12_2823,TOYS4GROWNUPS.COM,6265557265,78934 HILLSIDE DR.,PASADENA,90003,USA,DESCONOCIDO,YOUNG,JULIE,LARGE,2003,8,3
10145,0.6721311475409837,0.7679157549234137,0.5882352941176471,0.45709016434520844,2003-08-25,SHIPPED,3,8,2003,MOTORCYCLES,0.23756906077348067,S24_2000,TOYS4GROWNUPS.COM,6265557265,78934 HILLSIDE DR.,PASADENA,90003,USA,DESCONOCIDO,YOUNG,JULIE,MEDIUM,2003,8,3
10145,0.3934426229508197,0.799234135667396,0.7647058823529411,0.2776354870718889,2003-08-25,SHIPPED,3,8,2003,PLANES,0.281767955801105,S18_2581,TOYS4GROWNUPS.COM,6265557265,78934 HILLSIDE DR.,PASADENA,90003,USA,DESCONOCIDO,YOUNG,JULIE,SMALL,2003,8,3
10145,0.34426229508196726,0.46594638949671774,0.1176470588235294,0.1554941548700507,2003-08-25,SHIPPED,3,8,2003,MOTORCYCLES,0.19889502762430938,S24_2360,TOYS4GROWNUPS.COM,6265557265,78934 HILLSIDE DR.,PASADENA,90003,USA,DESCONOCIDO,YOUNG,JULIE,SMALL,2003,8,3
10146,0.6721311475409837,0.550601750547046,0.058823529411764705,0.3572829417090699,2003-09-03,SHIPPED,3,9,2003,MOTORCYCLES,0.16022099447513816,S18_3782,GIFT IDEAS CORP.,2035554407,2440 POMPTON ST.,GLENDALE,97561,USA,DESCONOCIDO,LEWIS,DAN,MEDIUM,2003,9,3
10146,0.3770491803278689,1.0,0.0,0.529541042868741,2003-09-03,SHIPPED,3,9,2003,CLASSIC CARS,0.6353591160220994,S18_4721,GIFT IDEAS CORP.,2035554407,2440 POMPTON ST.,GLENDALE,97561,USA,DESCONOCIDO,LEWIS,DAN,MEDIUM,2003,9,3
10147,0.6885245901639344,1.0,0.3529411764705882,1.0,2003-09-05,SHIPPED,3,9,2003,CLASSIC CARS,0.8895027624309392,S12_1099,COLLECTABLES FOR LESS INC.,6175558555,7825 DOUGLAS AV.,BRICKHAVEN,58339,USA,DESCONOCIDO,NELSON,ALLEN,LARGE,2003,9,3
10147,0.3278688524590164,0.7591630196936543,0.1176470588235294,0.22184565114981508,2003-09-05,SHIPPED,3,9,2003,CLASSIC CARS,0.2430939226519337,S18_1889,COLLECTABLES FOR LESS INC.,6175558555,7825 DOUGLAS AV.,BRICKHAVEN,58339,USA,DESCONOCIDO,NELSON,ALLEN,SMALL,2003,9,3
10147,0.4098360655737705,1.0,0.23529411764705882,0.402635403546168,2003-09-05,SHIPPED,3,9,2003,CLASSIC CARS,0.4640883977900553,S12_3380,COLLECTABLES FOR LESS INC.,6175558555,7825 DOUGLAS AV.,BRICKHAVEN,58339,USA,DESCONOCIDO,NELSON,ALLEN,MEDIUM,2003,9,3
10147,0.4098360655737705,0.5168216630196937,0.5882352941176471,0.2034873658994551,2003-09-05,SHIPPED,3,9,2003,CLASSIC CARS,0.2596685082872928,S24_4620,COLLECTABLES FOR LESS INC.,6175558555,7825 DOUGLAS AV.,BRICKHAVEN,58339,USA,DESCONOCIDO,NELSON,ALLEN,SMALL,2003,9,3
10147,0.5081967213114754,1.0,0.47058823529411764,0.5242862727148199,2003-09-05,SHIPPED,3,9,2003,CLASSIC CARS,0.6243093922651933,S18_3482,COLLECTABLES FOR LESS INC.,6175558555,7825 DOUGLAS AV.,BRICKHAVEN,58339,USA,DESCONOCIDO,NELSON,ALLEN,MEDIUM,2003,9,3
10147,0.3114754098360656,0.21594638949671774,0.0,0.07812929113391179,2003-09-05,SHIPPED,3,9,2003,CLASSIC CARS,0.022099447513812154,S24_2972,COLLECTABLES FOR LESS INC.,6175558555,7825 DOUGLAS AV.,BRICKHAVEN,58339,USA,DESCONOCIDO,NELSON,ALLEN,SMALL,2003,9,3
10147,0.2459016393442623,0.5054704595185996,0.4117647058823529,0.1147322666541935,2003-09-05,SHIPPED,3,9,2003,CLASSIC CARS,0.2541436464088398,S12_3990,COLLECTABLES FOR LESS INC.,6175558555,7825 DOUGLAS AV.,BRICKHAVEN,58339,USA,DESCONOCIDO,NELSON,ALLEN,SMALL,2003,9,3
10147,0.3934426229508197,0.5702954048140043,0.2941176470588235,0.21052089980588623,2003-09-05,SHIPPED,3,9,2003,CLASSIC CARS,0.15469613259668508,S24_3371,COLLECTABLES FOR LESS INC.,6175558555,7825 DOUGLAS AV.,BRICKHAVEN,58339,USA,DESCONOCIDO,NELSON,ALLEN,SMALL,2003,9,3
10147,0.4918032786885246,0.8090809628008753,0.5294117647058824,0.3495130450470918,2003-09-05,SHIPPED,3,9,2003,CLASSIC CARS,0.2596685082872928,S18_3278,COLLECTABLES FOR LESS INC.,6175558555,7825 DOUGLAS AV.,BRICKHAVEN,58339,USA,DESCONOCIDO,NELSON,ALLEN,MEDIUM,2003,9,3
10147,0.27868852459016397,1.0,0.058823529411764705,0.32405841454817597,2003-09-05,SHIPPED,3,9,2003,CLASSIC CARS,0.5911602209944752,S24_3856,COLLECTABLES FOR LESS INC.,6175558555,7825 DOUGLAS AV.,BRICKHAVEN,58339,USA,DESCONOCIDO,NELSON,ALLEN,SMALL,2003,9,3
10147,0.4426229508196722,0.9711433260393874,0.1764705882352941,0.3672779635761036,2003-09-05,SHIPPED,3,9,2003,CLASSIC CARS,0.4530386740331491,S12_4675,COLLECTABLES FOR LESS INC.,6175558555,7825 DOUGLAS AV.,BRICKHAVEN,58339,USA,DESCONOCIDO,NELSON,ALLEN,MEDIUM,2003,9,3
10148,0.3114754098360656,0.45650984682713347,0.2941176470588235,0.1368979883665376,2003-09-11,SHIPPED,3,9,2003,CLASSIC CARS,0.22099447513812154,S24_1046,"ANNA'S DECORATIONS, LTD",02 9936 8555,201 MILLER STREET,NORTH SYDNEY,2060,AUSTRALIA,APAC,O'HARA,ANNA,SMALL,2003,9,3
10148,0.459016393442623,1.0,0.0,0.41643786187518583,2003-09-11,SHIPPED,3,9,2003,VINTAGE CARS,0.32596685082872934,S18_4409,"ANNA'S DECORATIONS, LTD",02 9936 8555,201 MILLER STREET,NORTH SYDNEY,2060,AUSTRALIA,APAC,O'HARA,ANNA,MEDIUM,2003,9,3
10148,0.34426229508196726,1.0,0.5294117647058824,0.40710169089469417,2003-09-11,SHIPPED,3,9,2003,CLASSIC CARS,0.5469613259668508,S18_2870,"ANNA'S DECORATIONS, LTD",02 9936 8555,201 MILLER STREET,NORTH SYDNEY,2060,AUSTRALIA,APAC,O'HARA,ANNA,MEDIUM,2003,9,3
10148,0.42622950819672134,1.0,0.7647058823529411,0.6597529643278351,2003-09-11,SHIPPED,3,9,2003,CLASSIC CARS,0.7513812154696132,S18_3232,"ANNA'S DECORATIONS, LTD",02 9936 8555,201 MILLER STREET,NORTH SYDNEY,2060,AUSTRALIA,APAC,O'HARA,ANNA,MEDIUM,2003,9,3
10148,0.27868852459016397,1.0,0.7058823529411764,0.29667133297027487,2003-09-11,SHIPPED,3,9,2003,CLASSIC CARS,0.5966850828729282,S18_1129,"ANNA'S DECORATIONS, LTD",02 9936 8555,201 MILLER STREET,NORTH SYDNEY,2060,AUSTRALIA,APAC,O'HARA,ANNA,SMALL,2003,9,3
10148,0.459016393442623,1.0,0.1176470588235294,0.5225355736045357,2003-09-11,SHIPPED,3,9,2003,CLASSIC CARS,0.4640883977900553,S24_2887,"ANNA'S DECORATIONS, LTD",02 9936 8555,201 MILLER STREET,NORTH SYDNEY,2060,AUSTRALIA,APAC,O'HARA,ANNA,MEDIUM,2003,9,3
10148,0.6721311475409837,1.0,0.47058823529411764,0.7171919320835659,2003-09-11,SHIPPED,3,9,2003,CLASSIC CARS,0.5027624309392266,S18_1589,"ANNA'S DECORATIONS, LTD",02 9936 8555,201 MILLER STREET,NORTH SYDNEY,2060,AUSTRALIA,APAC,O'HARA,ANNA,MEDIUM,2003,9,3
10148,0.2459016393442623,0.6389496717724288,0.1764705882352941,0.1421233574666983,2003-09-11,SHIPPED,3,9,2003,CLASSIC CARS,0.3149171270718232,S24_2766,"ANNA'S DECORATIONS, LTD",02 9936 8555,201 MILLER STREET,NORTH SYDNEY,2060,AUSTRALIA,APAC,O'HARA,ANNA,SMALL,2003,9,3
10148,0.4098360655737705,0.6392231947483589,0.23529411764705882,0.24056610392604294,2003-09-11,SHIPPED,3,9,2003,CLASSIC CARS,0.287292817679558,S24_3191,"ANNA'S DECORATIONS, LTD",02 9936 8555,201 MILLER STREET,NORTH SYDNEY,2060,AUSTRALIA,APAC,O'HARA,ANNA,SMALL,2003,9,3
10148,0.6721311475409837,0.4098741794310722,0.4117647058823529,0.2926500706627599,2003-09-11,SHIPPED,3,9,2003,CLASSIC CARS,0.09392265193370164,S24_1628,"ANNA'S DECORATIONS, LTD",02 9936 8555,201 MILLER STREET,NORTH SYDNEY,2060,AUSTRALIA,APAC,O'HARA,ANNA,SMALL,2003,9,3
10148,0.3770491803278689,0.7435722100656454,0.058823529411764705,0.2504595585164496,2003-09-11,SHIPPED,3,9,2003,CLASSIC CARS,0.2099447513812155,S18_4933,"ANNA'S DECORATIONS, LTD",02 9936 8555,201 MILLER STREET,NORTH SYDNEY,2060,AUSTRALIA,APAC,O'HARA,ANNA,SMALL,2003,9,3
10148,0.3114754098360656,1.0,0.6470588235294117,0.5011369521130337,2003-09-11,SHIPPED,3,9,2003,CLASSIC CARS,0.6022099447513812,S18_1984,"ANNA'S DECORATIONS, LTD",02 9936 8555,201 MILLER STREET,NORTH SYDNEY,2060,AUSTRALIA,APAC,O'HARA,ANNA,MEDIUM,2003,9,3
10148,0.36065573770491804,1.0,0.5882352941176471,0.42194655022067495,2003-09-11,SHIPPED,3,9,2003,CLASSIC CARS,0.5966850828729282,S18_3685,"ANNA'S DECORATIONS, LTD",02 9936 8555,201 MILLER STREET,NORTH SYDNEY,2060,AUSTRALIA,APAC,O'HARA,ANNA,MEDIUM,2003,9,3
10148,0.34426229508196726,1.0,0.3529411764705882,0.39923557260222714,2003-09-11,SHIPPED,3,9,2003,CLASSIC CARS,0.4088397790055248,S24_3432,"ANNA'S DECORATIONS, LTD",02 9936 8555,201 MILLER STREET,NORTH SYDNEY,2060,AUSTRALIA,APAC,O'HARA,ANNA,MEDIUM,2003,9,3
10149,0.7213114754098361,1.0,0.1764705882352941,0.7250527047298946,2003-09-12,SHIPPED,3,9,2003,VINTAGE CARS,0.3812154696132597,S18_1342,SIGNAL COLLECTIBLES LTD.,4155554312,2793 FURTH CIRCLE,BRISBANE,94217,USA,DESCONOCIDO,TAYLOR,SUE,MEDIUM,2003,9,3
10149,0.2295081967213115,0.8710339168490153,0.0,0.17764517605551455,2003-09-12,SHIPPED,3,9,2003,VINTAGE CARS,0.35359116022099446,S24_4258,SIGNAL COLLECTIBLES LTD.,4155554312,2793 FURTH CIRCLE,BRISBANE,94217,USA,DESCONOCIDO,TAYLOR,SUE,SMALL,2003,9,3
10149,0.3278688524590164,0.1654814004376367,0.47058823529411764,0.07101022688926828,2003-09-12,SHIPPED,3,9,2003,VINTAGE CARS,0.04419889502762431,S24_3969,SIGNAL COLLECTIBLES LTD.,4155554312,2793 FURTH CIRCLE,BRISBANE,94217,USA,DESCONOCIDO,TAYLOR,SUE,SMALL,2003,9,3
10149,0.27868852459016397,1.0,0.23529411764705882,0.5009525273212633,2003-09-12,SHIPPED,3,9,2003,VINTAGE CARS,0.7458563535911602,S18_2795,SIGNAL COLLECTIBLES LTD.,4155554312,2793 FURTH CIRCLE,BRISBANE,94217,USA,DESCONOCIDO,TAYLOR,SUE,MEDIUM,2003,9,3
10149,0.4918032786885246,0.08629649890590807,0.3529411764705882,0.09524738648019271,2003-09-12,SHIPPED,3,9,2003,VINTAGE CARS,0.0,S24_1937,SIGNAL COLLECTIBLES LTD.,4155554312,2793 FURTH CIRCLE,BRISBANE,94217,USA,DESCONOCIDO,TAYLOR,SUE,SMALL,2003,9,3
10149,0.3934426229508197,0.4286105032822757,0.1176470588235294,0.1689852293115142,2003-09-12,SHIPPED,3,9,2003,VINTAGE CARS,0.11049723756906077,S18_1367,SIGNAL COLLECTIBLES LTD.,4155554312,2793 FURTH CIRCLE,BRISBANE,94217,USA,DESCONOCIDO,TAYLOR,SUE,SMALL,2003,9,3
10149,0.29508196721311475,0.4852297592997812,0.5294117647058824,0.13558028659345361,2003-09-12,SHIPPED,3,9,2003,VINTAGE CARS,0.14917127071823205,S18_2248,SIGNAL COLLECTIBLES LTD.,4155554312,2793 FURTH CIRCLE,BRISBANE,94217,USA,DESCONOCIDO,TAYLOR,SUE,SMALL,2003,9,3
10149,0.459016393442623,1.0,0.5882352941176471,0.6539422469755336,2003-09-12,SHIPPED,3,9,2003,VINTAGE CARS,0.7569060773480663,S18_1749,SIGNAL COLLECTIBLES LTD.,4155554312,2793 FURTH CIRCLE,BRISBANE,94217,USA,DESCONOCIDO,TAYLOR,SUE,MEDIUM,2003,9,3
10149,0.4426229508196722,1.0,0.4117647058823529,0.5971354018756536,2003-09-12,SHIPPED,3,9,2003,VINTAGE CARS,0.5193370165745856,S18_2325,SIGNAL COLLECTIBLES LTD.,4155554312,2793 FURTH CIRCLE,BRISBANE,94217,USA,DESCONOCIDO,TAYLOR,SUE,MEDIUM,2003,9,3
10149,0.7049180327868853,0.30634573304157553,0.2941176470588235,0.2582735567590684,2003-09-12,SHIPPED,3,9,2003,VINTAGE CARS,0.06077348066298344,S24_2022,SIGNAL COLLECTIBLES LTD.,4155554312,2793 FURTH CIRCLE,BRISBANE,94217,USA,DESCONOCIDO,TAYLOR,SUE,SMALL,2003,9,3
10149,0.5901639344262295,0.9213621444201312,0.058823529411764705,0.4645860966426001,2003-09-12,SHIPPED,3,9,2003,VINTAGE CARS,0.3646408839779005,S18_3320,SIGNAL COLLECTIBLES LTD.,4155554312,2793 FURTH CIRCLE,BRISBANE,94217,USA,DESCONOCIDO,TAYLOR,SUE,MEDIUM,2003,9,3
10150,0.3278688524590164,1.0,0.5294117647058824,0.3103454957919742,2003-09-19,SHIPPED,3,9,2003,VINTAGE CARS,0.39226519337016574,S18_3136,"DRAGON SOUVENIERS, LTD.",+65 221 7555,"BRONZ SOK., BRONZ APT. 3/6 TESVIKIYE",SINGAPORE,79903,SINGAPORE,JAPAN,NATIVIDAD,ERIC,SMALL,2003,9,3
10150,0.6721311475409837,0.8793763676148798,0.47058823529411764,0.508281408176834,2003-09-19,SHIPPED,3,9,2003,VINTAGE CARS,0.37569060773480667,S18_2949,"DRAGON SOUVENIERS, LTD.",+65 221 7555,"BRONZ SOK., BRONZ APT. 3/6 TESVIKIYE",SINGAPORE,79903,SINGAPORE,JAPAN,NATIVIDAD,ERIC,MEDIUM,2003,9,3
10150,0.639344262295082,1.0,0.4117647058823529,1.0,2003-09-19,SHIPPED,3,9,2003,CLASSIC CARS,0.9999999999999999,S10_1949,"DRAGON SOUVENIERS, LTD.",+65 221 7555,"BRONZ SOK., BRONZ APT. 3/6 TESVIKIYE",SINGAPORE,79903,SINGAPORE,JAPAN,NATIVIDAD,ERIC,LARGE,2003,9,3
10150,0.2295081967213115,1.0,0.1176470588235294,0.2167485775569729,2003-09-19,SHIPPED,3,9,2003,CLASSIC CARS,0.37569060773480667,S700_2824,"DRAGON SOUVENIERS, LTD.",+65 221 7555,"BRONZ SOK., BRONZ APT. 3/6 TESVIKIYE",SINGAPORE,79903,SINGAPORE,JAPAN,NATIVIDAD,ERIC,SMALL,2003,9,3
10150,0.3934426229508197,0.3157822757111597,0.5882352941176471,0.13590904383095728,2003-09-19,SHIPPED,3,9,2003,VINTAGE CARS,0.16022099447513816,S18_2957,"DRAGON SOUVENIERS, LTD.",+65 221 7555,"BRONZ SOK., BRONZ APT. 3/6 TESVIKIYE",SINGAPORE,79903,SINGAPORE,JAPAN,NATIVIDAD,ERIC,SMALL,2003,9,3
10150,0.3934426229508197,0.21717724288840257,0.2941176470588235,0.10700246233825245,2003-09-19,SHIPPED,3,9,2003,VINTAGE CARS,0.09392265193370164,S18_4668,"DRAGON SOUVENIERS, LTD.",+65 221 7555,"BRONZ SOK., BRONZ APT. 3/6 TESVIKIYE",SINGAPORE,79903,SINGAPORE,JAPAN,NATIVIDAD,ERIC,SMALL,2003,9,3
10150,0.7049180327868853,0.42806345733041573,0.1764705882352941,0.3165544637815769,2003-09-19,SHIPPED,3,9,2003,TRUCKS AND BUSES,0.1712707182320442,S32_3522,"DRAGON SOUVENIERS, LTD.",+65 221 7555,"BRONZ SOK., BRONZ APT. 3/6 TESVIKIYE",SINGAPORE,79903,SINGAPORE,JAPAN,NATIVIDAD,ERIC,SMALL,2003,9,3
10150,0.459016393442623,1.0,0.3529411764705882,0.555796183876863,2003-09-19,SHIPPED,3,9,2003,TRUCKS AND BUSES,0.45856353591160215,S18_1097,"DRAGON SOUVENIERS, LTD.",+65 221 7555,"BRONZ SOK., BRONZ APT. 3/6 TESVIKIYE",SINGAPORE,79903,SINGAPORE,JAPAN,NATIVIDAD,ERIC,MEDIUM,2003,9,3
10150,0.2295081967213115,1.0,0.0,0.3620432395952009,2003-09-19,SHIPPED,3,9,2003,CLASSIC CARS,0.6298342541436464,S10_4962,"DRAGON SOUVENIERS, LTD.",+65 221 7555,"BRONZ SOK., BRONZ APT. 3/6 TESVIKIYE",SINGAPORE,79903,SINGAPORE,JAPAN,NATIVIDAD,ERIC,MEDIUM,2003,9,3
10150,0.7049180327868853,1.0,0.058823529411764705,0.7998276029120408,2003-09-19,SHIPPED,3,9,2003,TRUCKS AND BUSES,0.4861878453038674,S18_4600,"DRAGON SOUVENIERS, LTD.",+65 221 7555,"BRONZ SOK., BRONZ APT. 3/6 TESVIKIYE",SINGAPORE,79903,SINGAPORE,JAPAN,NATIVIDAD,ERIC,MEDIUM,2003,9,3
10150,0.3934426229508197,1.0,0.23529411764705882,0.4835096839720824,2003-09-19,SHIPPED,3,9,2003,TRUCKS AND BUSES,0.569060773480663,S12_1666,"DRAGON SOUVENIERS, LTD.",+65 221 7555,"BRONZ SOK., BRONZ APT. 3/6 TESVIKIYE",SINGAPORE,79903,SINGAPORE,JAPAN,NATIVIDAD,ERIC,MEDIUM,2003,9,3
10151,0.34426229508196726,1.0,0.5294117647058824,0.345652152123725,2003-09-21,SHIPPED,3,9,2003,TRUCKS AND BUSES,0.34806629834254144,S32_1268,"OULU TOY SUPPLIES, INC.",981-443655,TORIKATU 38,OULU,90110,FINLAND,EMEA,KOSKITALO,PIRKKO,MEDIUM,2003,9,3
10151,0.5737704918032788,0.5056072210065645,0.23529411764705882,0.2854200842607473,2003-09-21,SHIPPED,3,9,2003,TRUCKS AND BUSES,0.11602209944751385,S32_2509,"OULU TOY SUPPLIES, INC.",981-443655,TORIKATU 38,OULU,90110,FINLAND,EMEA,KOSKITALO,PIRKKO,SMALL,2003,9,3
10151,0.2459016393442623,1.0,0.3529411764705882,0.43458499410308415,2003-09-21,SHIPPED,3,9,2003,CLASSIC CARS,0.7513812154696132,S18_3232,"OULU TOY SUPPLIES, INC.",981-443655,TORIKATU 38,OULU,90110,FINLAND,EMEA,KOSKITALO,PIRKKO,MEDIUM,2003,9,3
10151,0.5409836065573771,0.5798687089715536,0.47058823529411764,0.2966552960318601,2003-09-21,SHIPPED,3,9,2003,TRUCKS AND BUSES,0.14917127071823205,S18_2432,"OULU TOY SUPPLIES, INC.",981-443655,TORIKATU 38,OULU,90110,FINLAND,EMEA,KOSKITALO,PIRKKO,SMALL,2003,9,3
10151,0.7049180327868853,1.0,0.2941176470588235,0.6589056794149191,2003-09-21,SHIPPED,3,9,2003,TRUCKS AND BUSES,0.4917127071823204,S18_2319,"OULU TOY SUPPLIES, INC.",981-443655,TORIKATU 38,OULU,90110,FINLAND,EMEA,KOSKITALO,PIRKKO,MEDIUM,2003,9,3
10151,0.5901639344262295,1.0,0.4117647058823529,0.6169771039293841,2003-09-21,SHIPPED,3,9,2003,TRUCKS AND BUSES,0.5193370165745856,S24_2300,"OULU TOY SUPPLIES, INC.",981-443655,TORIKATU 38,OULU,90110,FINLAND,EMEA,KOSKITALO,PIRKKO,MEDIUM,2003,9,3
10151,0.3934426229508197,0.18367067833698036,0.1764705882352941,0.09717983755917797,2003-09-21,SHIPPED,3,9,2003,CLASSIC CARS,0.011049723756906105,S24_2840,"OULU TOY SUPPLIES, INC.",981-443655,TORIKATU 38,OULU,90110,FINLAND,EMEA,KOSKITALO,PIRKKO,SMALL,2003,9,3
10151,0.6065573770491803,1.0,0.058823529411764705,0.8858778052113367,2003-09-21,SHIPPED,3,9,2003,CLASSIC CARS,0.718232044198895,S18_2238,"OULU TOY SUPPLIES, INC.",981-443655,TORIKATU 38,OULU,90110,FINLAND,EMEA,KOSKITALO,PIRKKO,LARGE,2003,9,3
10151,0.3278688524590164,1.0,0.0,0.36590546893010234,2003-09-21,SHIPPED,3,9,2003,TRUCKS AND BUSES,0.4530386740331491,S50_1392,"OULU TOY SUPPLIES, INC.",981-443655,TORIKATU 38,OULU,90110,FINLAND,EMEA,KOSKITALO,PIRKKO,MEDIUM,2003,9,3
10151,0.29508196721311475,1.0,0.1176470588235294,0.3802718929267079,2003-09-21,SHIPPED,3,9,2003,TRUCKS AND BUSES,0.4696132596685083,S12_4473,"OULU TOY SUPPLIES, INC.",981-443655,TORIKATU 38,OULU,90110,FINLAND,EMEA,KOSKITALO,PIRKKO,MEDIUM,2003,9,3
10152,0.47540983606557385,1.0,0.0,0.5401735330377637,2003-09-25,SHIPPED,3,9,2003,CLASSIC CARS,0.6077348066298343,S18_4027,"AUSTRALIAN GIFT NETWORK, CO",61-7-3844-6555,31 DUNCAN ST. WEST END,SOUTH BRISBANE,4101,AUSTRALIA,APAC,CALAGHAN,TONY,MEDIUM,2003,9,3
10152,0.4426229508196722,0.32918490153172875,0.058823529411764705,0.16026514404845826,2003-09-25,SHIPPED,3,9,2003,TRAINS,0.16022099447513816,S32_3207,"AUSTRALIAN GIFT NETWORK, CO",61-7-3844-6555,31 DUNCAN ST. WEST END,SOUTH BRISBANE,4101,AUSTRALIA,APAC,CALAGHAN,TONY,SMALL,2003,9,3
10152,0.27868852459016397,1.0,0.1176470588235294,0.31004213037362727,2003-09-25,SHIPPED,3,9,2003,CLASSIC CARS,0.4696132596685083,S24_4048,"AUSTRALIAN GIFT NETWORK, CO",61-7-3844-6555,31 DUNCAN ST. WEST END,SOUTH BRISBANE,4101,AUSTRALIA,APAC,CALAGHAN,TONY,SMALL,2003,9,3
10152,0.3114754098360656,0.525574398249453,0.1764705882352941,0.15377018399045803,2003-09-25,SHIPPED,3,9,2003,CLASSIC CARS,0.13259668508287292,S24_1444,"AUSTRALIAN GIFT NETWORK, CO",61-7-3844-6555,31 DUNCAN ST. WEST END,SOUTH BRISBANE,4101,AUSTRALIA,APAC,CALAGHAN,TONY,SMALL,2003,9,3
10153,0.2295081967213115,1.0,0.1176470588235294,0.2301928775947265,2003-09-28,SHIPPED,3,9,2003,SHIPS,0.3646408839779005,S700_3962,EURO SHOPPING CHANNEL,(91) 555 94 44,"C/ MORALZARZAL, 86",MADRID,28034,SPAIN,EMEA,FREYRE,DIEGO,SMALL,2003,9,3
10153,0.2295081967213115,1.0,0.5882352941176471,0.5909438072360003,2003-09-28,SHIPPED,3,9,2003,CLASSIC CARS,0.9613259668508286,S12_1108,EURO SHOPPING CHANNEL,(91) 555 94 44,"C/ MORALZARZAL, 86",MADRID,28034,SPAIN,EMEA,FREYRE,DIEGO,MEDIUM,2003,9,3
10153,0.4098360655737705,1.0,0.3529411764705882,0.422231205877538,2003-09-28,SHIPPED,3,9,2003,VINTAGE CARS,0.569060773480663,S18_3140,EURO SHOPPING CHANNEL,(91) 555 94 44,"C/ MORALZARZAL, 86",MADRID,28034,SPAIN,EMEA,FREYRE,DIEGO,MEDIUM,2003,9,3
10153,0.7213114754098361,0.8379376367614881,0.058823529411764705,0.5245909745447013,2003-09-28,SHIPPED,3,9,2003,SHIPS,0.37016574585635353,S700_3505,EURO SHOPPING CHANNEL,(91) 555 94 44,"C/ MORALZARZAL, 86",MADRID,28034,SPAIN,EMEA,FREYRE,DIEGO,MEDIUM,2003,9,3
10153,0.6065573770491803,0.5168216630196937,0.0,0.30719824662806666,2003-09-28,SHIPPED,3,9,2003,SHIPS,0.18232044198895025,S700_1138,EURO SHOPPING CHANNEL,(91) 555 94 44,"C/ MORALZARZAL, 86",MADRID,28034,SPAIN,EMEA,FREYRE,DIEGO,SMALL,2003,9,3
10153,0.4098360655737705,0.8287746170678338,0.4117647058823529,0.29798636192028977,2003-09-28,SHIPPED,3,9,2003,SHIPS,0.2928176795580111,S700_1938,EURO SHOPPING CHANNEL,(91) 555 94 44,"C/ MORALZARZAL, 86",MADRID,28034,SPAIN,EMEA,FREYRE,DIEGO,SMALL,2003,9,3
10153,0.5573770491803279,1.0,0.23529411764705882,0.6647671804055341,2003-09-28,SHIPPED,3,9,2003,SHIPS,0.4917127071823204,S24_2011,EURO SHOPPING CHANNEL,(91) 555 94 44,"C/ MORALZARZAL, 86",MADRID,28034,SPAIN,EMEA,FREYRE,DIEGO,MEDIUM,2003,9,3
10153,0.7213114754098361,0.45377461706783373,0.1764705882352941,0.33689197451463204,2003-09-28,SHIPPED,3,9,2003,SHIPS,0.11602209944751385,S72_3212,EURO SHOPPING CHANNEL,(91) 555 94 44,"C/ MORALZARZAL, 86",MADRID,28034,SPAIN,EMEA,FREYRE,DIEGO,MEDIUM,2003,9,3
10153,0.7049180327868853,1.0,0.5294117647058824,0.8759856870324648,2003-09-28,SHIPPED,3,9,2003,CLASSIC CARS,0.7734806629834254,S12_3891,EURO SHOPPING CHANNEL,(91) 555 94 44,"C/ MORALZARZAL, 86",MADRID,28034,SPAIN,EMEA,FREYRE,DIEGO,LARGE,2003,9,3
10153,0.5901639344262295,1.0,0.6470588235294117,0.6563798616145856,2003-09-28,SHIPPED,3,9,2003,CLASSIC CARS,0.6519337016574586,S12_3148,EURO SHOPPING CHANNEL,(91) 555 94 44,"C/ MORALZARZAL, 86",MADRID,28034,SPAIN,EMEA,FREYRE,DIEGO,MEDIUM,2003,9,3
10153,0.3770491803278689,0.8460065645514223,0.47058823529411764,0.2794877534588001,2003-09-28,SHIPPED,3,9,2003,TRAINS,0.37016574585635353,S18_3259,EURO SHOPPING CHANNEL,(91) 555 94 44,"C/ MORALZARZAL, 86",MADRID,28034,SPAIN,EMEA,FREYRE,DIEGO,SMALL,2003,9,3
10153,0.4098360655737705,0.41753282275711157,0.7058823529411764,0.1734100879024687,2003-09-28,SHIPPED,3,9,2003,TRAINS,0.13812154696132595,S50_1514,EURO SHOPPING CHANNEL,(91) 555 94 44,"C/ MORALZARZAL, 86",MADRID,28034,SPAIN,EMEA,FREYRE,DIEGO,SMALL,2003,9,3
10153,0.26229508196721313,0.7727024070021882,0.2941176470588235,0.18071357693888254,2003-09-28,SHIPPED,3,9,2003,VINTAGE CARS,0.2983425414364641,S18_4522,EURO SHOPPING CHANNEL,(91) 555 94 44,"C/ MORALZARZAL, 86",MADRID,28034,SPAIN,EMEA,FREYRE,DIEGO,SMALL,2003,9,3
10154,0.4098360655737705,0.8792396061269148,0.058823529411764705,0.3132735734642126,2003-10-02,SHIPPED,4,10,2003,VINTAGE CARS,0.30386740331491713,S24_3151,BOARDS & TOYS CO.,3105552373,4097 DOUGLAS AV.,GLENDALE,92561,USA,DESCONOCIDO,YOUNG,LESLIE,SMALL,2003,10,4
10154,0.4918032786885246,0.512171772428884,0.0,0.24506446515139874,2003-10-02,SHIPPED,4,10,2003,SHIPS,0.2154696132596685,S700_2610,BOARDS & TOYS CO.,3105552373,4097 DOUGLAS AV.,GLENDALE,92561,USA,DESCONOCIDO,YOUNG,LESLIE,SMALL,2003,10,4
10300,0.5737704918032788,0.8960612691466083,0.0,0.44185373643959924,2003-10-04,SHIPPED,4,10,2003,CLASSIC CARS,0.2430939226519337,S18_1889,"BLAUER SEE AUTO, CO.",+49 69 66 90 2555,LYONERSTR. 34,FRANKFURT,60528,GERMANY,EMEA,KEITEL,ROLAND,MEDIUM,2003,10,4
10300,0.27868852459016397,1.0,0.058823529411764705,0.3107798295407088,2003-10-04,SHIPPED,4,10,2003,CLASSIC CARS,0.4530386740331491,S12_4675,"BLAUER SEE AUTO, CO.",+49 69 66 90 2555,LYONERSTR. 34,FRANKFURT,60528,GERMANY,EMEA,KEITEL,ROLAND,SMALL,2003,10,4
10300,0.27868852459016397,1.0,0.3529411764705882,0.44159848183649675,2003-10-04,SHIPPED,4,10,2003,CLASSIC CARS,0.6243093922651933,S18_3482,"BLAUER SEE AUTO, CO.",+49 69 66 90 2555,LYONERSTR. 34,FRANKFURT,60528,GERMANY,EMEA,KEITEL,ROLAND,MEDIUM,2003,10,4
10300,0.3770491803278689,1.0,0.1176470588235294,0.46807413074782245,2003-10-04,SHIPPED,4,10,2003,CLASSIC CARS,0.4640883977900553,S12_3380,"BLAUER SEE AUTO, CO.",+49 69 66 90 2555,LYONERSTR. 34,FRANKFURT,60528,GERMANY,EMEA,KEITEL,ROLAND,MEDIUM,2003,10,4
10300,0.4098360655737705,0.43626914660831506,0.1764705882352941,0.1790858276897788,2003-10-04,SHIPPED,4,10,2003,CLASSIC CARS,0.15469613259668508,S24_3371,"BLAUER SEE AUTO, CO.",+49 69 66 90 2555,LYONERSTR. 34,FRANKFURT,60528,GERMANY,EMEA,KEITEL,ROLAND,SMALL,2003,10,4
10300,0.26229508196721313,0.6801148796498906,0.2941176470588235,0.16080906354302746,2003-10-04,SHIPPED,4,10,2003,CLASSIC CARS,0.2541436464088398,S12_3990,"BLAUER SEE AUTO, CO.",+49 69 66 90 2555,LYONERSTR. 34,FRANKFURT,60528,GERMANY,EMEA,KEITEL,ROLAND,SMALL,2003,10,4
10300,0.4426229508196722,1.0,0.23529411764705882,0.6735193395454196,2003-10-04,SHIPPED,4,10,2003,CLASSIC CARS,0.8895027624309392,S12_1099,"BLAUER SEE AUTO, CO.",+49 69 66 90 2555,LYONERSTR. 34,FRANKFURT,60528,GERMANY,EMEA,KEITEL,ROLAND,MEDIUM,2003,10,4
10300,0.7049180327868853,0.7100656455142231,0.4117647058823529,0.45158281241125386,2003-10-04,SHIPPED,4,10,2003,CLASSIC CARS,0.2596685082872928,S18_3278,"BLAUER SEE AUTO, CO.",+49 69 66 90 2555,LYONERSTR. 34,FRANKFURT,60528,GERMANY,EMEA,KEITEL,ROLAND,MEDIUM,2003,10,4
10301,0.34426229508196726,0.6173413566739605,0.0,0.19543815922675228,2003-10-05,SHIPPED,4,10,2003,CLASSIC CARS,0.22099447513812154,S24_1046,"NORWAY GIFTS BY MAIL, CO.",+47 2212 1555,"DRAMMENSVEIEN 126 A, PB 744 SENTRUM",OSLO,N 0106,NORWAY,EMEA,KLAEBOE,JAN,SMALL,2003,10,4
10301,0.6885245901639344,0.10229759299781183,0.5294117647058824,0.15597927225709884,2003-10-05,SHIPPED,4,10,2003,CLASSIC CARS,0.022099447513812154,S24_2972,"NORWAY GIFTS BY MAIL, CO.",+47 2212 1555,"DRAMMENSVEIEN 126 A, PB 744 SENTRUM",OSLO,N 0106,NORWAY,EMEA,KLAEBOE,JAN,SMALL,2003,10,4
10301,0.26229508196721313,0.3342450765864332,0.1176470588235294,0.08645379858273555,2003-10-05,SHIPPED,4,10,2003,CLASSIC CARS,0.09392265193370164,S24_1628,"NORWAY GIFTS BY MAIL, CO.",+47 2212 1555,"DRAMMENSVEIEN 126 A, PB 744 SENTRUM",OSLO,N 0106,NORWAY,EMEA,KLAEBOE,JAN,SMALL,2003,10,4
10301,0.7213114754098361,1.0,0.5882352941176471,0.9677450394074352,2003-10-05,SHIPPED,4,10,2003,CLASSIC CARS,0.5911602209944752,S24_3856,"NORWAY GIFTS BY MAIL, CO.",+47 2212 1555,"DRAMMENSVEIEN 126 A, PB 744 SENTRUM",OSLO,N 0106,NORWAY,EMEA,KLAEBOE,JAN,LARGE,2003,10,4
10301,0.26229508196721313,0.9503555798687091,0.058823529411764705,0.2189055457737656,2003-10-05,SHIPPED,4,10,2003,CLASSIC CARS,0.4088397790055248,S24_3432,"NORWAY GIFTS BY MAIL, CO.",+47 2212 1555,"DRAMMENSVEIEN 126 A, PB 744 SENTRUM",OSLO,N 0106,NORWAY,EMEA,KLAEBOE,JAN,SMALL,2003,10,4
10301,0.42622950819672134,1.0,0.1764705882352941,0.39324043045815527,2003-10-05,SHIPPED,4,10,2003,CLASSIC CARS,0.5027624309392266,S18_1589,"NORWAY GIFTS BY MAIL, CO.",+47 2212 1555,"DRAMMENSVEIEN 126 A, PB 744 SENTRUM",OSLO,N 0106,NORWAY,EMEA,KLAEBOE,JAN,MEDIUM,2003,10,4
10301,0.5409836065573771,1.0,0.2941176470588235,0.7971120146737987,2003-10-05,SHIPPED,4,10,2003,CLASSIC CARS,0.5966850828729282,S18_3685,"NORWAY GIFTS BY MAIL, CO.",+47 2212 1555,"DRAMMENSVEIEN 126 A, PB 744 SENTRUM",OSLO,N 0106,NORWAY,EMEA,KLAEBOE,JAN,MEDIUM,2003,10,4
10301,0.27868852459016397,1.0,0.47058823529411764,0.47169046036036333,2003-10-05,SHIPPED,4,10,2003,CLASSIC CARS,0.7513812154696132,S18_3232,"NORWAY GIFTS BY MAIL, CO.",+47 2212 1555,"DRAMMENSVEIEN 126 A, PB 744 SENTRUM",OSLO,N 0106,NORWAY,EMEA,KLAEBOE,JAN,MEDIUM,2003,10,4
10301,0.5081967213114754,1.0,0.4117647058823529,0.7264265357874303,2003-10-05,SHIPPED,4,10,2003,CLASSIC CARS,0.5966850828729282,S18_1129,"NORWAY GIFTS BY MAIL, CO.",+47 2212 1555,"DRAMMENSVEIEN 126 A, PB 744 SENTRUM",OSLO,N 0106,NORWAY,EMEA,KLAEBOE,JAN,MEDIUM,2003,10,4
10301,0.6721311475409837,1.0,0.3529411764705882,0.9362778934144982,2003-10-05,SHIPPED,4,10,2003,CLASSIC CARS,0.6022099447513812,S18_1984,"NORWAY GIFTS BY MAIL, CO.",+47 2212 1555,"DRAMMENSVEIEN 126 A, PB 744 SENTRUM",OSLO,N 0106,NORWAY,EMEA,KLAEBOE,JAN,LARGE,2003,10,4
10301,0.26229508196721313,1.0,0.23529411764705882,0.36635183038264807,2003-10-05,SHIPPED,4,10,2003,CLASSIC CARS,0.5469613259668508,S18_2870,"NORWAY GIFTS BY MAIL, CO.",+47 2212 1555,"DRAMMENSVEIEN 126 A, PB 744 SENTRUM",OSLO,N 0106,NORWAY,EMEA,KLAEBOE,JAN,MEDIUM,2003,10,4
10302,0.6885245901639344,0.6509846827133479,0.2941176470588235,0.41334005993805734,2003-10-06,SHIPPED,4,10,2003,CLASSIC CARS,0.287292817679558,S24_3191,"UK COLLECTABLES, LTD.",(171) 555-2282,BERKELEY GARDENS 12  BREWERY,LIVERPOOL,WX1 6LT,UK,EMEA,DEVON,ELIZABETH,MEDIUM,2003,10,4
10302,0.5245901639344263,0.8532549234135667,0.058823529411764705,0.3889131299092243,2003-10-06,SHIPPED,4,10,2003,VINTAGE CARS,0.32596685082872934,S18_4409,"UK COLLECTABLES, LTD.",(171) 555-2282,BERKELEY GARDENS 12  BREWERY,LIVERPOOL,WX1 6LT,UK,EMEA,DEVON,ELIZABETH,MEDIUM,2003,10,4
10155,0.6229508196721312,0.8067560175054704,0.1176470588235294,0.4405012879666165,2003-10-06,SHIPPED,4,10,2003,PLANES,0.22651933701657456,S700_4002,"TOYS OF FINLAND, CO.",90-224 8555,KESKUSKATU 45,HELSINKI,21240,FINLAND,EMEA,KARTTUNEN,MATTI,MEDIUM,2003,10,4
10155,0.6229508196721312,0.68695295404814,0.1764705882352941,0.38899064177822923,2003-10-06,SHIPPED,4,10,2003,PLANES,0.19337016574585636,S24_3949,"TOYS OF FINLAND, CO.",90-224 8555,KESKUSKATU 45,HELSINKI,21240,FINLAND,EMEA,KARTTUNEN,MATTI,MEDIUM,2003,10,4
10155,0.459016393442623,0.3047045951859956,0.4117647058823529,0.15894076021770145,2003-10-06,SHIPPED,4,10,2003,PLANES,0.08839779005524862,S72_1253,"TOYS OF FINLAND, CO.",90-224 8555,KESKUSKATU 45,HELSINKI,21240,FINLAND,EMEA,KARTTUNEN,MATTI,SMALL,2003,10,4
10302,0.27868852459016397,0.62664113785558,0.1176470588235294,0.15902896337898292,2003-10-06,SHIPPED,4,10,2003,CLASSIC CARS,0.2099447513812155,S18_4933,"UK COLLECTABLES, LTD.",(171) 555-2282,BERKELEY GARDENS 12  BREWERY,LIVERPOOL,WX1 6LT,UK,EMEA,DEVON,ELIZABETH,SMALL,2003,10,4
10155,0.5081967213114754,0.5614059080962802,0.6470588235294117,0.27146260219371954,2003-10-06,SHIPPED,4,10,2003,VINTAGE CARS,0.27624309392265195,S24_3816,"TOYS OF FINLAND, CO.",90-224 8555,KESKUSKATU 45,HELSINKI,21240,FINLAND,EMEA,KARTTUNEN,MATTI,SMALL,2003,10,4
10302,0.7049180327868853,1.0,0.23529411764705882,0.6437133530899505,2003-10-06,SHIPPED,4,10,2003,CLASSIC CARS,0.3149171270718232,S24_2766,"UK COLLECTABLES, LTD.",(171) 555-2282,BERKELEY GARDENS 12  BREWERY,LIVERPOOL,WX1 6LT,UK,EMEA,DEVON,ELIZABETH,MEDIUM,2003,10,4
10155,0.6065573770491803,0.814004376367615,0.0,0.4320712040065618,2003-10-06,SHIPPED,4,10,2003,PLANES,0.2596685082872928,S700_3167,"TOYS OF FINLAND, CO.",90-224 8555,KESKUSKATU 45,HELSINKI,21240,FINLAND,EMEA,KARTTUNEN,MATTI,MEDIUM,2003,10,4
10155,0.6229508196721312,0.7147155361050328,0.5882352941176471,0.40092746960499015,2003-10-06,SHIPPED,4,10,2003,SHIPS,0.2928176795580111,S18_3029,"TOYS OF FINLAND, CO.",90-224 8555,KESKUSKATU 45,HELSINKI,21240,FINLAND,EMEA,KARTTUNEN,MATTI,MEDIUM,2003,10,4
10155,0.27868852459016397,0.6255470459518601,0.2941176470588235,0.15878306365662243,2003-10-06,SHIPPED,4,10,2003,PLANES,0.19337016574585636,S24_2841,"TOYS OF FINLAND, CO.",90-224 8555,KESKUSKATU 45,HELSINKI,21240,FINLAND,EMEA,KARTTUNEN,MATTI,SMALL,2003,10,4
10155,0.3770491803278689,1.0,0.5294117647058824,0.4197454804232415,2003-10-06,SHIPPED,4,10,2003,VINTAGE CARS,0.39779005524861877,S18_3856,"TOYS OF FINLAND, CO.",90-224 8555,KESKUSKATU 45,HELSINKI,21240,FINLAND,EMEA,KARTTUNEN,MATTI,MEDIUM,2003,10,4
10155,0.459016393442623,0.3967450765864332,0.3529411764705882,0.18952052895168536,2003-10-06,SHIPPED,4,10,2003,VINTAGE CARS,0.17679558011049723,S24_3420,"TOYS OF FINLAND, CO.",90-224 8555,KESKUSKATU 45,HELSINKI,21240,FINLAND,EMEA,KARTTUNEN,MATTI,SMALL,2003,10,4
10155,0.5245901639344263,1.0,0.23529411764705882,0.8084367660177275,2003-10-06,SHIPPED,4,10,2003,PLANES,0.6850828729281768,S18_1662,"TOYS OF FINLAND, CO.",90-224 8555,KESKUSKATU 45,HELSINKI,21240,FINLAND,EMEA,KARTTUNEN,MATTI,MEDIUM,2003,10,4
10155,0.2295081967213115,1.0,0.058823529411764705,0.2500786812290977,2003-10-06,SHIPPED,4,10,2003,PLANES,0.3646408839779005,S700_2466,"TOYS OF FINLAND, CO.",90-224 8555,KESKUSKATU 45,HELSINKI,21240,FINLAND,EMEA,KARTTUNEN,MATTI,SMALL,2003,10,4
10155,0.42622950819672134,0.8827954048140045,0.47058823529411764,0.3265695318216292,2003-10-06,SHIPPED,4,10,2003,SHIPS,0.3149171270718232,S700_2047,"TOYS OF FINLAND, CO.",90-224 8555,KESKUSKATU 45,HELSINKI,21240,FINLAND,EMEA,KARTTUNEN,MATTI,SMALL,2003,10,4
10155,0.42622950819672134,1.0,0.7058823529411764,0.5404381425216082,2003-10-06,SHIPPED,4,10,2003,CLASSIC CARS,0.569060773480663,S10_4757,"TOYS OF FINLAND, CO.",90-224 8555,KESKUSKATU 45,HELSINKI,21240,FINLAND,EMEA,KARTTUNEN,MATTI,MEDIUM,2003,10,4
10302,0.639344262295082,1.0,0.1764705882352941,0.6771356691579605,2003-10-06,SHIPPED,4,10,2003,CLASSIC CARS,0.4640883977900553,S24_2887,"UK COLLECTABLES, LTD.",(171) 555-2282,BERKELEY GARDENS 12  BREWERY,LIVERPOOL,WX1 6LT,UK,EMEA,DEVON,ELIZABETH,MEDIUM,2003,10,4
10302,0.6065573770491803,1.0,0.0,0.9124844224530503,2003-10-06,SHIPPED,4,10,2003,VINTAGE CARS,0.7569060773480663,S18_1749,"UK COLLECTABLES, LTD.",(171) 555-2282,BERKELEY GARDENS 12  BREWERY,LIVERPOOL,WX1 6LT,UK,EMEA,DEVON,ELIZABETH,LARGE,2003,10,4
10156,0.6885245901639344,1.0,0.058823529411764705,0.5976365562011166,2003-10-08,SHIPPED,4,10,2003,PLANES,0.3204419889502762,S700_1691,EURO SHOPPING CHANNEL,(91) 555 94 44,"C/ MORALZARZAL, 86",MADRID,28034,SPAIN,EMEA,FREYRE,DIEGO,MEDIUM,2003,10,4
10156,0.2295081967213115,0.1933807439824946,0.0,0.0452067929798302,2003-10-08,SHIPPED,4,10,2003,VINTAGE CARS,0.05524861878453041,S50_1341,EURO SHOPPING CHANNEL,(91) 555 94 44,"C/ MORALZARZAL, 86",MADRID,28034,SPAIN,EMEA,FREYRE,DIEGO,SMALL,2003,10,4
10159,0.34426229508196726,0.7311269146608315,0.5882352941176471,0.2254593079392868,2003-10-10,SHIPPED,4,10,2003,MOTORCYCLES,0.19889502762430938,S24_2360,CORPORATE GIFT IDEAS CO.,6505551386,7734 STRONG ST.,SAN FRANCISCO,28034,USA,DESCONOCIDO,BROWN,JULIE,SMALL,2003,10,4
10159,0.2459016393442623,0.7430251641137855,0.23529411764705882,0.1634805502006288,2003-10-10,SHIPPED,4,10,2003,CLASSIC CARS,0.2596685082872928,S18_3278,CORPORATE GIFT IDEAS CO.,6505551386,7734 STRONG ST.,SAN FRANCISCO,28034,USA,DESCONOCIDO,BROWN,JULIE,SMALL,2003,10,4
10159,0.5737704918032788,1.0,0.058823529411764705,1.0,2003-10-10,SHIPPED,4,10,2003,CLASSIC CARS,0.8895027624309392,S12_1099,CORPORATE GIFT IDEAS CO.,6505551386,7734 STRONG ST.,SAN FRANCISCO,28034,USA,DESCONOCIDO,BROWN,JULIE,LARGE,2003,10,4
10159,0.6229508196721312,1.0,0.8235294117647058,0.6513068434293657,2003-10-10,SHIPPED,4,10,2003,MOTORCYCLES,0.43646408839779005,S24_1578,CORPORATE GIFT IDEAS CO.,6505551386,7734 STRONG ST.,SAN FRANCISCO,28034,USA,DESCONOCIDO,BROWN,JULIE,MEDIUM,2003,10,4
10159,0.7213114754098361,0.586980306345733,0.0,0.40197521624809146,2003-10-10,SHIPPED,4,10,2003,CLASSIC CARS,0.15469613259668508,S24_3371,CORPORATE GIFT IDEAS CO.,6505551386,7734 STRONG ST.,SAN FRANCISCO,28034,USA,DESCONOCIDO,BROWN,JULIE,MEDIUM,2003,10,4
10159,0.27868852459016397,0.5500547045951859,0.2941176470588235,0.14181598281374766,2003-10-10,SHIPPED,4,10,2003,CLASSIC CARS,0.2596685082872928,S24_4620,CORPORATE GIFT IDEAS CO.,6505551386,7734 STRONG ST.,SAN FRANCISCO,28034,USA,DESCONOCIDO,BROWN,JULIE,SMALL,2003,10,4
10159,0.4098360655737705,0.6115973741794309,0.5294117647058824,0.23219749489657843,2003-10-10,SHIPPED,4,10,2003,MOTORCYCLES,0.26519337016574585,S50_4713,CORPORATE GIFT IDEAS CO.,6505551386,7734 STRONG ST.,SAN FRANCISCO,28034,USA,DESCONOCIDO,BROWN,JULIE,SMALL,2003,10,4
10159,0.7049180327868853,1.0,0.7647058823529411,0.6312058775379291,2003-10-10,SHIPPED,4,10,2003,MOTORCYCLES,0.3425414364640884,S10_1678,CORPORATE GIFT IDEAS CO.,6505551386,7734 STRONG ST.,SAN FRANCISCO,28034,USA,DESCONOCIDO,BROWN,JULIE,MEDIUM,2003,10,4
10159,0.47540983606557385,0.11652078774617064,0.47058823529411764,0.10114897981684479,2003-10-10,SHIPPED,4,10,2003,MOTORCYCLES,0.03867403314917128,S32_2206,CORPORATE GIFT IDEAS CO.,6505551386,7734 STRONG ST.,SAN FRANCISCO,28034,USA,DESCONOCIDO,BROWN,JULIE,SMALL,2003,10,4
10159,0.5245901639344263,1.0,0.7058823529411764,0.7693333645162692,2003-10-10,SHIPPED,4,10,2003,MOTORCYCLES,0.6464088397790055,S12_2823,CORPORATE GIFT IDEAS CO.,6505551386,7734 STRONG ST.,SAN FRANCISCO,28034,USA,DESCONOCIDO,BROWN,JULIE,MEDIUM,2003,10,4
10159,0.5901639344262295,0.336433260393873,1.0,0.22452114704202009,2003-10-10,SHIPPED,4,10,2003,MOTORCYCLES,0.14917127071823205,S18_2625,CORPORATE GIFT IDEAS CO.,6505551386,7734 STRONG ST.,SAN FRANCISCO,28034,USA,DESCONOCIDO,BROWN,JULIE,SMALL,2003,10,4
10159,0.2459016393442623,0.5166849015317286,0.4117647058823529,0.11703356731671949,2003-10-10,SHIPPED,4,10,2003,MOTORCYCLES,0.16022099447513816,S18_3782,CORPORATE GIFT IDEAS CO.,6505551386,7734 STRONG ST.,SAN FRANCISCO,28034,USA,DESCONOCIDO,BROWN,JULIE,SMALL,2003,10,4
10159,0.29508196721311475,0.6364879649890591,0.1176470588235294,0.17105399436702537,2003-10-10,SHIPPED,4,10,2003,CLASSIC CARS,0.2541436464088398,S12_3990,CORPORATE GIFT IDEAS CO.,6505551386,7734 STRONG ST.,SAN FRANCISCO,28034,USA,DESCONOCIDO,BROWN,JULIE,SMALL,2003,10,4
10159,0.3114754098360656,1.0,0.1764705882352941,0.4217541069596972,2003-10-10,SHIPPED,4,10,2003,CLASSIC CARS,0.6243093922651933,S18_3482,CORPORATE GIFT IDEAS CO.,6505551386,7734 STRONG ST.,SAN FRANCISCO,28034,USA,DESCONOCIDO,BROWN,JULIE,MEDIUM,2003,10,4
10159,0.27868852459016397,1.0,0.6470588235294117,0.24924342401999272,2003-10-10,SHIPPED,4,10,2003,MOTORCYCLES,0.3812154696132597,S32_4485,CORPORATE GIFT IDEAS CO.,6505551386,7734 STRONG ST.,SAN FRANCISCO,28034,USA,DESCONOCIDO,BROWN,JULIE,SMALL,2003,10,4
10158,0.26229508196721313,0.549097374179431,0.0,0.13264285404047324,2003-10-10,SHIPPED,4,10,2003,MOTORCYCLES,0.23756906077348067,S24_2000,BAANE MINI IMPORTS,07-98 9555,ERLING SKAKKES GATE 78,STAVERN,4110,NORWAY,EMEA,BERGULFSEN,JONAS,SMALL,2003,10,4
10159,0.26229508196721313,1.0,0.8823529411764706,0.4878663855747739,2003-10-10,SHIPPED,4,10,2003,MOTORCYCLES,0.8839779005524863,S10_4698,CORPORATE GIFT IDEAS CO.,6505551386,7734 STRONG ST.,SAN FRANCISCO,28034,USA,DESCONOCIDO,BROWN,JULIE,MEDIUM,2003,10,4
10159,0.42622950819672134,1.0,0.3529411764705882,0.5528400415623987,2003-10-10,SHIPPED,4,10,2003,CLASSIC CARS,0.6353591160220994,S18_4721,CORPORATE GIFT IDEAS CO.,6505551386,7734 STRONG ST.,SAN FRANCISCO,28034,USA,DESCONOCIDO,BROWN,JULIE,MEDIUM,2003,10,4
10159,0.5081967213114754,1.0,0.9411764705882353,0.6060225385805305,2003-10-10,SHIPPED,4,10,2003,MOTORCYCLES,0.4696132596685083,S10_2016,CORPORATE GIFT IDEAS CO.,6505551386,7734 STRONG ST.,SAN FRANCISCO,28034,USA,DESCONOCIDO,BROWN,JULIE,MEDIUM,2003,10,4
10160,0.5245901639344263,0.8434080962800874,0.1764705882352941,0.38525670795064637,2003-10-11,SHIPPED,4,10,2003,CLASSIC CARS,0.2430939226519337,S18_1889,"MEN 'R' US RETAILERS, LTD.",2155554369,6047 DOUGLAS AV.,LOS ANGELES,28034,USA,DESCONOCIDO,CHANDLER,MICHAEL,MEDIUM,2003,10,4
10160,0.6557377049180328,1.0,0.2941176470588235,0.6430825668456345,2003-10-11,SHIPPED,4,10,2003,CLASSIC CARS,0.4640883977900553,S12_3380,"MEN 'R' US RETAILERS, LTD.",2155554369,6047 DOUGLAS AV.,LOS ANGELES,28034,USA,DESCONOCIDO,CHANDLER,MICHAEL,MEDIUM,2003,10,4
10160,0.5901639344262295,0.13840262582056895,0.058823529411764705,0.14324594315573538,2003-10-11,SHIPPED,4,10,2003,CLASSIC CARS,0.022099447513812154,S24_2972,"MEN 'R' US RETAILERS, LTD.",2155554369,6047 DOUGLAS AV.,LOS ANGELES,28034,USA,DESCONOCIDO,CHANDLER,MICHAEL,SMALL,2003,10,4
10160,0.47540983606557385,1.0,0.1176470588235294,0.572728518019839,2003-10-11,SHIPPED,4,10,2003,CLASSIC CARS,0.5911602209944752,S24_3856,"MEN 'R' US RETAILERS, LTD.",2155554369,6047 DOUGLAS AV.,LOS ANGELES,28034,USA,DESCONOCIDO,CHANDLER,MICHAEL,MEDIUM,2003,10,4
10160,0.2295081967213115,1.0,0.0,0.4696510963586127,2003-10-11,SHIPPED,4,10,2003,CLASSIC CARS,0.7513812154696132,S18_3232,"MEN 'R' US RETAILERS, LTD.",2155554369,6047 DOUGLAS AV.,LOS ANGELES,28034,USA,DESCONOCIDO,CHANDLER,MICHAEL,MEDIUM,2003,10,4
10160,0.7213114754098361,1.0,0.23529411764705882,0.6280960478969895,2003-10-11,SHIPPED,4,10,2003,CLASSIC CARS,0.4530386740331491,S12_4675,"MEN 'R' US RETAILERS, LTD.",2155554369,6047 DOUGLAS AV.,LOS ANGELES,28034,USA,DESCONOCIDO,CHANDLER,MICHAEL,MEDIUM,2003,10,4
10161,0.36065573770491804,1.0,0.6470588235294117,0.43871049651029537,2003-10-17,SHIPPED,4,10,2003,CLASSIC CARS,0.5966850828729282,S18_1129,HEINTZE COLLECTABLES,86 21 3555,SMAGSLOGET 45,AAARHUS,8200,DENMARK,EMEA,IBSEN,PALLE,MEDIUM,2003,10,4
10161,0.27868852459016397,0.361734135667396,0.3529411764705882,0.09949049310244595,2003-10-17,SHIPPED,4,10,2003,CLASSIC CARS,0.09392265193370164,S24_1628,HEINTZE COLLECTABLES,86 21 3555,SMAGSLOGET 45,AAARHUS,8200,DENMARK,EMEA,IBSEN,PALLE,SMALL,2003,10,4
10161,0.3934426229508197,1.0,0.2941176470588235,0.35629666999655873,2003-10-17,SHIPPED,4,10,2003,CLASSIC CARS,0.4088397790055248,S24_3432,HEINTZE COLLECTABLES,86 21 3555,SMAGSLOGET 45,AAARHUS,8200,DENMARK,EMEA,IBSEN,PALLE,MEDIUM,2003,10,4
10161,0.3114754098360656,0.7338621444201314,0.0,0.20465405316913293,2003-10-17,SHIPPED,4,10,2003,CLASSIC CARS,0.2099447513812155,S18_4933,HEINTZE COLLECTABLES,86 21 3555,SMAGSLOGET 45,AAARHUS,8200,DENMARK,EMEA,IBSEN,PALLE,SMALL,2003,10,4
10161,0.5081967213114754,0.6274617067833699,0.23529411764705882,0.29534561272798343,2003-10-17,SHIPPED,4,10,2003,CLASSIC CARS,0.22099447513812154,S24_1046,HEINTZE COLLECTABLES,86 21 3555,SMAGSLOGET 45,AAARHUS,8200,DENMARK,EMEA,IBSEN,PALLE,SMALL,2003,10,4
10161,0.4918032786885246,1.0,0.5294117647058824,0.6764741454483494,2003-10-17,SHIPPED,4,10,2003,CLASSIC CARS,0.5966850828729282,S18_3685,HEINTZE COLLECTABLES,86 21 3555,SMAGSLOGET 45,AAARHUS,8200,DENMARK,EMEA,IBSEN,PALLE,MEDIUM,2003,10,4
10161,0.6885245901639344,1.0,0.5882352941176471,0.7568512807834045,2003-10-17,SHIPPED,4,10,2003,CLASSIC CARS,0.6022099447513812,S18_1984,HEINTZE COLLECTABLES,86 21 3555,SMAGSLOGET 45,AAARHUS,8200,DENMARK,EMEA,IBSEN,PALLE,MEDIUM,2003,10,4
10161,0.27868852459016397,1.0,0.47058823529411764,0.3615888596734479,2003-10-17,SHIPPED,4,10,2003,CLASSIC CARS,0.5469613259668508,S18_2870,HEINTZE COLLECTABLES,86 21 3555,SMAGSLOGET 45,AAARHUS,8200,DENMARK,EMEA,IBSEN,PALLE,MEDIUM,2003,10,4
10161,0.6065573770491803,1.0,0.4117647058823529,0.7579591659455612,2003-10-17,SHIPPED,4,10,2003,CLASSIC CARS,0.5027624309392266,S18_1589,HEINTZE COLLECTABLES,86 21 3555,SMAGSLOGET 45,AAARHUS,8200,DENMARK,EMEA,IBSEN,PALLE,MEDIUM,2003,10,4
10161,0.2295081967213115,0.68613238512035,0.1764705882352941,0.14150860816079702,2003-10-17,SHIPPED,4,10,2003,CLASSIC CARS,0.287292817679558,S24_3191,HEINTZE COLLECTABLES,86 21 3555,SMAGSLOGET 45,AAARHUS,8200,DENMARK,EMEA,IBSEN,PALLE,SMALL,2003,10,4
10161,0.3114754098360656,1.0,0.058823529411764705,0.30438376393626654,2003-10-17,SHIPPED,4,10,2003,CLASSIC CARS,0.4640883977900553,S24_2887,HEINTZE COLLECTABLES,86 21 3555,SMAGSLOGET 45,AAARHUS,8200,DENMARK,EMEA,IBSEN,PALLE,SMALL,2003,10,4
10161,0.2295081967213115,1.0,0.1176470588235294,0.22217440838731878,2003-10-17,SHIPPED,4,10,2003,CLASSIC CARS,0.3149171270718232,S24_2766,HEINTZE COLLECTABLES,86 21 3555,SMAGSLOGET 45,AAARHUS,8200,DENMARK,EMEA,IBSEN,PALLE,SMALL,2003,10,4
10162,0.5081967213114754,0.004649890590809613,0.23529411764705882,0.0701629419763522,2003-10-18,SHIPPED,4,10,2003,VINTAGE CARS,0.0,S24_1937,CORPORATE GIFT IDEAS CO.,6505551386,7734 STRONG ST.,SAN FRANCISCO,28034,USA,DESCONOCIDO,BROWN,JULIE,SMALL,2003,10,4
10162,0.6885245901639344,1.0,0.1176470588235294,0.8990027028923286,2003-10-18,SHIPPED,4,10,2003,VINTAGE CARS,0.7458563535911602,S18_2795,CORPORATE GIFT IDEAS CO.,6505551386,7734 STRONG ST.,SAN FRANCISCO,28034,USA,DESCONOCIDO,BROWN,JULIE,LARGE,2003,10,4
10162,0.6065573770491803,0.1286925601750547,0.1764705882352941,0.14411060141860085,2003-10-18,SHIPPED,4,10,2003,VINTAGE CARS,0.06077348066298344,S24_2022,CORPORATE GIFT IDEAS CO.,6505551386,7734 STRONG ST.,SAN FRANCISCO,28034,USA,DESCONOCIDO,BROWN,JULIE,SMALL,2003,10,4
10162,0.6885245901639344,0.8829321663019694,0.058823529411764705,0.5221346501441654,2003-10-18,SHIPPED,4,10,2003,VINTAGE CARS,0.3812154696132597,S18_1342,CORPORATE GIFT IDEAS CO.,6505551386,7734 STRONG ST.,SAN FRANCISCO,28034,USA,DESCONOCIDO,BROWN,JULIE,MEDIUM,2003,10,4
10162,0.34426229508196726,0.5845185995623633,0.4117647058823529,0.18677821248275195,2003-10-18,SHIPPED,4,10,2003,VINTAGE CARS,0.14917127071823205,S18_2248,CORPORATE GIFT IDEAS CO.,6505551386,7734 STRONG ST.,SAN FRANCISCO,28034,USA,DESCONOCIDO,BROWN,JULIE,SMALL,2003,10,4
10162,0.5409836065573771,1.0,0.5294117647058824,0.45838381071067025,2003-10-18,SHIPPED,4,10,2003,VINTAGE CARS,0.32596685082872934,S18_4409,CORPORATE GIFT IDEAS CO.,6505551386,7734 STRONG ST.,SAN FRANCISCO,28034,USA,DESCONOCIDO,BROWN,JULIE,MEDIUM,2003,10,4
10162,0.3770491803278689,1.0,0.47058823529411764,0.627361021552977,2003-10-18,SHIPPED,4,10,2003,VINTAGE CARS,0.7569060773480663,S18_1749,CORPORATE GIFT IDEAS CO.,6505551386,7734 STRONG ST.,SAN FRANCISCO,28034,USA,DESCONOCIDO,BROWN,JULIE,MEDIUM,2003,10,4
10162,0.5081967213114754,0.1654814004376367,0.3529411764705882,0.12831288066847304,2003-10-18,SHIPPED,4,10,2003,VINTAGE CARS,0.04419889502762431,S24_3969,CORPORATE GIFT IDEAS CO.,6505551386,7734 STRONG ST.,SAN FRANCISCO,28034,USA,DESCONOCIDO,BROWN,JULIE,SMALL,2003,10,4
10162,0.5245901639344263,1.0,0.2941176470588235,0.5101844582020587,2003-10-18,SHIPPED,4,10,2003,VINTAGE CARS,0.5193370165745856,S18_2325,CORPORATE GIFT IDEAS CO.,6505551386,7734 STRONG ST.,SAN FRANCISCO,28034,USA,DESCONOCIDO,BROWN,JULIE,MEDIUM,2003,10,4
10162,0.639344262295082,0.3327407002188184,0.0,0.24353694676738752,2003-10-18,SHIPPED,4,10,2003,VINTAGE CARS,0.11049723756906077,S18_1367,CORPORATE GIFT IDEAS CO.,6505551386,7734 STRONG ST.,SAN FRANCISCO,28034,USA,DESCONOCIDO,BROWN,JULIE,SMALL,2003,10,4
10163,0.4098360655737705,1.0,0.058823529411764705,0.3804710182453585,2003-10-20,SHIPPED,4,10,2003,VINTAGE CARS,0.37569060773480667,S18_2949,CLASSIC LEGENDS INC.,2125558493,5905 POMPTON ST.,NYC,10022,USA,DESCONOCIDO,HERNANDEZ,MARIA,MEDIUM,2003,10,4
10163,0.6885245901639344,0.5891684901531727,0.1764705882352941,0.384345275284071,2003-10-20,SHIPPED,4,10,2003,VINTAGE CARS,0.16022099447513816,S18_2957,CLASSIC LEGENDS INC.,2125558493,5905 POMPTON ST.,NYC,10022,USA,DESCONOCIDO,HERNANDEZ,MARIA,MEDIUM,2003,10,4
10163,0.5901639344262295,0.8844365426695842,0.23529411764705882,0.4494311898405995,2003-10-20,SHIPPED,4,10,2003,VINTAGE CARS,0.35359116022099446,S24_4258,CLASSIC LEGENDS INC.,2125558493,5905 POMPTON ST.,NYC,10022,USA,DESCONOCIDO,HERNANDEZ,MARIA,MEDIUM,2003,10,4
10163,0.5573770491803279,1.0,0.1176470588235294,0.5905161555449385,2003-10-20,SHIPPED,4,10,2003,VINTAGE CARS,0.39226519337016574,S18_3136,CLASSIC LEGENDS INC.,2125558493,5905 POMPTON ST.,NYC,10022,USA,DESCONOCIDO,HERNANDEZ,MARIA,MEDIUM,2003,10,4
10163,0.6065573770491803,1.0,0.2941176470588235,0.6026293896942624,2003-10-20,SHIPPED,4,10,2003,VINTAGE CARS,0.3646408839779005,S18_3320,CLASSIC LEGENDS INC.,2125558493,5905 POMPTON ST.,NYC,10022,USA,DESCONOCIDO,HERNANDEZ,MARIA,MEDIUM,2003,10,4
10163,0.2459016393442623,1.0,0.0,0.5850956703607308,2003-10-20,SHIPPED,4,10,2003,CLASSIC CARS,0.9999999999999999,S10_1949,CLASSIC LEGENDS INC.,2125558493,5905 POMPTON ST.,NYC,10022,USA,DESCONOCIDO,HERNANDEZ,MARIA,MEDIUM,2003,10,4
10164,0.639344262295082,1.0,0.1176470588235294,0.6054505544437354,2003-10-21,RESOLVED,4,10,2003,TRUCKS AND BUSES,0.4861878453038674,S18_4600,MINI AUTO WERKE,7675-3555,KIRCHGASSE 6,GRAZ,8010,AUSTRIA,EMEA,MENDEL,ROLAND,MEDIUM,2003,10,4
10166,0.6065573770491803,1.0,0.058823529411764705,0.861799678593026,2003-10-21,SHIPPED,4,10,2003,VINTAGE CARS,0.569060773480663,S18_3140,FUNGIFTIDEAS.COM,5085552555,1785 FIRST STREET,NEW BEDFORD,50553,USA,DESCONOCIDO,BENITEZ,VIOLETA,MEDIUM,2003,10,4
10164,0.7049180327868853,0.3837527352297593,0.23529411764705882,0.29533759425877604,2003-10-21,RESOLVED,4,10,2003,TRUCKS AND BUSES,0.1712707182320442,S32_3522,MINI AUTO WERKE,7675-3555,KIRCHGASSE 6,GRAZ,8010,AUSTRIA,EMEA,MENDEL,ROLAND,SMALL,2003,10,4
10164,0.29508196721311475,1.0,0.0,0.287706684396393,2003-10-21,RESOLVED,4,10,2003,TRUCKS AND BUSES,0.34806629834254144,S32_1268,MINI AUTO WERKE,7675-3555,KIRCHGASSE 6,GRAZ,8010,AUSTRIA,EMEA,MENDEL,ROLAND,SMALL,2003,10,4
10166,0.3770491803278689,1.0,0.1176470588235294,0.3383580179680531,2003-10-21,SHIPPED,4,10,2003,SHIPS,0.2928176795580111,S700_1938,FUNGIFTIDEAS.COM,5085552555,1785 FIRST STREET,NEW BEDFORD,50553,USA,DESCONOCIDO,BENITEZ,VIOLETA,MEDIUM,2003,10,4
10164,0.7049180327868853,1.0,0.2941176470588235,0.8126624992900314,2003-10-21,RESOLVED,4,10,2003,TRUCKS AND BUSES,0.569060773480663,S12_1666,MINI AUTO WERKE,7675-3555,KIRCHGASSE 6,GRAZ,8010,AUSTRIA,EMEA,MENDEL,ROLAND,MEDIUM,2003,10,4
10164,0.4918032786885246,0.9886487964989059,0.4117647058823529,0.4126825454630499,2003-10-21,RESOLVED,4,10,2003,TRUCKS AND BUSES,0.45856353591160215,S18_1097,MINI AUTO WERKE,7675-3555,KIRCHGASSE 6,GRAZ,8010,AUSTRIA,EMEA,MENDEL,ROLAND,MEDIUM,2003,10,4
10164,0.5409836065573771,0.7528719912472648,0.1764705882352941,0.36258715908977013,2003-10-21,RESOLVED,4,10,2003,CLASSIC CARS,0.37569060773480667,S700_2824,MINI AUTO WERKE,7675-3555,KIRCHGASSE 6,GRAZ,8010,AUSTRIA,EMEA,MENDEL,ROLAND,MEDIUM,2003,10,4
10166,0.3278688524590164,0.6407275711159739,0.0,0.191755009037483,2003-10-21,SHIPPED,4,10,2003,VINTAGE CARS,0.2983425414364641,S18_4522,FUNGIFTIDEAS.COM,5085552555,1785 FIRST STREET,NEW BEDFORD,50553,USA,DESCONOCIDO,BENITEZ,VIOLETA,SMALL,2003,10,4
10164,0.3114754098360656,0.36857221006564544,0.3529411764705882,0.11541517294835771,2003-10-21,RESOLVED,4,10,2003,VINTAGE CARS,0.09392265193370164,S18_4668,MINI AUTO WERKE,7675-3555,KIRCHGASSE 6,GRAZ,8010,AUSTRIA,EMEA,MENDEL,ROLAND,SMALL,2003,10,4
10164,0.2459016393442623,1.0,0.058823529411764705,0.4082322950529386,2003-10-21,RESOLVED,4,10,2003,CLASSIC CARS,0.6298342541436464,S10_4962,MINI AUTO WERKE,7675-3555,KIRCHGASSE 6,GRAZ,8010,AUSTRIA,EMEA,MENDEL,ROLAND,MEDIUM,2003,10,4
10165,0.6229508196721312,1.0,0.1176470588235294,1.0,2003-10-22,SHIPPED,4,10,2003,CLASSIC CARS,0.9613259668508286,S12_1108,"DRAGON SOUVENIERS, LTD.",+65 221 7555,"BRONZ SOK., BRONZ APT. 3/6 TESVIKIYE",SINGAPORE,79903,SINGAPORE,JAPAN,NATIVIDAD,ERIC,LARGE,2003,10,4
10165,0.6885245901639344,0.2613512035010941,0.7647058823529411,0.23058310976282037,2003-10-22,SHIPPED,4,10,2003,TRUCKS AND BUSES,0.11602209944751385,S32_2509,"DRAGON SOUVENIERS, LTD.",+65 221 7555,"BRONZ SOK., BRONZ APT. 3/6 TESVIKIYE",SINGAPORE,79903,SINGAPORE,JAPAN,NATIVIDAD,ERIC,SMALL,2003,10,4
10165,0.36065573770491804,1.0,0.2941176470588235,0.3816083044612758,2003-10-22,SHIPPED,4,10,2003,CLASSIC CARS,0.6077348066298343,S18_4027,"DRAGON SOUVENIERS, LTD.",+65 221 7555,"BRONZ SOK., BRONZ APT. 3/6 TESVIKIYE",SINGAPORE,79903,SINGAPORE,JAPAN,NATIVIDAD,ERIC,MEDIUM,2003,10,4
10165,0.3770491803278689,1.0,0.5882352941176471,0.608176833974254,2003-10-22,SHIPPED,4,10,2003,CLASSIC CARS,0.718232044198895,S18_2238,"DRAGON SOUVENIERS, LTD.",+65 221 7555,"BRONZ SOK., BRONZ APT. 3/6 TESVIKIYE",SINGAPORE,79903,SINGAPORE,JAPAN,NATIVIDAD,ERIC,MEDIUM,2003,10,4
10165,0.42622950819672134,1.0,0.9411764705882353,0.5585705742226261,2003-10-22,SHIPPED,4,10,2003,TRUCKS AND BUSES,0.5193370165745856,S24_2300,"DRAGON SOUVENIERS, LTD.",+65 221 7555,"BRONZ SOK., BRONZ APT. 3/6 TESVIKIYE",SINGAPORE,79903,SINGAPORE,JAPAN,NATIVIDAD,ERIC,MEDIUM,2003,10,4
10165,0.34426229508196726,1.0,0.058823529411764705,0.678482771984805,2003-10-22,SHIPPED,4,10,2003,CLASSIC CARS,0.7734806629834254,S12_3891,"DRAGON SOUVENIERS, LTD.",+65 221 7555,"BRONZ SOK., BRONZ APT. 3/6 TESVIKIYE",SINGAPORE,79903,SINGAPORE,JAPAN,NATIVIDAD,ERIC,MEDIUM,2003,10,4
10165,0.34426229508196726,0.06756017505470457,0.7058823529411764,0.05038405126474646,2003-10-22,SHIPPED,4,10,2003,CLASSIC CARS,0.011049723756906105,S24_2840,"DRAGON SOUVENIERS, LTD.",+65 221 7555,"BRONZ SOK., BRONZ APT. 3/6 TESVIKIYE",SINGAPORE,79903,SINGAPORE,JAPAN,NATIVIDAD,ERIC,SMALL,2003,10,4
10165,0.4098360655737705,0.6047592997811816,1.0,0.2301260570179981,2003-10-22,SHIPPED,4,10,2003,TRUCKS AND BUSES,0.14917127071823205,S18_2432,"DRAGON SOUVENIERS, LTD.",+65 221 7555,"BRONZ SOK., BRONZ APT. 3/6 TESVIKIYE",SINGAPORE,79903,SINGAPORE,JAPAN,NATIVIDAD,ERIC,SMALL,2003,10,4
10165,0.3114754098360656,0.5809628008752735,0.47058823529411764,0.16730135077795857,2003-10-22,SHIPPED,4,10,2003,CLASSIC CARS,0.13259668508287292,S24_1444,"DRAGON SOUVENIERS, LTD.",+65 221 7555,"BRONZ SOK., BRONZ APT. 3/6 TESVIKIYE",SINGAPORE,79903,SINGAPORE,JAPAN,NATIVIDAD,ERIC,SMALL,2003,10,4
10165,0.6229508196721312,0.3632385120350109,0.3529411764705882,0.24980605327604583,2003-10-22,SHIPPED,4,10,2003,TRAINS,0.16022099447513816,S32_3207,"DRAGON SOUVENIERS, LTD.",+65 221 7555,"BRONZ SOK., BRONZ APT. 3/6 TESVIKIYE",SINGAPORE,79903,SINGAPORE,JAPAN,NATIVIDAD,ERIC,SMALL,2003,10,4
10165,0.6885245901639344,0.9305251641137855,0.5294117647058824,0.5444580684175885,2003-10-22,SHIPPED,4,10,2003,TRUCKS AND BUSES,0.4530386740331491,S50_1392,"DRAGON SOUVENIERS, LTD.",+65 221 7555,"BRONZ SOK., BRONZ APT. 3/6 TESVIKIYE",SINGAPORE,79903,SINGAPORE,JAPAN,NATIVIDAD,ERIC,MEDIUM,2003,10,4
10165,0.459016393442623,1.0,0.1764705882352941,0.5877390923761063,2003-10-22,SHIPPED,4,10,2003,CLASSIC CARS,0.6519337016574586,S12_3148,"DRAGON SOUVENIERS, LTD.",+65 221 7555,"BRONZ SOK., BRONZ APT. 3/6 TESVIKIYE",SINGAPORE,79903,SINGAPORE,JAPAN,NATIVIDAD,ERIC,MEDIUM,2003,10,4
10165,0.29508196721311475,0.9912472647702406,0.4117647058823529,0.25425363086308794,2003-10-22,SHIPPED,4,10,2003,CLASSIC CARS,0.4696132596685083,S24_4048,"DRAGON SOUVENIERS, LTD.",+65 221 7555,"BRONZ SOK., BRONZ APT. 3/6 TESVIKIYE",SINGAPORE,79903,SINGAPORE,JAPAN,NATIVIDAD,ERIC,SMALL,2003,10,4
10165,0.7213114754098361,1.0,0.0,0.6498127353337186,2003-10-22,SHIPPED,4,10,2003,TRAINS,0.37016574585635353,S18_3259,"DRAGON SOUVENIERS, LTD.",+65 221 7555,"BRONZ SOK., BRONZ APT. 3/6 TESVIKIYE",SINGAPORE,79903,SINGAPORE,JAPAN,NATIVIDAD,ERIC,MEDIUM,2003,10,4
10165,0.6557377049180328,1.0,0.8235294117647058,0.7352949627308234,2003-10-22,SHIPPED,4,10,2003,TRUCKS AND BUSES,0.4917127071823204,S18_2319,"DRAGON SOUVENIERS, LTD.",+65 221 7555,"BRONZ SOK., BRONZ APT. 3/6 TESVIKIYE",SINGAPORE,79903,SINGAPORE,JAPAN,NATIVIDAD,ERIC,MEDIUM,2003,10,4
10165,0.6721311475409837,1.0,0.8823529411764706,1.0,2003-10-22,SHIPPED,4,10,2003,CLASSIC CARS,0.7513812154696132,S18_3232,"DRAGON SOUVENIERS, LTD.",+65 221 7555,"BRONZ SOK., BRONZ APT. 3/6 TESVIKIYE",SINGAPORE,79903,SINGAPORE,JAPAN,NATIVIDAD,ERIC,LARGE,2003,10,4
10165,0.5245901639344263,0.5456783369803063,0.23529411764705882,0.2747007273419777,2003-10-22,SHIPPED,4,10,2003,TRAINS,0.13812154696132595,S50_1514,"DRAGON SOUVENIERS, LTD.",+65 221 7555,"BRONZ SOK., BRONZ APT. 3/6 TESVIKIYE",SINGAPORE,79903,SINGAPORE,JAPAN,NATIVIDAD,ERIC,SMALL,2003,10,4
10165,0.6885245901639344,1.0,0.6470588235294117,0.8477486477185785,2003-10-22,SHIPPED,4,10,2003,TRUCKS AND BUSES,0.4696132596685083,S12_4473,"DRAGON SOUVENIERS, LTD.",+65 221 7555,"BRONZ SOK., BRONZ APT. 3/6 TESVIKIYE",SINGAPORE,79903,SINGAPORE,JAPAN,NATIVIDAD,ERIC,MEDIUM,2003,10,4
10167,0.3770491803278689,0.7792669584245075,0.4117647058823529,0.2605748574215944,2003-10-23,CANCELLED,4,10,2003,VINTAGE CARS,0.27624309392265195,S24_3816,SCANDINAVIAN GIFT IDEAS,0695-34 6555,?KERGATAN 24,BORAS,S-844 67,SWEDEN,EMEA,LARSSON,MARIA,SMALL,2003,10,4
10167,0.4426229508196722,1.0,0.8823529411764706,0.4450290502457327,2003-10-23,CANCELLED,4,10,2003,SHIPS,0.4917127071823204,S24_2011,SCANDINAVIAN GIFT IDEAS,0695-34 6555,?KERGATAN 24,BORAS,S-844 67,SWEDEN,EMEA,LARSSON,MARIA,MEDIUM,2003,10,4
10167,0.5573770491803279,0.20281728665207877,0.1764705882352941,0.1585344911111928,2003-10-23,CANCELLED,4,10,2003,PLANES,0.08839779005524862,S72_1253,SCANDINAVIAN GIFT IDEAS,0695-34 6555,?KERGATAN 24,BORAS,S-844 67,SWEDEN,EMEA,LARSSON,MARIA,SMALL,2003,10,4
10167,0.42622950819672134,0.4956236323851203,0.1176470588235294,0.20550133808204896,2003-10-23,CANCELLED,4,10,2003,VINTAGE CARS,0.17679558011049723,S24_3420,SCANDINAVIAN GIFT IDEAS,0695-34 6555,?KERGATAN 24,BORAS,S-844 67,SWEDEN,EMEA,LARSSON,MARIA,SMALL,2003,10,4
10167,0.6557377049180328,0.6323851203501094,0.3529411764705882,0.3850722831588759,2003-10-23,CANCELLED,4,10,2003,SHIPS,0.2928176795580111,S18_3029,SCANDINAVIAN GIFT IDEAS,0695-34 6555,?KERGATAN 24,BORAS,S-844 67,SWEDEN,EMEA,LARSSON,MARIA,MEDIUM,2003,10,4
10167,0.29508196721311475,1.0,0.7058823529411764,0.3114734271271496,2003-10-23,CANCELLED,4,10,2003,SHIPS,0.37016574585635353,S700_3505,SCANDINAVIAN GIFT IDEAS,0695-34 6555,?KERGATAN 24,BORAS,S-844 67,SWEDEN,EMEA,LARSSON,MARIA,SMALL,2003,10,4
10167,0.6229508196721312,1.0,0.47058823529411764,0.7272791663464847,2003-10-23,CANCELLED,4,10,2003,CLASSIC CARS,0.569060773480663,S10_4757,SCANDINAVIAN GIFT IDEAS,0695-34 6555,?KERGATAN 24,BORAS,S-844 67,SWEDEN,EMEA,LARSSON,MARIA,MEDIUM,2003,10,4
10167,0.6557377049180328,0.5912199124726477,0.5294117647058824,0.36656832905124803,2003-10-23,CANCELLED,4,10,2003,SHIPS,0.2154696132596685,S700_2610,SCANDINAVIAN GIFT IDEAS,0695-34 6555,?KERGATAN 24,BORAS,S-844 67,SWEDEN,EMEA,LARSSON,MARIA,MEDIUM,2003,10,4
10167,0.36065573770491804,1.0,0.7647058823529411,0.33689197451463204,2003-10-23,CANCELLED,4,10,2003,SHIPS,0.3646408839779005,S700_3962,SCANDINAVIAN GIFT IDEAS,0695-34 6555,?KERGATAN 24,BORAS,S-844 67,SWEDEN,EMEA,LARSSON,MARIA,MEDIUM,2003,10,4
10167,0.3770491803278689,1.0,0.23529411764705882,0.32847525466992306,2003-10-23,CANCELLED,4,10,2003,SHIPS,0.3149171270718232,S700_2047,SCANDINAVIAN GIFT IDEAS,0695-34 6555,?KERGATAN 24,BORAS,S-844 67,SWEDEN,EMEA,LARSSON,MARIA,SMALL,2003,10,4
10167,0.459016393442623,1.0,0.2941176470588235,0.41661961384388707,2003-10-23,CANCELLED,4,10,2003,VINTAGE CARS,0.39779005524861877,S18_3856,SCANDINAVIAN GIFT IDEAS,0695-34 6555,?KERGATAN 24,BORAS,S-844 67,SWEDEN,EMEA,LARSSON,MARIA,MEDIUM,2003,10,4
10167,0.2295081967213115,0.7218271334792121,0.5882352941176471,0.14848467637124177,2003-10-23,CANCELLED,4,10,2003,VINTAGE CARS,0.30386740331491713,S24_3151,SCANDINAVIAN GIFT IDEAS,0695-34 6555,?KERGATAN 24,BORAS,S-844 67,SWEDEN,EMEA,LARSSON,MARIA,SMALL,2003,10,4
10167,0.5245901639344263,0.29690919037199126,0.8235294117647058,0.18232528924957153,2003-10-23,CANCELLED,4,10,2003,SHIPS,0.11602209944751385,S72_3212,SCANDINAVIAN GIFT IDEAS,0695-34 6555,?KERGATAN 24,BORAS,S-844 67,SWEDEN,EMEA,LARSSON,MARIA,SMALL,2003,10,4
10167,0.6065573770491803,0.6627461706783371,0.6470588235294117,0.368514144245579,2003-10-23,CANCELLED,4,10,2003,SHIPS,0.18232044198895025,S700_1138,SCANDINAVIAN GIFT IDEAS,0695-34 6555,?KERGATAN 24,BORAS,S-844 67,SWEDEN,EMEA,LARSSON,MARIA,MEDIUM,2003,10,4
10167,0.2459016393442623,0.5880743982494528,0.058823529411764705,0.13168331055865343,2003-10-23,CANCELLED,4,10,2003,PLANES,0.19337016574585636,S24_2841,SCANDINAVIAN GIFT IDEAS,0695-34 6555,?KERGATAN 24,BORAS,S-844 67,SWEDEN,EMEA,LARSSON,MARIA,SMALL,2003,10,4
10167,0.6065573770491803,1.0,0.0,0.7058377796858766,2003-10-23,CANCELLED,4,10,2003,PLANES,0.6850828729281768,S18_1662,SCANDINAVIAN GIFT IDEAS,0695-34 6555,?KERGATAN 24,BORAS,S-844 67,SWEDEN,EMEA,LARSSON,MARIA,MEDIUM,2003,10,4
10168,0.4098360655737705,1.0,0.8823529411764706,0.39414250824398867,2003-10-28,SHIPPED,4,10,2003,PLANES,0.3646408839779005,S700_2466,TECHNICS STORES INC.,6505556809,9408 FURTH CIRCLE,BURLINGAME,94217,USA,DESCONOCIDO,HIRANO,JURI,MEDIUM,2003,10,4
10168,0.2295081967213115,1.0,0.1176470588235294,0.4945885355936507,2003-10-28,SHIPPED,4,10,2003,MOTORCYCLES,0.8839779005524863,S10_4698,TECHNICS STORES INC.,6505556809,9408 FURTH CIRCLE,BURLINGAME,94217,USA,DESCONOCIDO,HIRANO,JURI,MEDIUM,2003,10,4
10168,0.7213114754098361,1.0,0.058823529411764705,0.7036701201768073,2003-10-28,SHIPPED,4,10,2003,MOTORCYCLES,0.43646408839779005,S24_1578,TECHNICS STORES INC.,6505556809,9408 FURTH CIRCLE,BURLINGAME,94217,USA,DESCONOCIDO,HIRANO,JURI,MEDIUM,2003,10,4
10168,0.6557377049180328,0.4690919037199125,0.23529411764705882,0.3116712160342656,2003-10-28,SHIPPED,4,10,2003,MOTORCYCLES,0.14917127071823205,S18_2625,TECHNICS STORES INC.,6505556809,9408 FURTH CIRCLE,BURLINGAME,94217,USA,DESCONOCIDO,HIRANO,JURI,SMALL,2003,10,4
10168,0.4098360655737705,0.6390864332603938,0.6470588235294117,0.24052467516847137,2003-10-28,SHIPPED,4,10,2003,VINTAGE CARS,0.19337016574585636,S32_4289,TECHNICS STORES INC.,6505556809,9408 FURTH CIRCLE,BURLINGAME,94217,USA,DESCONOCIDO,HIRANO,JURI,SMALL,2003,10,4
10168,0.7049180327868853,1.0,0.5882352941176471,0.7953746796788603,2003-10-28,SHIPPED,4,10,2003,PLANES,0.419889502762431,S24_1785,TECHNICS STORES INC.,6505556809,9408 FURTH CIRCLE,BURLINGAME,94217,USA,DESCONOCIDO,HIRANO,JURI,MEDIUM,2003,10,4
10168,0.5409836065573771,0.7662746170678336,0.9411764705882353,0.3676949239748888,2003-10-28,SHIPPED,4,10,2003,PLANES,0.22651933701657456,S700_4002,TECHNICS STORES INC.,6505556809,9408 FURTH CIRCLE,BURLINGAME,94217,USA,DESCONOCIDO,HIRANO,JURI,MEDIUM,2003,10,4
10168,0.6885245901639344,0.9452954048140043,0.8235294117647058,0.5513860258127888,2003-10-28,SHIPPED,4,10,2003,PLANES,0.2596685082872928,S700_3167,TECHNICS STORES INC.,6505556809,9408 FURTH CIRCLE,BURLINGAME,94217,USA,DESCONOCIDO,HIRANO,JURI,MEDIUM,2003,10,4
10168,0.2459016393442623,0.6028446389496717,0.47058823529411764,0.13471429191905357,2003-10-28,SHIPPED,4,10,2003,PLANES,0.281767955801105,S18_2581,TECHNICS STORES INC.,6505556809,9408 FURTH CIRCLE,BURLINGAME,94217,USA,DESCONOCIDO,HIRANO,JURI,SMALL,2003,10,4
10168,0.6885245901639344,0.3425875273522976,0.7058823529411764,0.2686868754364219,2003-10-28,SHIPPED,4,10,2003,VINTAGE CARS,0.05524861878453041,S50_1341,TECHNICS STORES INC.,6505556809,9408 FURTH CIRCLE,BURLINGAME,94217,USA,DESCONOCIDO,HIRANO,JURI,SMALL,2003,10,4
10168,0.3770491803278689,0.6637035010940919,0.2941176470588235,0.22782609276700666,2003-10-28,SHIPPED,4,10,2003,MOTORCYCLES,0.23756906077348067,S24_2000,TECHNICS STORES INC.,6505556809,9408 FURTH CIRCLE,BURLINGAME,94217,USA,DESCONOCIDO,HIRANO,JURI,SMALL,2003,10,4
10168,0.4918032786885246,0.9543216630196936,0.0,0.4006067308366939,2003-10-28,SHIPPED,4,10,2003,MOTORCYCLES,0.3425414364640884,S10_1678,TECHNICS STORES INC.,6505556809,9408 FURTH CIRCLE,BURLINGAME,94217,USA,DESCONOCIDO,HIRANO,JURI,MEDIUM,2003,10,4
10168,0.6885245901639344,0.7025437636761487,0.5294117647058824,0.4375237630675991,2003-10-28,SHIPPED,4,10,2003,PLANES,0.2154696132596685,S24_4278,TECHNICS STORES INC.,6505556809,9408 FURTH CIRCLE,BURLINGAME,94217,USA,DESCONOCIDO,HIRANO,JURI,MEDIUM,2003,10,4
10168,0.36065573770491804,1.0,0.3529411764705882,0.3691476033129642,2003-10-28,SHIPPED,4,10,2003,MOTORCYCLES,0.3646408839779005,S32_1374,TECHNICS STORES INC.,6505556809,9408 FURTH CIRCLE,BURLINGAME,94217,USA,DESCONOCIDO,HIRANO,JURI,MEDIUM,2003,10,4
10168,0.4918032786885246,1.0,0.4117647058823529,0.5406573140132773,2003-10-28,SHIPPED,4,10,2003,PLANES,0.4696132596685083,S700_2834,TECHNICS STORES INC.,6505556809,9408 FURTH CIRCLE,BURLINGAME,94217,USA,DESCONOCIDO,HIRANO,JURI,MEDIUM,2003,10,4
10168,0.34426229508196726,1.0,0.1764705882352941,0.4248184986084615,2003-10-28,SHIPPED,4,10,2003,MOTORCYCLES,0.4696132596685083,S10_2016,TECHNICS STORES INC.,6505556809,9408 FURTH CIRCLE,BURLINGAME,94217,USA,DESCONOCIDO,HIRANO,JURI,MEDIUM,2003,10,4
10168,0.34426229508196726,0.6310175054704594,1.0,0.19904647037008577,2003-10-28,SHIPPED,4,10,2003,PLANES,0.19337016574585636,S24_3949,TECHNICS STORES INC.,6505556809,9408 FURTH CIRCLE,BURLINGAME,94217,USA,DESCONOCIDO,HIRANO,JURI,SMALL,2003,10,4
10168,0.36065573770491804,0.9815371991247266,0.7647058823529411,0.3047111847622357,2003-10-28,SHIPPED,4,10,2003,PLANES,0.3204419889502762,S700_1691,TECHNICS STORES INC.,6505556809,9408 FURTH CIRCLE,BURLINGAME,94217,USA,DESCONOCIDO,HIRANO,JURI,SMALL,2003,10,4
10169,0.4426229508196722,1.0,0.3529411764705882,0.5917991106181237,2003-11-04,SHIPPED,4,11,2003,CLASSIC CARS,0.6353591160220994,S18_4721,"ANNA'S DECORATIONS, LTD",02 9936 8555,201 MILLER STREET,NORTH SYDNEY,2060,AUSTRALIA,APAC,O'HARA,ANNA,MEDIUM,2003,11,4
10169,0.47540983606557385,1.0,0.7058823529411764,0.5555623118583136,2003-11-04,SHIPPED,4,11,2003,MOTORCYCLES,0.6464088397790055,S12_2823,"ANNA'S DECORATIONS, LTD",02 9936 8555,201 MILLER STREET,NORTH SYDNEY,2060,AUSTRALIA,APAC,O'HARA,ANNA,MEDIUM,2003,11,4
10169,0.6885245901639344,0.7339989059080962,0.5294117647058824,0.45227774640922924,2003-11-04,SHIPPED,4,11,2003,MOTORCYCLES,0.26519337016574585,S50_4713,"ANNA'S DECORATIONS, LTD",02 9936 8555,201 MILLER STREET,NORTH SYDNEY,2060,AUSTRALIA,APAC,O'HARA,ANNA,MEDIUM,2003,11,4
10170,0.2295081967213115,0.4958971553610503,0.058823529411764705,0.10432963926911654,2003-11-04,SHIPPED,4,11,2003,CLASSIC CARS,0.2430939226519337,S18_1889,MINI AUTO WERKE,7675-3555,KIRCHGASSE 6,GRAZ,8010,AUSTRIA,EMEA,MENDEL,ROLAND,SMALL,2003,11,4
10169,0.5245901639344263,0.5676969365426696,0.4117647058823529,0.2828768931104645,2003-11-04,SHIPPED,4,11,2003,MOTORCYCLES,0.16022099447513816,S18_3782,"ANNA'S DECORATIONS, LTD",02 9936 8555,201 MILLER STREET,NORTH SYDNEY,2060,AUSTRALIA,APAC,O'HARA,ANNA,SMALL,2003,11,4
10169,0.459016393442623,1.0,0.6470588235294117,0.4595585164495555,2003-11-04,SHIPPED,4,11,2003,MOTORCYCLES,0.3812154696132597,S32_4485,"ANNA'S DECORATIONS, LTD",02 9936 8555,201 MILLER STREET,NORTH SYDNEY,2060,AUSTRALIA,APAC,O'HARA,ANNA,MEDIUM,2003,11,4
10169,0.4918032786885246,0.5054704595185996,0.1176470588235294,0.24270703520442083,2003-11-04,SHIPPED,4,11,2003,CLASSIC CARS,0.2541436464088398,S12_3990,"ANNA'S DECORATIONS, LTD",02 9936 8555,201 MILLER STREET,NORTH SYDNEY,2060,AUSTRALIA,APAC,O'HARA,ANNA,SMALL,2003,11,4
10169,0.42622950819672134,0.600109409190372,0.23529411764705882,0.23817392727916636,2003-11-04,SHIPPED,4,11,2003,CLASSIC CARS,0.2596685082872928,S18_3278,"ANNA'S DECORATIONS, LTD",02 9936 8555,201 MILLER STREET,NORTH SYDNEY,2060,AUSTRALIA,APAC,O'HARA,ANNA,SMALL,2003,11,4
10169,0.459016393442623,0.3190645514223195,0.0,0.16371174939610905,2003-11-04,SHIPPED,4,11,2003,CLASSIC CARS,0.15469613259668508,S24_3371,"ANNA'S DECORATIONS, LTD",02 9936 8555,201 MILLER STREET,NORTH SYDNEY,2060,AUSTRALIA,APAC,O'HARA,ANNA,SMALL,2003,11,4
10169,0.29508196721311475,0.9258752735229758,0.2941176470588235,0.2389223177385244,2003-11-04,SHIPPED,4,11,2003,CLASSIC CARS,0.2596685082872928,S24_4620,"ANNA'S DECORATIONS, LTD",02 9936 8555,201 MILLER STREET,NORTH SYDNEY,2060,AUSTRALIA,APAC,O'HARA,ANNA,SMALL,2003,11,4
10170,0.459016393442623,1.0,0.0,0.446017994781313,2003-11-04,SHIPPED,4,11,2003,CLASSIC CARS,0.5911602209944752,S24_3856,MINI AUTO WERKE,7675-3555,KIRCHGASSE 6,GRAZ,8010,AUSTRIA,EMEA,MENDEL,ROLAND,MEDIUM,2003,11,4
10170,0.5737704918032788,1.0,0.1176470588235294,0.5223992596280099,2003-11-04,SHIPPED,4,11,2003,CLASSIC CARS,0.4530386740331491,S12_4675,MINI AUTO WERKE,7675-3555,KIRCHGASSE 6,GRAZ,8010,AUSTRIA,EMEA,MENDEL,ROLAND,MEDIUM,2003,11,4
10169,0.4918032786885246,1.0,0.1764705882352941,0.5295918265070546,2003-11-04,SHIPPED,4,11,2003,CLASSIC CARS,0.6243093922651933,S18_3482,"ANNA'S DECORATIONS, LTD",02 9936 8555,201 MILLER STREET,NORTH SYDNEY,2060,AUSTRALIA,APAC,O'HARA,ANNA,MEDIUM,2003,11,4
10170,0.6721311475409837,1.0,0.1764705882352941,0.6658750655676909,2003-11-04,SHIPPED,4,11,2003,CLASSIC CARS,0.4640883977900553,S12_3380,MINI AUTO WERKE,7675-3555,KIRCHGASSE 6,GRAZ,8010,AUSTRIA,EMEA,MENDEL,ROLAND,MEDIUM,2003,11,4
10169,0.5245901639344263,0.6459245076586433,0.5882352941176471,0.3119251342258335,2003-11-04,SHIPPED,4,11,2003,MOTORCYCLES,0.19889502762430938,S24_2360,"ANNA'S DECORATIONS, LTD",02 9936 8555,201 MILLER STREET,NORTH SYDNEY,2060,AUSTRALIA,APAC,O'HARA,ANNA,SMALL,2003,11,4
10169,0.3934426229508197,1.0,0.058823529411764705,0.6064328169216429,2003-11-04,SHIPPED,4,11,2003,CLASSIC CARS,0.8895027624309392,S12_1099,"ANNA'S DECORATIONS, LTD",02 9936 8555,201 MILLER STREET,NORTH SYDNEY,2060,AUSTRALIA,APAC,O'HARA,ANNA,MEDIUM,2003,11,4
10169,0.3278688524590164,0.17710612691466077,0.47058823529411764,0.07396369638066344,2003-11-04,SHIPPED,4,11,2003,MOTORCYCLES,0.03867403314917128,S32_2206,"ANNA'S DECORATIONS, LTD",02 9936 8555,201 MILLER STREET,NORTH SYDNEY,2060,AUSTRALIA,APAC,O'HARA,ANNA,SMALL,2003,11,4
10173,0.26229508196721313,1.0,0.3529411764705882,0.3969877284010838,2003-11-05,SHIPPED,4,11,2003,VINTAGE CARS,0.7458563535911602,S18_2795,ROVELLI GIFTS,035-640555,VIA LUDOVICO IL MORO 22,BERGAMO,24100,ITALY,EMEA,ROVELLI,GIOVANNI,MEDIUM,2003,11,4
10171,0.47540983606557385,1.0,0.0,0.5610349170923694,2003-11-05,SHIPPED,4,11,2003,CLASSIC CARS,0.6022099447513812,S18_1984,QUEBEC HOME SHOPPING NETWORK,(514) 555-8054,43 RUE ST. LAURENT,MONTREAL,H1J 1C3,CANADA,DESCONOCIDO,FRESNISRE,JEAN,MEDIUM,2003,11,4
10173,0.4098360655737705,0.06359409190371995,0.47058823529411764,0.06619246330715078,2003-11-05,SHIPPED,4,11,2003,VINTAGE CARS,0.0,S24_1937,ROVELLI GIFTS,035-640555,VIA LUDOVICO IL MORO 22,BERGAMO,24100,ITALY,EMEA,ROVELLI,GIOVANNI,SMALL,2003,11,4
10172,0.26229508196721313,0.9796225382932167,0.1764705882352941,0.22519737127851147,2003-11-05,SHIPPED,4,11,2003,CLASSIC CARS,0.4088397790055248,S24_3432,GIFT DEPOT INC.,2035552570,25593 SOUTH BAY LN.,BRIDGEWATER,97562,USA,DESCONOCIDO,KING,JULIE,SMALL,2003,11,4
10173,0.34426229508196726,0.19611597374179435,0.4117647058823529,0.08430217601208118,2003-11-05,SHIPPED,4,11,2003,VINTAGE CARS,0.06077348066298344,S24_2022,ROVELLI GIFTS,035-640555,VIA LUDOVICO IL MORO 22,BERGAMO,24100,ITALY,EMEA,ROVELLI,GIOVANNI,SMALL,2003,11,4
10173,0.4098360655737705,1.0,0.5294117647058824,0.5359945741691696,2003-11-05,SHIPPED,4,11,2003,VINTAGE CARS,0.5193370165745856,S18_2325,ROVELLI GIFTS,035-640555,VIA LUDOVICO IL MORO 22,BERGAMO,24100,ITALY,EMEA,ROVELLI,GIOVANNI,MEDIUM,2003,11,4
10173,0.3770491803278689,0.9349015317286651,0.1764705882352941,0.30467911088540606,2003-11-05,SHIPPED,4,11,2003,VINTAGE CARS,0.3646408839779005,S18_3320,ROVELLI GIFTS,035-640555,VIA LUDOVICO IL MORO 22,BERGAMO,24100,ITALY,EMEA,ROVELLI,GIOVANNI,SMALL,2003,11,4
10171,0.5409836065573771,1.0,0.1176470588235294,0.6681148912996268,2003-11-05,SHIPPED,4,11,2003,CLASSIC CARS,0.7513812154696132,S18_3232,QUEBEC HOME SHOPPING NETWORK,(514) 555-8054,43 RUE ST. LAURENT,MONTREAL,H1J 1C3,CANADA,DESCONOCIDO,FRESNISRE,JEAN,MEDIUM,2003,11,4
10173,0.3278688524590164,0.41890043763676144,0.6470588235294117,0.1353958618016832,2003-11-05,SHIPPED,4,11,2003,VINTAGE CARS,0.14917127071823205,S18_2248,ROVELLI GIFTS,035-640555,VIA LUDOVICO IL MORO 22,BERGAMO,24100,ITALY,EMEA,ROVELLI,GIOVANNI,SMALL,2003,11,4
10173,0.4098360655737705,0.8496991247264771,0.0,0.3043249618287455,2003-11-05,SHIPPED,4,11,2003,VINTAGE CARS,0.39226519337016574,S18_3136,ROVELLI GIFTS,035-640555,VIA LUDOVICO IL MORO 22,BERGAMO,24100,ITALY,EMEA,ROVELLI,GIOVANNI,SMALL,2003,11,4
10173,0.36065573770491804,0.36706783369803064,0.058823529411764705,0.1365852680674487,2003-11-05,SHIPPED,4,11,2003,VINTAGE CARS,0.16022099447513816,S18_2957,ROVELLI GIFTS,035-640555,VIA LUDOVICO IL MORO 22,BERGAMO,24100,ITALY,EMEA,ROVELLI,GIOVANNI,SMALL,2003,11,4
10172,0.6885245901639344,1.0,0.4117647058823529,0.6696744835604677,2003-11-05,SHIPPED,4,11,2003,CLASSIC CARS,0.5966850828729282,S18_3685,GIFT DEPOT INC.,2035552570,25593 SOUTH BAY LN.,BRIDGEWATER,97562,USA,DESCONOCIDO,KING,JULIE,MEDIUM,2003,11,4
10172,0.29508196721311475,0.7446663019693653,0.058823529411764705,0.19642443093926343,2003-11-05,SHIPPED,4,11,2003,CLASSIC CARS,0.287292817679558,S24_3191,GIFT DEPOT INC.,2035552570,25593 SOUTH BAY LN.,BRIDGEWATER,97562,USA,DESCONOCIDO,KING,JULIE,SMALL,2003,11,4
10171,0.47540983606557385,1.0,0.058823529411764705,0.5380219104671092,2003-11-05,SHIPPED,4,11,2003,CLASSIC CARS,0.5966850828729282,S18_1129,QUEBEC HOME SHOPPING NETWORK,(514) 555-8054,43 RUE ST. LAURENT,MONTREAL,H1J 1C3,CANADA,DESCONOCIDO,FRESNISRE,JEAN,MEDIUM,2003,11,4
10173,0.2459016393442623,0.6643873085339167,0.7647058823529411,0.14734338092072075,2003-11-05,SHIPPED,4,11,2003,VINTAGE CARS,0.32596685082872934,S18_4409,ROVELLI GIFTS,035-640555,VIA LUDOVICO IL MORO 22,BERGAMO,24100,ITALY,EMEA,ROVELLI,GIOVANNI,SMALL,2003,11,4
10172,0.26229508196721313,0.651394967177243,0.0,0.1546348422533235,2003-11-05,SHIPPED,4,11,2003,CLASSIC CARS,0.3149171270718232,S24_2766,GIFT DEPOT INC.,2035552570,25593 SOUTH BAY LN.,BRIDGEWATER,97562,USA,DESCONOCIDO,KING,JULIE,SMALL,2003,11,4
10172,0.42622950819672134,0.6675328227571116,0.1176470588235294,0.2592571556485104,2003-11-05,SHIPPED,4,11,2003,CLASSIC CARS,0.22099447513812154,S24_1046,GIFT DEPOT INC.,2035552570,25593 SOUTH BAY LN.,BRIDGEWATER,97562,USA,DESCONOCIDO,KING,JULIE,SMALL,2003,11,4
10172,0.5409836065573771,1.0,0.3529411764705882,0.7405096405387075,2003-11-05,SHIPPED,4,11,2003,CLASSIC CARS,0.5469613259668508,S18_2870,GIFT DEPOT INC.,2035552570,25593 SOUTH BAY LN.,BRIDGEWATER,97562,USA,DESCONOCIDO,KING,JULIE,MEDIUM,2003,11,4
10173,0.6065573770491803,1.0,0.2941176470588235,0.6086058220768503,2003-11-05,SHIPPED,4,11,2003,VINTAGE CARS,0.3812154696132597,S18_1342,ROVELLI GIFTS,035-640555,VIA LUDOVICO IL MORO 22,BERGAMO,24100,ITALY,EMEA,ROVELLI,GIOVANNI,MEDIUM,2003,11,4
10173,0.29508196721311475,1.0,0.7058823529411764,0.4044876699330792,2003-11-05,SHIPPED,4,11,2003,VINTAGE CARS,0.7569060773480663,S18_1749,ROVELLI GIFTS,035-640555,VIA LUDOVICO IL MORO 22,BERGAMO,24100,ITALY,EMEA,ROVELLI,GIOVANNI,MEDIUM,2003,11,4
10171,0.4918032786885246,0.11775164113785558,0.1764705882352941,0.1063128739864154,2003-11-05,SHIPPED,4,11,2003,CLASSIC CARS,0.022099447513812154,S24_2972,QUEBEC HOME SHOPPING NETWORK,(514) 555-8054,43 RUE ST. LAURENT,MONTREAL,H1J 1C3,CANADA,DESCONOCIDO,FRESNISRE,JEAN,SMALL,2003,11,4
10172,0.5901639344262295,1.0,0.2941176470588235,0.5991279914736944,2003-11-05,SHIPPED,4,11,2003,CLASSIC CARS,0.5027624309392266,S18_1589,GIFT DEPOT INC.,2035552570,25593 SOUTH BAY LN.,BRIDGEWATER,97562,USA,DESCONOCIDO,KING,JULIE,MEDIUM,2003,11,4
10173,0.5409836065573771,0.6167943107221007,0.8235294117647058,0.3107277094908606,2003-11-05,SHIPPED,4,11,2003,CLASSIC CARS,0.2099447513812155,S18_4933,ROVELLI GIFTS,035-640555,VIA LUDOVICO IL MORO 22,BERGAMO,24100,ITALY,EMEA,ROVELLI,GIOVANNI,SMALL,2003,11,4
10173,0.27868852459016397,1.0,0.8823529411764706,0.300144666548617,2003-11-05,SHIPPED,4,11,2003,CLASSIC CARS,0.4640883977900553,S24_2887,ROVELLI GIFTS,035-640555,VIA LUDOVICO IL MORO 22,BERGAMO,24100,ITALY,EMEA,ROVELLI,GIOVANNI,SMALL,2003,11,4
10173,0.47540983606557385,0.08684354485776802,0.5882352941176471,0.09099893421180116,2003-11-05,SHIPPED,4,11,2003,VINTAGE CARS,0.04419889502762431,S24_3969,ROVELLI GIFTS,035-640555,VIA LUDOVICO IL MORO 22,BERGAMO,24100,ITALY,EMEA,ROVELLI,GIOVANNI,SMALL,2003,11,4
10173,0.26229508196721313,1.0,0.1176470588235294,0.2791777059827803,2003-11-05,SHIPPED,4,11,2003,VINTAGE CARS,0.35359116022099446,S24_4258,ROVELLI GIFTS,035-640555,VIA LUDOVICO IL MORO 22,BERGAMO,24100,ITALY,EMEA,ROVELLI,GIOVANNI,SMALL,2003,11,4
10173,0.6885245901639344,0.23700765864332607,0.23529411764705882,0.21916480961147178,2003-11-05,SHIPPED,4,11,2003,VINTAGE CARS,0.11049723756906077,S18_1367,ROVELLI GIFTS,035-640555,VIA LUDOVICO IL MORO 22,BERGAMO,24100,ITALY,EMEA,ROVELLI,GIOVANNI,SMALL,2003,11,4
10172,0.459016393442623,0.21717724288840257,0.23529411764705882,0.12986044522550272,2003-11-05,SHIPPED,4,11,2003,CLASSIC CARS,0.09392265193370164,S24_1628,GIFT DEPOT INC.,2035552570,25593 SOUTH BAY LN.,BRIDGEWATER,97562,USA,DESCONOCIDO,KING,JULIE,SMALL,2003,11,4
10175,0.5901639344262295,0.8082603938730855,0.5882352941176471,0.4181671784009168,2003-11-06,SHIPPED,4,11,2003,CLASSIC CARS,0.37569060773480667,S700_2824,"STYLISH DESK DECORS, CO.",(171) 555-0297,35 KING GEORGE,LONDON,WX3 6FW,UK,EMEA,BROWN,ANN,MEDIUM,2003,11,4
10175,0.26229508196721313,1.0,0.4117647058823529,0.2612136621351179,2003-11-06,SHIPPED,4,11,2003,TRUCKS AND BUSES,0.34806629834254144,S32_1268,"STYLISH DESK DECORS, CO.",(171) 555-0297,35 KING GEORGE,LONDON,WX3 6FW,UK,EMEA,BROWN,ANN,SMALL,2003,11,4
10176,0.5245901639344263,0.5136761487964989,0.1764705882352941,0.2628173559765994,2003-11-06,SHIPPED,4,11,2003,TRAINS,0.13812154696132595,S50_1514,L'ORDINE SOUVENIERS,0522-556555,STRADA PROVINCIALE 124,REGGIO EMILIA,42100,ITALY,EMEA,MORONI,MAURIZIO,SMALL,2003,11,4
10175,0.6885245901639344,1.0,0.1764705882352941,0.7228529713439957,2003-11-06,SHIPPED,4,11,2003,TRUCKS AND BUSES,0.4917127071823204,S18_2319,"STYLISH DESK DECORS, CO.",(171) 555-0297,35 KING GEORGE,LONDON,WX3 6FW,UK,EMEA,BROWN,ANN,MEDIUM,2003,11,4
10175,0.5081967213114754,0.057986870897155374,0.058823529411764705,0.08944736042016779,2003-11-06,SHIPPED,4,11,2003,CLASSIC CARS,0.011049723756906105,S24_2840,"STYLISH DESK DECORS, CO.",(171) 555-0297,35 KING GEORGE,LONDON,WX3 6FW,UK,EMEA,BROWN,ANN,SMALL,2003,11,4
10176,0.34426229508196726,0.5730306345733042,0.4117647058823529,0.1837472311223518,2003-11-06,SHIPPED,4,11,2003,CLASSIC CARS,0.13259668508287292,S24_1444,L'ORDINE SOUVENIERS,0522-556555,STRADA PROVINCIALE 124,REGGIO EMILIA,42100,ITALY,EMEA,MORONI,MAURIZIO,SMALL,2003,11,4
10175,0.3770491803278689,0.6578227571115973,0.6470588235294117,0.22615958758340043,2003-11-06,SHIPPED,4,11,2003,TRUCKS AND BUSES,0.1712707182320442,S32_3522,"STYLISH DESK DECORS, CO.",(171) 555-0297,35 KING GEORGE,LONDON,WX3 6FW,UK,EMEA,BROWN,ANN,SMALL,2003,11,4
10175,0.5737704918032788,0.5798687089715536,0.3529411764705882,0.31517261425483367,2003-11-06,SHIPPED,4,11,2003,TRUCKS AND BUSES,0.14917127071823205,S18_2432,"STYLISH DESK DECORS, CO.",(171) 555-0297,35 KING GEORGE,LONDON,WX3 6FW,UK,EMEA,BROWN,ANN,SMALL,2003,11,4
10175,0.36065573770491804,1.0,0.2941176470588235,0.33247647080441955,2003-11-06,SHIPPED,4,11,2003,TRUCKS AND BUSES,0.5193370165745856,S24_2300,"STYLISH DESK DECORS, CO.",(171) 555-0297,35 KING GEORGE,LONDON,WX3 6FW,UK,EMEA,BROWN,ANN,SMALL,2003,11,4
10175,0.7213114754098361,0.4982221006564551,0.1176470588235294,0.3586086619513613,2003-11-06,SHIPPED,4,11,2003,TRUCKS AND BUSES,0.11602209944751385,S32_2509,"STYLISH DESK DECORS, CO.",(171) 555-0297,35 KING GEORGE,LONDON,WX3 6FW,UK,EMEA,BROWN,ANN,MEDIUM,2003,11,4
10176,0.4918032786885246,1.0,0.23529411764705882,0.6748864885452827,2003-11-06,SHIPPED,4,11,2003,CLASSIC CARS,0.6077348066298343,S18_4027,L'ORDINE SOUVENIERS,0522-556555,STRADA PROVINCIALE 124,REGGIO EMILIA,42100,ITALY,EMEA,MORONI,MAURIZIO,MEDIUM,2003,11,4
10174,0.459016393442623,1.0,0.1764705882352941,1.0,2003-11-06,SHIPPED,4,11,2003,CLASSIC CARS,0.9999999999999999,S10_1949,"AUSTRALIAN GIFT NETWORK, CO",61-7-3844-6555,31 DUNCAN ST. WEST END,SOUTH BRISBANE,4101,AUSTRALIA,APAC,CALAGHAN,TONY,LARGE,2003,11,4
10174,0.7049180327868853,0.24480306345733038,0.058823529411764705,0.22880568242184496,2003-11-06,SHIPPED,4,11,2003,VINTAGE CARS,0.09392265193370164,S18_4668,"AUSTRALIAN GIFT NETWORK, CO",61-7-3844-6555,31 DUNCAN ST. WEST END,SOUTH BRISBANE,4101,AUSTRALIA,APAC,CALAGHAN,TONY,SMALL,2003,11,4
10176,0.26229508196721313,0.5076586433260394,0.2941176470588235,0.12373433475104323,2003-11-06,SHIPPED,4,11,2003,TRAINS,0.16022099447513816,S32_3207,L'ORDINE SOUVENIERS,0522-556555,STRADA PROVINCIALE 124,REGGIO EMILIA,42100,ITALY,EMEA,MORONI,MAURIZIO,SMALL,2003,11,4
10175,0.6721311475409837,1.0,0.5294117647058824,0.6200227858166645,2003-11-06,SHIPPED,4,11,2003,TRUCKS AND BUSES,0.4861878453038674,S18_4600,"STYLISH DESK DECORS, CO.",(171) 555-0297,35 KING GEORGE,LONDON,WX3 6FW,UK,EMEA,BROWN,ANN,MEDIUM,2003,11,4
10174,0.6557377049180328,1.0,0.23529411764705882,0.6829183218680361,2003-11-06,SHIPPED,4,11,2003,VINTAGE CARS,0.37569060773480667,S18_2949,"AUSTRALIAN GIFT NETWORK, CO",61-7-3844-6555,31 DUNCAN ST. WEST END,SOUTH BRISBANE,4101,AUSTRALIA,APAC,CALAGHAN,TONY,MEDIUM,2003,11,4
10176,0.3770491803278689,1.0,0.3529411764705882,0.3252197561717155,2003-11-06,SHIPPED,4,11,2003,CLASSIC CARS,0.4696132596685083,S24_4048,L'ORDINE SOUVENIERS,0522-556555,STRADA PROVINCIALE 124,REGGIO EMILIA,42100,ITALY,EMEA,MORONI,MAURIZIO,SMALL,2003,11,4
10176,0.27868852459016397,1.0,0.47058823529411764,0.35184508317491286,2003-11-06,SHIPPED,4,11,2003,TRUCKS AND BUSES,0.4530386740331491,S50_1392,L'ORDINE SOUVENIERS,0522-556555,STRADA PROVINCIALE 124,REGGIO EMILIA,42100,ITALY,EMEA,MORONI,MAURIZIO,MEDIUM,2003,11,4
10175,0.3770491803278689,1.0,0.23529411764705882,0.526246788436031,2003-11-06,SHIPPED,4,11,2003,CLASSIC CARS,0.7513812154696132,S18_3232,"STYLISH DESK DECORS, CO.",(171) 555-0297,35 KING GEORGE,LONDON,WX3 6FW,UK,EMEA,BROWN,ANN,MEDIUM,2003,11,4
10175,0.4426229508196722,1.0,0.47058823529411764,0.6522623776765818,2003-11-06,SHIPPED,4,11,2003,CLASSIC CARS,0.6298342541436464,S10_4962,"STYLISH DESK DECORS, CO.",(171) 555-0297,35 KING GEORGE,LONDON,WX3 6FW,UK,EMEA,BROWN,ANN,MEDIUM,2003,11,4
10176,0.7213114754098361,1.0,0.0,0.9876575712724978,2003-11-06,SHIPPED,4,11,2003,CLASSIC CARS,0.7734806629834254,S12_3891,L'ORDINE SOUVENIERS,0522-556555,STRADA PROVINCIALE 124,REGGIO EMILIA,42100,ITALY,EMEA,MORONI,MAURIZIO,LARGE,2003,11,4
10175,0.3278688524590164,1.0,0.0,0.40909561690426954,2003-11-06,SHIPPED,4,11,2003,TRUCKS AND BUSES,0.4696132596685083,S12_4473,"STYLISH DESK DECORS, CO.",(171) 555-0297,35 KING GEORGE,LONDON,WX3 6FW,UK,EMEA,BROWN,ANN,MEDIUM,2003,11,4
10176,0.6721311475409837,1.0,0.1176470588235294,1.0,2003-11-06,SHIPPED,4,11,2003,CLASSIC CARS,0.6519337016574586,S12_3148,L'ORDINE SOUVENIERS,0522-556555,STRADA PROVINCIALE 124,REGGIO EMILIA,42100,ITALY,EMEA,MORONI,MAURIZIO,LARGE,2003,11,4
10176,0.4426229508196722,1.0,0.058823529411764705,0.9344683921966931,2003-11-06,SHIPPED,4,11,2003,CLASSIC CARS,0.9613259668508286,S12_1108,L'ORDINE SOUVENIERS,0522-556555,STRADA PROVINCIALE 124,REGGIO EMILIA,42100,ITALY,EMEA,MORONI,MAURIZIO,LARGE,2003,11,4
10176,0.2295081967213115,1.0,0.5294117647058824,0.4257098851020183,2003-11-06,SHIPPED,4,11,2003,CLASSIC CARS,0.718232044198895,S18_2238,L'ORDINE SOUVENIERS,0522-556555,STRADA PROVINCIALE 124,REGGIO EMILIA,42100,ITALY,EMEA,MORONI,MAURIZIO,MEDIUM,2003,11,4
10174,0.6885245901639344,0.9089168490153172,0.1176470588235294,0.5343227233394251,2003-11-06,SHIPPED,4,11,2003,TRUCKS AND BUSES,0.45856353591160215,S18_1097,"AUSTRALIAN GIFT NETWORK, CO",61-7-3844-6555,31 DUNCAN ST. WEST END,SOUTH BRISBANE,4101,AUSTRALIA,APAC,CALAGHAN,TONY,MEDIUM,2003,11,4
10174,0.6065573770491803,1.0,0.0,0.8466287348526106,2003-11-06,SHIPPED,4,11,2003,TRUCKS AND BUSES,0.569060773480663,S12_1666,"AUSTRALIAN GIFT NETWORK, CO",61-7-3844-6555,31 DUNCAN ST. WEST END,SOUTH BRISBANE,4101,AUSTRALIA,APAC,CALAGHAN,TONY,MEDIUM,2003,11,4
10177,0.6229508196721312,0.8927789934354484,0.1764705882352941,0.4774878135973192,2003-11-07,SHIPPED,4,11,2003,SHIPS,0.37016574585635353,S700_3505,CAF IMPORTS,+34 913 728 555,"MERCHANTS HOUSE, 27-30 MERCHANT'S QUAY",MADRID,28023,SPAIN,EMEA,FERNANDEZ,JESUS,MEDIUM,2003,11,4
10177,0.4098360655737705,0.8405361050328228,0.5294117647058824,0.30154923507144793,2003-11-07,SHIPPED,4,11,2003,SHIPS,0.2928176795580111,S700_1938,CAF IMPORTS,+34 913 728 555,"MERCHANTS HOUSE, 27-30 MERCHANT'S QUAY",MADRID,28023,SPAIN,EMEA,FERNANDEZ,JESUS,SMALL,2003,11,4
10177,0.3770491803278689,1.0,0.5882352941176471,0.34591542519603485,2003-11-07,SHIPPED,4,11,2003,TRAINS,0.37016574585635353,S18_3259,CAF IMPORTS,+34 913 728 555,"MERCHANTS HOUSE, 27-30 MERCHANT'S QUAY",MADRID,28023,SPAIN,EMEA,FERNANDEZ,JESUS,MEDIUM,2003,11,4
10177,0.7213114754098361,1.0,0.3529411764705882,0.7485067271615622,2003-11-07,SHIPPED,4,11,2003,SHIPS,0.4917127071823204,S24_2011,CAF IMPORTS,+34 913 728 555,"MERCHANTS HOUSE, 27-30 MERCHANT'S QUAY",MADRID,28023,SPAIN,EMEA,FERNANDEZ,JESUS,MEDIUM,2003,11,4
10177,0.42622950819672134,0.6802516411378556,0.0,0.26323431637538464,2003-11-07,SHIPPED,4,11,2003,SHIPS,0.2154696132596685,S700_2610,CAF IMPORTS,+34 913 728 555,"MERCHANTS HOUSE, 27-30 MERCHANT'S QUAY",MADRID,28023,SPAIN,EMEA,FERNANDEZ,JESUS,SMALL,2003,11,4
10177,0.5573770491803279,0.31933807439824946,0.2941176470588235,0.20407939620926868,2003-11-07,SHIPPED,4,11,2003,SHIPS,0.11602209944751385,S72_3212,CAF IMPORTS,+34 913 728 555,"MERCHANTS HOUSE, 27-30 MERCHANT'S QUAY",MADRID,28023,SPAIN,EMEA,FERNANDEZ,JESUS,SMALL,2003,11,4
10177,0.47540983606557385,0.6526258205689277,0.4117647058823529,0.28450464235956824,2003-11-07,SHIPPED,4,11,2003,VINTAGE CARS,0.2983425414364641,S18_4522,CAF IMPORTS,+34 913 728 555,"MERCHANTS HOUSE, 27-30 MERCHANT'S QUAY",MADRID,28023,SPAIN,EMEA,FERNANDEZ,JESUS,SMALL,2003,11,4
10177,0.29508196721311475,0.6717724288840263,0.1176470588235294,0.17932905458907017,2003-11-07,SHIPPED,4,11,2003,SHIPS,0.18232044198895025,S700_1138,CAF IMPORTS,+34 913 728 555,"MERCHANTS HOUSE, 27-30 MERCHANT'S QUAY",MADRID,28023,SPAIN,EMEA,FERNANDEZ,JESUS,SMALL,2003,11,4
10177,0.27868852459016397,1.0,0.47058823529411764,0.4267830235642764,2003-11-07,SHIPPED,4,11,2003,VINTAGE CARS,0.569060773480663,S18_3140,CAF IMPORTS,+34 913 728 555,"MERCHANTS HOUSE, 27-30 MERCHANT'S QUAY",MADRID,28023,SPAIN,EMEA,FERNANDEZ,JESUS,MEDIUM,2003,11,4
10177,0.29508196721311475,1.0,0.23529411764705882,0.27320929206939987,2003-11-07,SHIPPED,4,11,2003,SHIPS,0.3646408839779005,S700_3962,CAF IMPORTS,+34 913 728 555,"MERCHANTS HOUSE, 27-30 MERCHANT'S QUAY",MADRID,28023,SPAIN,EMEA,FERNANDEZ,JESUS,SMALL,2003,11,4
10177,0.639344262295082,0.625,0.058823529411764705,0.3720529619891149,2003-11-07,SHIPPED,4,11,2003,VINTAGE CARS,0.30386740331491713,S24_3151,CAF IMPORTS,+34 913 728 555,"MERCHANTS HOUSE, 27-30 MERCHANT'S QUAY",MADRID,28023,SPAIN,EMEA,FERNANDEZ,JESUS,MEDIUM,2003,11,4
10178,0.639344262295082,0.3319201312910284,0.3529411764705882,0.2431761156530542,2003-11-08,SHIPPED,4,11,2003,PLANES,0.08839779005524862,S72_1253,ALPHA COGNAC,61.77.6555,1 RUE ALSACE-LORRAINE,TOULOUSE,31000,FRANCE,EMEA,ROULET,ANNETTE,SMALL,2003,11,4
10178,0.639344262295082,0.6751914660831511,0.058823529411764705,0.39412379848250473,2003-11-08,SHIPPED,4,11,2003,PLANES,0.22651933701657456,S700_4002,ALPHA COGNAC,61.77.6555,1 RUE ALSACE-LORRAINE,TOULOUSE,31000,FRANCE,EMEA,ROULET,ANNETTE,MEDIUM,2003,11,4
10178,0.3934426229508197,0.6215809628008753,0.1176470588235294,0.22555552956977576,2003-11-08,SHIPPED,4,11,2003,PLANES,0.19337016574585636,S24_3949,ALPHA COGNAC,61.77.6555,1 RUE ALSACE-LORRAINE,TOULOUSE,31000,FRANCE,EMEA,ROULET,ANNETTE,SMALL,2003,11,4
10178,0.5901639344262295,1.0,0.1764705882352941,0.8029895526028286,2003-11-08,SHIPPED,4,11,2003,PLANES,0.6850828729281768,S18_1662,ALPHA COGNAC,61.77.6555,1 RUE ALSACE-LORRAINE,TOULOUSE,31000,FRANCE,EMEA,ROULET,ANNETTE,MEDIUM,2003,11,4
10178,0.459016393442623,0.9570568927789935,0.4117647058823529,0.37567998289393234,2003-11-08,SHIPPED,4,11,2003,SHIPS,0.3149171270718232,S700_2047,ALPHA COGNAC,61.77.6555,1 RUE ALSACE-LORRAINE,TOULOUSE,31000,FRANCE,EMEA,ROULET,ANNETTE,MEDIUM,2003,11,4
10178,0.34426229508196726,0.6394967177242887,0.2941176470588235,0.2012836232789525,2003-11-08,SHIPPED,4,11,2003,VINTAGE CARS,0.17679558011049723,S24_3420,ALPHA COGNAC,61.77.6555,1 RUE ALSACE-LORRAINE,TOULOUSE,31000,FRANCE,EMEA,ROULET,ANNETTE,SMALL,2003,11,4
10178,0.29508196721311475,1.0,0.6470588235294117,0.4023066463086643,2003-11-08,SHIPPED,4,11,2003,CLASSIC CARS,0.569060773480663,S10_4757,ALPHA COGNAC,61.77.6555,1 RUE ALSACE-LORRAINE,TOULOUSE,31000,FRANCE,EMEA,ROULET,ANNETTE,MEDIUM,2003,11,4
10178,0.2459016393442623,0.6187089715536106,0.5882352941176471,0.1379697904172611,2003-11-08,SHIPPED,4,11,2003,VINTAGE CARS,0.27624309392265195,S24_3816,ALPHA COGNAC,61.77.6555,1 RUE ALSACE-LORRAINE,TOULOUSE,31000,FRANCE,EMEA,ROULET,ANNETTE,SMALL,2003,11,4
10178,0.6885245901639344,1.0,0.47058823529411764,0.6554336822481116,2003-11-08,SHIPPED,4,11,2003,VINTAGE CARS,0.39779005524861877,S18_3856,ALPHA COGNAC,61.77.6555,1 RUE ALSACE-LORRAINE,TOULOUSE,31000,FRANCE,EMEA,ROULET,ANNETTE,MEDIUM,2003,11,4
10178,0.459016393442623,0.7379649890590809,0.23529411764705882,0.302888319429085,2003-11-08,SHIPPED,4,11,2003,PLANES,0.19337016574585636,S24_2841,ALPHA COGNAC,61.77.6555,1 RUE ALSACE-LORRAINE,TOULOUSE,31000,FRANCE,EMEA,ROULET,ANNETTE,SMALL,2003,11,4
10178,0.5737704918032788,0.75,0.5294117647058824,0.3833349481639376,2003-11-08,SHIPPED,4,11,2003,SHIPS,0.2928176795580111,S18_3029,ALPHA COGNAC,61.77.6555,1 RUE ALSACE-LORRAINE,TOULOUSE,31000,FRANCE,EMEA,ROULET,ANNETTE,MEDIUM,2003,11,4
10178,0.26229508196721313,0.8324671772428884,0.0,0.1935618374322189,2003-11-08,SHIPPED,4,11,2003,PLANES,0.3646408839779005,S700_2466,ALPHA COGNAC,61.77.6555,1 RUE ALSACE-LORRAINE,TOULOUSE,31000,FRANCE,EMEA,ROULET,ANNETTE,SMALL,2003,11,4
10180,0.3114754098360656,0.5103938730853392,0.7058823529411764,0.15006164198203195,2003-11-11,SHIPPED,4,11,2003,MOTORCYCLES,0.14917127071823205,S18_2625,DAEDALUS DESIGNS IMPORTS,20.16.1555,"184, CHAUSSE DE TOURNAI",LILLE,59000,FRANCE,EMEA,RANCE,MARTINE,SMALL,2003,11,4
10180,0.36065573770491804,0.6053063457330415,0.0,0.20177007707753525,2003-11-11,SHIPPED,4,11,2003,CLASSIC CARS,0.2596685082872928,S24_4620,DAEDALUS DESIGNS IMPORTS,20.16.1555,"184, CHAUSSE DE TOURNAI",LILLE,59000,FRANCE,EMEA,RANCE,MARTINE,SMALL,2003,11,4
10180,0.47540983606557385,0.6174781181619257,0.2941176470588235,0.27248362060612946,2003-11-11,SHIPPED,4,11,2003,MOTORCYCLES,0.19889502762430938,S24_2360,DAEDALUS DESIGNS IMPORTS,20.16.1555,"184, CHAUSSE DE TOURNAI",LILLE,59000,FRANCE,EMEA,RANCE,MARTINE,SMALL,2003,11,4
10180,0.5901639344262295,1.0,0.6470588235294117,0.5630929908556042,2003-11-11,SHIPPED,4,11,2003,MOTORCYCLES,0.4696132596685083,S10_2016,DAEDALUS DESIGNS IMPORTS,20.16.1555,"184, CHAUSSE DE TOURNAI",LILLE,59000,FRANCE,EMEA,RANCE,MARTINE,MEDIUM,2003,11,4
10180,0.5573770491803279,1.0,0.4117647058823529,0.8373246377489485,2003-11-11,SHIPPED,4,11,2003,MOTORCYCLES,0.6464088397790055,S12_2823,DAEDALUS DESIGNS IMPORTS,20.16.1555,"184, CHAUSSE DE TOURNAI",LILLE,59000,FRANCE,EMEA,RANCE,MARTINE,MEDIUM,2003,11,4
10180,0.459016393442623,0.2541028446389497,0.1764705882352941,0.14212870311283657,2003-11-11,SHIPPED,4,11,2003,MOTORCYCLES,0.03867403314917128,S32_2206,DAEDALUS DESIGNS IMPORTS,20.16.1555,"184, CHAUSSE DE TOURNAI",LILLE,59000,FRANCE,EMEA,RANCE,MARTINE,SMALL,2003,11,4
10180,0.2459016393442623,0.911925601750547,0.23529411764705882,0.19814038334964867,2003-11-11,SHIPPED,4,11,2003,MOTORCYCLES,0.26519337016574585,S50_4713,DAEDALUS DESIGNS IMPORTS,20.16.1555,"184, CHAUSSE DE TOURNAI",LILLE,59000,FRANCE,EMEA,RANCE,MARTINE,SMALL,2003,11,4
10180,0.3770491803278689,0.8103118161925602,0.47058823529411764,0.26937245455365527,2003-11-11,SHIPPED,4,11,2003,MOTORCYCLES,0.3425414364640884,S10_1678,DAEDALUS DESIGNS IMPORTS,20.16.1555,"184, CHAUSSE DE TOURNAI",LILLE,59000,FRANCE,EMEA,RANCE,MARTINE,SMALL,2003,11,4
10180,0.2459016393442623,0.32111597374179435,0.1176470588235294,0.07690112893364381,2003-11-11,SHIPPED,4,11,2003,MOTORCYCLES,0.16022099447513816,S18_3782,DAEDALUS DESIGNS IMPORTS,20.16.1555,"184, CHAUSSE DE TOURNAI",LILLE,59000,FRANCE,EMEA,RANCE,MARTINE,SMALL,2003,11,4
10180,0.6885245901639344,1.0,0.5294117647058824,0.6512640782602594,2003-11-11,SHIPPED,4,11,2003,MOTORCYCLES,0.43646408839779005,S24_1578,DAEDALUS DESIGNS IMPORTS,20.16.1555,"184, CHAUSSE DE TOURNAI",LILLE,59000,FRANCE,EMEA,RANCE,MARTINE,MEDIUM,2003,11,4
10180,0.26229508196721313,1.0,0.3529411764705882,0.27162163516633314,2003-11-11,SHIPPED,4,11,2003,MOTORCYCLES,0.3812154696132597,S32_4485,DAEDALUS DESIGNS IMPORTS,20.16.1555,"184, CHAUSSE DE TOURNAI",LILLE,59000,FRANCE,EMEA,RANCE,MARTINE,SMALL,2003,11,4
10180,0.36065573770491804,0.5698851203501094,0.7647058823529411,0.19207842062884845,2003-11-11,SHIPPED,4,11,2003,MOTORCYCLES,0.23756906077348067,S24_2000,DAEDALUS DESIGNS IMPORTS,20.16.1555,"184, CHAUSSE DE TOURNAI",LILLE,59000,FRANCE,EMEA,RANCE,MARTINE,SMALL,2003,11,4
10180,0.6229508196721312,1.0,0.058823529411764705,0.6792966466093568,2003-11-11,SHIPPED,4,11,2003,CLASSIC CARS,0.6353591160220994,S18_4721,DAEDALUS DESIGNS IMPORTS,20.16.1555,"184, CHAUSSE DE TOURNAI",LILLE,59000,FRANCE,EMEA,RANCE,MARTINE,MEDIUM,2003,11,4
10180,0.5737704918032788,1.0,0.5882352941176471,1.0,2003-11-11,SHIPPED,4,11,2003,MOTORCYCLES,0.8839779005524863,S10_4698,DAEDALUS DESIGNS IMPORTS,20.16.1555,"184, CHAUSSE DE TOURNAI",LILLE,59000,FRANCE,EMEA,RANCE,MARTINE,LARGE,2003,11,4
10181,0.4918032786885246,1.0,0.5882352941176471,0.5339217998790547,2003-11-12,SHIPPED,4,11,2003,CLASSIC CARS,0.4530386740331491,S12_4675,HERKKU GIFTS,+47 2267 3215,"DRAMMEN 121, PR 744 SENTRUM",BERGEN,N 5804,NORWAY,EMEA,OEZTAN,VEYSEL,MEDIUM,2003,11,4
10182,0.42622950819672134,0.37705142231947486,0.058823529411764705,0.16842393646699566,2003-11-12,SHIPPED,4,11,2003,VINTAGE CARS,0.11049723756906077,S18_1367,MINI GIFTS DISTRIBUTORS LTD.,4155551450,5677 STRONG ST.,SAN RAFAEL,97562,USA,DESCONOCIDO,NELSON,VALARIE,SMALL,2003,11,4
10181,0.5081967213114754,0.21594638949671774,0.4117647058823529,0.14655890734992932,2003-11-12,SHIPPED,4,11,2003,CLASSIC CARS,0.022099447513812154,S24_2972,HERKKU GIFTS,+47 2267 3215,"DRAMMEN 121, PR 744 SENTRUM",BERGEN,N 5804,NORWAY,EMEA,OEZTAN,VEYSEL,SMALL,2003,11,4
10182,0.6721311475409837,0.6474288840262581,0.8823529411764706,0.4017533719333532,2003-11-12,SHIPPED,4,11,2003,CLASSIC CARS,0.22099447513812154,S24_1046,MINI GIFTS DISTRIBUTORS LTD.,4155551450,5677 STRONG ST.,SAN RAFAEL,97562,USA,DESCONOCIDO,NELSON,VALARIE,MEDIUM,2003,11,4
10182,0.2295081967213115,1.0,0.7058823529411764,0.25574506613566583,2003-11-12,SHIPPED,4,11,2003,CLASSIC CARS,0.4640883977900553,S24_2887,MINI GIFTS DISTRIBUTORS LTD.,4155551450,5677 STRONG ST.,SAN RAFAEL,97562,USA,DESCONOCIDO,NELSON,VALARIE,SMALL,2003,11,4
10181,0.36065573770491804,1.0,0.6470588235294117,0.3178828568469375,2003-11-12,SHIPPED,4,11,2003,CLASSIC CARS,0.4640883977900553,S12_3380,HERKKU GIFTS,+47 2267 3215,"DRAMMEN 121, PR 744 SENTRUM",BERGEN,N 5804,NORWAY,EMEA,OEZTAN,VEYSEL,SMALL,2003,11,4
10181,0.639344262295082,1.0,0.3529411764705882,0.7808144760097425,2003-11-12,SHIPPED,4,11,2003,CLASSIC CARS,0.7513812154696132,S18_3232,HERKKU GIFTS,+47 2267 3215,"DRAMMEN 121, PR 744 SENTRUM",BERGEN,N 5804,NORWAY,EMEA,OEZTAN,VEYSEL,MEDIUM,2003,11,4
10181,0.2459016393442623,1.0,0.23529411764705882,0.3747231122351817,2003-11-12,SHIPPED,4,11,2003,CLASSIC CARS,0.6022099447513812,S18_1984,HERKKU GIFTS,+47 2267 3215,"DRAMMEN 121, PR 744 SENTRUM",BERGEN,N 5804,NORWAY,EMEA,OEZTAN,VEYSEL,MEDIUM,2003,11,4
10182,0.6229508196721312,0.587527352297593,0.6470588235294117,0.34624150961046946,2003-11-12,SHIPPED,4,11,2003,CLASSIC CARS,0.2099447513812155,S18_4933,MINI GIFTS DISTRIBUTORS LTD.,4155551450,5677 STRONG ST.,SAN RAFAEL,97562,USA,DESCONOCIDO,NELSON,VALARIE,MEDIUM,2003,11,4
10182,0.3114754098360656,0.8267231947483589,0.1176470588235294,0.22733963896842396,2003-11-12,SHIPPED,4,11,2003,VINTAGE CARS,0.3812154696132597,S18_1342,MINI GIFTS DISTRIBUTORS LTD.,4155551450,5677 STRONG ST.,SAN RAFAEL,97562,USA,DESCONOCIDO,NELSON,VALARIE,SMALL,2003,11,4
10181,0.459016393442623,0.36857221006564544,0.0,0.18016030256357143,2003-11-12,SHIPPED,4,11,2003,CLASSIC CARS,0.09392265193370164,S24_1628,HERKKU GIFTS,+47 2267 3215,"DRAMMEN 121, PR 744 SENTRUM",BERGEN,N 5804,NORWAY,EMEA,OEZTAN,VEYSEL,SMALL,2003,11,4
10181,0.2295081967213115,0.7456236323851204,0.8235294117647058,0.15313538851153824,2003-11-12,SHIPPED,4,11,2003,CLASSIC CARS,0.2541436464088398,S12_3990,HERKKU GIFTS,+47 2267 3215,"DRAMMEN 121, PR 744 SENTRUM",BERGEN,N 5804,NORWAY,EMEA,OEZTAN,VEYSEL,SMALL,2003,11,4
10181,0.26229508196721313,0.6433260393873086,0.5294117647058824,0.15290018008145428,2003-11-12,SHIPPED,4,11,2003,CLASSIC CARS,0.2430939226519337,S18_1889,HERKKU GIFTS,+47 2267 3215,"DRAMMEN 121, PR 744 SENTRUM",BERGEN,N 5804,NORWAY,EMEA,OEZTAN,VEYSEL,SMALL,2003,11,4
10182,0.5409836065573771,0.13621444201312916,0.2941176470588235,0.12757785432446067,2003-11-12,SHIPPED,4,11,2003,VINTAGE CARS,0.0,S24_1937,MINI GIFTS DISTRIBUTORS LTD.,4155551450,5677 STRONG ST.,SAN RAFAEL,97562,USA,DESCONOCIDO,NELSON,VALARIE,SMALL,2003,11,4
10182,0.4918032786885246,0.6389496717724288,0.7647058823529411,0.2896631908830005,2003-11-12,SHIPPED,4,11,2003,CLASSIC CARS,0.3149171270718232,S24_2766,MINI GIFTS DISTRIBUTORS LTD.,4155551450,5677 STRONG ST.,SAN RAFAEL,97562,USA,DESCONOCIDO,NELSON,VALARIE,SMALL,2003,11,4
10181,0.34426229508196726,1.0,0.1176470588235294,0.45473139798669604,2003-11-12,SHIPPED,4,11,2003,CLASSIC CARS,0.5469613259668508,S18_2870,HERKKU GIFTS,+47 2267 3215,"DRAMMEN 121, PR 744 SENTRUM",BERGEN,N 5804,NORWAY,EMEA,OEZTAN,VEYSEL,MEDIUM,2003,11,4
10182,0.4098360655737705,0.13484682713347929,0.23529411764705882,0.08777684600195784,2003-11-12,SHIPPED,4,11,2003,VINTAGE CARS,0.06077348066298344,S24_2022,MINI GIFTS DISTRIBUTORS LTD.,4155551450,5677 STRONG ST.,SAN RAFAEL,97562,USA,DESCONOCIDO,NELSON,VALARIE,SMALL,2003,11,4
10182,0.4918032786885246,1.0,0.5882352941176471,0.4624772392410519,2003-11-12,SHIPPED,4,11,2003,VINTAGE CARS,0.32596685082872934,S18_4409,MINI GIFTS DISTRIBUTORS LTD.,4155551450,5677 STRONG ST.,SAN RAFAEL,97562,USA,DESCONOCIDO,NELSON,VALARIE,MEDIUM,2003,11,4
10182,0.27868852459016397,0.2103391684901531,0.4117647058823529,0.06546411902081126,2003-11-12,SHIPPED,4,11,2003,VINTAGE CARS,0.04419889502762431,S24_3969,MINI GIFTS DISTRIBUTORS LTD.,4155551450,5677 STRONG ST.,SAN RAFAEL,97562,USA,DESCONOCIDO,NELSON,VALARIE,SMALL,2003,11,4
10181,0.6229508196721312,1.0,0.2941176470588235,0.6596567426973462,2003-11-12,SHIPPED,4,11,2003,CLASSIC CARS,0.5966850828729282,S18_1129,HERKKU GIFTS,+47 2267 3215,"DRAMMEN 121, PR 744 SENTRUM",BERGEN,N 5804,NORWAY,EMEA,OEZTAN,VEYSEL,MEDIUM,2003,11,4
10182,0.2459016393442623,1.0,0.1764705882352941,0.3428697433087545,2003-11-12,SHIPPED,4,11,2003,VINTAGE CARS,0.7458563535911602,S18_2795,MINI GIFTS DISTRIBUTORS LTD.,4155551450,5677 STRONG ST.,SAN RAFAEL,97562,USA,DESCONOCIDO,NELSON,VALARIE,MEDIUM,2003,11,4
10182,0.6229508196721312,1.0,0.5294117647058824,0.9451997768192737,2003-11-12,SHIPPED,4,11,2003,VINTAGE CARS,0.7569060773480663,S18_1749,MINI GIFTS DISTRIBUTORS LTD.,4155551450,5677 STRONG ST.,SAN RAFAEL,97562,USA,DESCONOCIDO,NELSON,VALARIE,LARGE,2003,11,4
10182,0.4426229508196722,0.9202680525164113,0.8235294117647058,0.3508721755777474,2003-11-12,SHIPPED,4,11,2003,CLASSIC CARS,0.287292817679558,S24_3191,MINI GIFTS DISTRIBUTORS LTD.,4155551450,5677 STRONG ST.,SAN RAFAEL,97562,USA,DESCONOCIDO,NELSON,VALARIE,MEDIUM,2003,11,4
10181,0.3934426229508197,0.7650437636761487,0.9411764705882353,0.26761240056262925,2003-11-12,SHIPPED,4,11,2003,CLASSIC CARS,0.2596685082872928,S18_3278,HERKKU GIFTS,+47 2267 3215,"DRAMMEN 121, PR 744 SENTRUM",BERGEN,N 5804,NORWAY,EMEA,OEZTAN,VEYSEL,SMALL,2003,11,4
10182,0.2295081967213115,1.0,0.3529411764705882,0.2311818221303068,2003-11-12,SHIPPED,4,11,2003,VINTAGE CARS,0.5193370165745856,S18_2325,MINI GIFTS DISTRIBUTORS LTD.,4155551450,5677 STRONG ST.,SAN RAFAEL,97562,USA,DESCONOCIDO,NELSON,VALARIE,SMALL,2003,11,4
10182,0.7049180327868853,1.0,0.9411764705882353,0.7700323077488481,2003-11-12,SHIPPED,4,11,2003,CLASSIC CARS,0.4088397790055248,S24_3432,MINI GIFTS DISTRIBUTORS LTD.,4155551450,5677 STRONG ST.,SAN RAFAEL,97562,USA,DESCONOCIDO,NELSON,VALARIE,MEDIUM,2003,11,4
10181,0.26229508196721313,1.0,0.8823529411764706,0.38934345442335516,2003-11-12,SHIPPED,4,11,2003,CLASSIC CARS,0.6243093922651933,S18_3482,HERKKU GIFTS,+47 2267 3215,"DRAMMEN 121, PR 744 SENTRUM",BERGEN,N 5804,NORWAY,EMEA,OEZTAN,VEYSEL,MEDIUM,2003,11,4
10181,0.27868852459016397,0.5284463894967176,0.7058823529411764,0.13695946329712771,2003-11-12,SHIPPED,4,11,2003,CLASSIC CARS,0.15469613259668508,S24_3371,HERKKU GIFTS,+47 2267 3215,"DRAMMEN 121, PR 744 SENTRUM",BERGEN,N 5804,NORWAY,EMEA,OEZTAN,VEYSEL,SMALL,2003,11,4
10182,0.5245901639344263,0.4686816192560175,0.47058823529411764,0.24610953897143084,2003-11-12,SHIPPED,4,11,2003,VINTAGE CARS,0.14917127071823205,S18_2248,MINI GIFTS DISTRIBUTORS LTD.,4155551450,5677 STRONG ST.,SAN RAFAEL,97562,USA,DESCONOCIDO,NELSON,VALARIE,SMALL,2003,11,4
10181,0.5901639344262295,1.0,0.058823529411764705,0.6619927900597711,2003-11-12,SHIPPED,4,11,2003,CLASSIC CARS,0.5027624309392266,S18_1589,HERKKU GIFTS,+47 2267 3215,"DRAMMEN 121, PR 744 SENTRUM",BERGEN,N 5804,NORWAY,EMEA,OEZTAN,VEYSEL,MEDIUM,2003,11,4
10181,0.3114754098360656,1.0,0.47058823529411764,0.4516563150456552,2003-11-12,SHIPPED,4,11,2003,CLASSIC CARS,0.5911602209944752,S24_3856,HERKKU GIFTS,+47 2267 3215,"DRAMMEN 121, PR 744 SENTRUM",BERGEN,N 5804,NORWAY,EMEA,OEZTAN,VEYSEL,MEDIUM,2003,11,4
10181,0.5409836065573771,1.0,0.1764705882352941,0.7087164101313359,2003-11-12,SHIPPED,4,11,2003,CLASSIC CARS,0.5966850828729282,S18_3685,HERKKU GIFTS,+47 2267 3215,"DRAMMEN 121, PR 744 SENTRUM",BERGEN,N 5804,NORWAY,EMEA,OEZTAN,VEYSEL,MEDIUM,2003,11,4
10182,0.4426229508196722,0.8127735229759301,0.0,0.31620833319412384,2003-11-12,SHIPPED,4,11,2003,VINTAGE CARS,0.3646408839779005,S18_3320,MINI GIFTS DISTRIBUTORS LTD.,4155551450,5677 STRONG ST.,SAN RAFAEL,97562,USA,DESCONOCIDO,NELSON,VALARIE,SMALL,2003,11,4
10181,0.34426229508196726,1.0,0.7647058823529411,0.6587092269193375,2003-11-12,SHIPPED,4,11,2003,CLASSIC CARS,0.8895027624309392,S12_1099,HERKKU GIFTS,+47 2267 3215,"DRAMMEN 121, PR 744 SENTRUM",BERGEN,N 5804,NORWAY,EMEA,OEZTAN,VEYSEL,MEDIUM,2003,11,4
10183,0.5573770491803279,0.3066192560175054,0.2941176470588235,0.19910794530067588,2003-11-13,SHIPPED,4,11,2003,VINTAGE CARS,0.09392265193370164,S18_4668,"CLASSIC GIFT IDEAS, INC",2155554695,782 FIRST STREET,PHILADELPHIA,71270,USA,DESCONOCIDO,CERVANTES,FRANCISCA,SMALL,2003,11,4
10183,0.7049180327868853,0.5164113785557987,0.1764705882352941,0.35885723449679097,2003-11-13,SHIPPED,4,11,2003,TRUCKS AND BUSES,0.1712707182320442,S32_3522,"CLASSIC GIFT IDEAS, INC",2155554695,782 FIRST STREET,PHILADELPHIA,71270,USA,DESCONOCIDO,CERVANTES,FRANCISCA,MEDIUM,2003,11,4
10183,0.2459016393442623,1.0,0.058823529411764705,0.2617909919180512,2003-11-13,SHIPPED,4,11,2003,TRUCKS AND BUSES,0.4861878453038674,S18_4600,"CLASSIC GIFT IDEAS, INC",2155554695,782 FIRST STREET,PHILADELPHIA,71270,USA,DESCONOCIDO,CERVANTES,FRANCISCA,SMALL,2003,11,4
10183,0.2459016393442623,0.9567833698030634,0.3529411764705882,0.20734558599975278,2003-11-13,SHIPPED,4,11,2003,TRUCKS AND BUSES,0.45856353591160215,S18_1097,"CLASSIC GIFT IDEAS, INC",2155554695,782 FIRST STREET,PHILADELPHIA,71270,USA,DESCONOCIDO,CERVANTES,FRANCISCA,SMALL,2003,11,4
10183,0.27868852459016397,0.8220733041575492,0.1176470588235294,0.20295280128562787,2003-11-13,SHIPPED,4,11,2003,CLASSIC CARS,0.37569060773480667,S700_2824,"CLASSIC GIFT IDEAS, INC",2155554695,782 FIRST STREET,PHILADELPHIA,71270,USA,DESCONOCIDO,CERVANTES,FRANCISCA,SMALL,2003,11,4
10183,0.5081967213114754,0.8516137855579868,0.47058823529411764,0.37638961741878796,2003-11-13,SHIPPED,4,11,2003,VINTAGE CARS,0.37569060773480667,S18_2949,"CLASSIC GIFT IDEAS, INC",2155554695,782 FIRST STREET,PHILADELPHIA,71270,USA,DESCONOCIDO,CERVANTES,FRANCISCA,MEDIUM,2003,11,4
10183,0.26229508196721313,1.0,0.5294117647058824,0.2680935087150737,2003-11-13,SHIPPED,4,11,2003,VINTAGE CARS,0.39226519337016574,S18_3136,"CLASSIC GIFT IDEAS, INC",2155554695,782 FIRST STREET,PHILADELPHIA,71270,USA,DESCONOCIDO,CERVANTES,FRANCISCA,SMALL,2003,11,4
10183,0.6721311475409837,1.0,0.6470588235294117,0.6084654988657207,2003-11-13,SHIPPED,4,11,2003,VINTAGE CARS,0.35359116022099446,S24_4258,"CLASSIC GIFT IDEAS, INC",2155554695,782 FIRST STREET,PHILADELPHIA,71270,USA,DESCONOCIDO,CERVANTES,FRANCISCA,MEDIUM,2003,11,4
10183,0.36065573770491804,1.0,0.0,0.39440578131629855,2003-11-13,SHIPPED,4,11,2003,CLASSIC CARS,0.6298342541436464,S10_4962,"CLASSIC GIFT IDEAS, INC",2155554695,782 FIRST STREET,PHILADELPHIA,71270,USA,DESCONOCIDO,CERVANTES,FRANCISCA,MEDIUM,2003,11,4
10183,0.5737704918032788,1.0,0.23529411764705882,0.7593236421223551,2003-11-13,SHIPPED,4,11,2003,TRUCKS AND BUSES,0.569060773480663,S12_1666,"CLASSIC GIFT IDEAS, INC",2155554695,782 FIRST STREET,PHILADELPHIA,71270,USA,DESCONOCIDO,CERVANTES,FRANCISCA,MEDIUM,2003,11,4
10183,0.27868852459016397,1.0,0.4117647058823529,0.6535640425112509,2003-11-13,SHIPPED,4,11,2003,CLASSIC CARS,0.9999999999999999,S10_1949,"CLASSIC GIFT IDEAS, INC",2155554695,782 FIRST STREET,PHILADELPHIA,71270,USA,DESCONOCIDO,CERVANTES,FRANCISCA,MEDIUM,2003,11,4
10183,0.5409836065573771,0.5634573304157549,0.5882352941176471,0.290400890050082,2003-11-13,SHIPPED,4,11,2003,VINTAGE CARS,0.16022099447513816,S18_2957,"CLASSIC GIFT IDEAS, INC",2155554695,782 FIRST STREET,PHILADELPHIA,71270,USA,DESCONOCIDO,CERVANTES,FRANCISCA,SMALL,2003,11,4
10185,0.6721311475409837,0.6887308533916847,0.4117647058823529,0.42072239725501076,2003-11-14,SHIPPED,4,11,2003,VINTAGE CARS,0.2983425414364641,S18_4522,MINI CREATIONS LTD.,5085559555,4575 HILLSIDE DR.,NEW BEDFORD,50553,USA,DESCONOCIDO,TAM,WING C,MEDIUM,2003,11,4
10185,0.5081967213114754,1.0,0.1764705882352941,0.45565352194554787,2003-11-14,SHIPPED,4,11,2003,SHIPS,0.37016574585635353,S700_3505,MINI CREATIONS LTD.,5085559555,4575 HILLSIDE DR.,NEW BEDFORD,50553,USA,DESCONOCIDO,TAM,WING C,MEDIUM,2003,11,4
10184,0.6557377049180328,1.0,0.23529411764705882,0.9219943269330357,2003-11-14,SHIPPED,4,11,2003,CLASSIC CARS,0.718232044198895,S18_2238,"IBERIA GIFT IMPORTS, CORP.",(95) 555 82 82,"C/ ROMERO, 33",SEVILLA,41101,SPAIN,EMEA,ROEL,JOSE PEDRO,LARGE,2003,11,4
10185,0.3934426229508197,1.0,0.3529411764705882,0.35930359594933664,2003-11-14,SHIPPED,4,11,2003,SHIPS,0.4917127071823204,S24_2011,MINI CREATIONS LTD.,5085559555,4575 HILLSIDE DR.,NEW BEDFORD,50553,USA,DESCONOCIDO,TAM,WING C,MEDIUM,2003,11,4
10185,0.36065573770491804,0.513539387308534,0.2941176470588235,0.17666157716607253,2003-11-14,SHIPPED,4,11,2003,SHIPS,0.11602209944751385,S72_3212,MINI CREATIONS LTD.,5085559555,4575 HILLSIDE DR.,NEW BEDFORD,50553,USA,DESCONOCIDO,TAM,WING C,SMALL,2003,11,4
10185,0.6065573770491803,1.0,0.6470588235294117,0.9894884550748557,2003-11-14,SHIPPED,4,11,2003,CLASSIC CARS,0.7734806629834254,S12_3891,MINI CREATIONS LTD.,5085559555,4575 HILLSIDE DR.,NEW BEDFORD,50553,USA,DESCONOCIDO,TAM,WING C,LARGE,2003,11,4
10186,0.2459016393442623,0.5765864332603939,0.1176470588235294,0.12932588061167555,2003-11-14,SHIPPED,4,11,2003,VINTAGE CARS,0.17679558011049723,S24_3420,"DOUBLE DECKER GIFT STORES, LTD",(171) 555-7555,120 HANOVER SQ.,LONDON,WA1 1DP,UK,EMEA,HARDY,THOMAS,SMALL,2003,11,4
10184,0.4426229508196722,0.4908369803063458,0.4117647058823529,0.21239321236581593,2003-11-14,SHIPPED,4,11,2003,TRUCKS AND BUSES,0.11602209944751385,S32_2509,"IBERIA GIFT IMPORTS, CORP.",(95) 555 82 82,"C/ ROMERO, 33",SEVILLA,41101,SPAIN,EMEA,ROEL,JOSE PEDRO,SMALL,2003,11,4
10185,0.5409836065573771,1.0,0.8823529411764706,0.6167245221493507,2003-11-14,SHIPPED,4,11,2003,CLASSIC CARS,0.6077348066298343,S18_4027,MINI CREATIONS LTD.,5085559555,4575 HILLSIDE DR.,NEW BEDFORD,50553,USA,DESCONOCIDO,TAM,WING C,MEDIUM,2003,11,4
10185,0.3934426229508197,0.9234135667396062,0.5294117647058824,0.31403933727352,2003-11-14,SHIPPED,4,11,2003,SHIPS,0.2928176795580111,S700_1938,MINI CREATIONS LTD.,5085559555,4575 HILLSIDE DR.,NEW BEDFORD,50553,USA,DESCONOCIDO,TAM,WING C,SMALL,2003,11,4
10186,0.36065573770491804,0.34545951859956237,0.1764705882352941,0.13067298343852007,2003-11-14,SHIPPED,4,11,2003,PLANES,0.08839779005524862,S72_1253,"DOUBLE DECKER GIFT STORES, LTD",(171) 555-7555,120 HANOVER SQ.,LONDON,WA1 1DP,UK,EMEA,HARDY,THOMAS,SMALL,2003,11,4
10184,0.6557377049180328,1.0,0.7058823529411764,0.5513004954745764,2003-11-14,SHIPPED,4,11,2003,TRUCKS AND BUSES,0.34806629834254144,S32_1268,"IBERIA GIFT IMPORTS, CORP.",(95) 555 82 82,"C/ ROMERO, 33",SEVILLA,41101,SPAIN,EMEA,ROEL,JOSE PEDRO,MEDIUM,2003,11,4
10184,0.639344262295082,1.0,0.1764705882352941,0.5968507462187906,2003-11-14,SHIPPED,4,11,2003,TRUCKS AND BUSES,0.4530386740331491,S50_1392,"IBERIA GIFT IMPORTS, CORP.",(95) 555 82 82,"C/ ROMERO, 33",SEVILLA,41101,SPAIN,EMEA,ROEL,JOSE PEDRO,MEDIUM,2003,11,4
10184,0.5901639344262295,0.06756017505470457,0.3529411764705882,0.11417097380967495,2003-11-14,SHIPPED,4,11,2003,CLASSIC CARS,0.011049723756906105,S24_2840,"IBERIA GIFT IMPORTS, CORP.",(95) 555 82 82,"C/ ROMERO, 33",SEVILLA,41101,SPAIN,EMEA,ROEL,JOSE PEDRO,SMALL,2003,11,4
10185,0.4426229508196722,1.0,0.7647058823529411,0.4752386329846413,2003-11-14,SHIPPED,4,11,2003,CLASSIC CARS,0.6519337016574586,S12_3148,MINI CREATIONS LTD.,5085559555,4575 HILLSIDE DR.,NEW BEDFORD,50553,USA,DESCONOCIDO,TAM,WING C,MEDIUM,2003,11,4
10185,0.2459016393442623,1.0,0.7058823529411764,0.4545950840101701,2003-11-14,SHIPPED,4,11,2003,CLASSIC CARS,0.9613259668508286,S12_1108,MINI CREATIONS LTD.,5085559555,4575 HILLSIDE DR.,NEW BEDFORD,50553,USA,DESCONOCIDO,TAM,WING C,MEDIUM,2003,11,4
10184,0.4098360655737705,0.4544584245076586,0.1176470588235294,0.1845958524468025,2003-11-14,SHIPPED,4,11,2003,CLASSIC CARS,0.13259668508287292,S24_1444,"IBERIA GIFT IMPORTS, CORP.",(95) 555 82 82,"C/ ROMERO, 33",SEVILLA,41101,SPAIN,EMEA,ROEL,JOSE PEDRO,SMALL,2003,11,4
10185,0.2295081967213115,0.29731947483588617,0.8235294117647058,0.06552024830526312,2003-11-14,SHIPPED,4,11,2003,TRAINS,0.13812154696132595,S50_1514,MINI CREATIONS LTD.,5085559555,4575 HILLSIDE DR.,NEW BEDFORD,50553,USA,DESCONOCIDO,TAM,WING C,SMALL,2003,11,4
10184,0.29508196721311475,1.0,0.5882352941176471,0.40281982833793845,2003-11-14,SHIPPED,4,11,2003,TRUCKS AND BUSES,0.5193370165745856,S24_2300,"IBERIA GIFT IMPORTS, CORP.",(95) 555 82 82,"C/ ROMERO, 33",SEVILLA,41101,SPAIN,EMEA,ROEL,JOSE PEDRO,MEDIUM,2003,11,4
10185,0.4426229508196722,0.649206783369803,0.058823529411764705,0.2634628427477958,2003-11-14,SHIPPED,4,11,2003,VINTAGE CARS,0.30386740331491713,S24_3151,MINI CREATIONS LTD.,5085559555,4575 HILLSIDE DR.,NEW BEDFORD,50553,USA,DESCONOCIDO,TAM,WING C,SMALL,2003,11,4
10186,0.42622950819672134,0.8558533916849014,0.3529411764705882,0.31814479350771274,2003-11-14,SHIPPED,4,11,2003,SHIPS,0.2928176795580111,S18_3029,"DOUBLE DECKER GIFT STORES, LTD",(171) 555-7555,120 HANOVER SQ.,LONDON,WA1 1DP,UK,EMEA,HARDY,THOMAS,SMALL,2003,11,4
10186,0.4918032786885246,0.8022428884026258,0.4117647058823529,0.34710750428486953,2003-11-14,SHIPPED,4,11,2003,VINTAGE CARS,0.27624309392265195,S24_3816,"DOUBLE DECKER GIFT STORES, LTD",(171) 555-7555,120 HANOVER SQ.,LONDON,WA1 1DP,UK,EMEA,HARDY,THOMAS,MEDIUM,2003,11,4
10185,0.5409836065573771,0.4231400437636762,0.0,0.23692571890587988,2003-11-14,SHIPPED,4,11,2003,SHIPS,0.2154696132596685,S700_2610,MINI CREATIONS LTD.,5085559555,4575 HILLSIDE DR.,NEW BEDFORD,50553,USA,DESCONOCIDO,TAM,WING C,SMALL,2003,11,4
10186,0.29508196721311475,0.9941192560175054,0.23529411764705882,0.25492718227651023,2003-11-14,SHIPPED,4,11,2003,SHIPS,0.3149171270718232,S700_2047,"DOUBLE DECKER GIFT STORES, LTD",(171) 555-7555,120 HANOVER SQ.,LONDON,WA1 1DP,UK,EMEA,HARDY,THOMAS,SMALL,2003,11,4
10186,0.3278688524590164,1.0,0.47058823529411764,0.45065266998319464,2003-11-14,SHIPPED,4,11,2003,CLASSIC CARS,0.569060773480663,S10_4757,"DOUBLE DECKER GIFT STORES, LTD",(171) 555-7555,120 HANOVER SQ.,LONDON,WA1 1DP,UK,EMEA,HARDY,THOMAS,MEDIUM,2003,11,4
10185,0.7049180327868853,0.7356400437636761,0.5882352941176471,0.4638283513025001,2003-11-14,SHIPPED,4,11,2003,TRAINS,0.37016574585635353,S18_3259,MINI CREATIONS LTD.,5085559555,4575 HILLSIDE DR.,NEW BEDFORD,50553,USA,DESCONOCIDO,TAM,WING C,MEDIUM,2003,11,4
10184,0.6557377049180328,1.0,0.47058823529411764,0.7352949627308234,2003-11-14,SHIPPED,4,11,2003,TRUCKS AND BUSES,0.4917127071823204,S18_2319,"IBERIA GIFT IMPORTS, CORP.",(95) 555 82 82,"C/ ROMERO, 33",SEVILLA,41101,SPAIN,EMEA,ROEL,JOSE PEDRO,MEDIUM,2003,11,4
10185,0.36065573770491804,1.0,0.47058823529411764,0.39556578652830354,2003-11-14,SHIPPED,4,11,2003,VINTAGE CARS,0.569060773480663,S18_3140,MINI CREATIONS LTD.,5085559555,4575 HILLSIDE DR.,NEW BEDFORD,50553,USA,DESCONOCIDO,TAM,WING C,MEDIUM,2003,11,4
10186,0.6557377049180328,1.0,0.2941176470588235,0.5929190234840916,2003-11-14,SHIPPED,4,11,2003,VINTAGE CARS,0.39779005524861877,S18_3856,"DOUBLE DECKER GIFT STORES, LTD",(171) 555-7555,120 HANOVER SQ.,LONDON,WA1 1DP,UK,EMEA,HARDY,THOMAS,MEDIUM,2003,11,4
10184,0.7049180327868853,1.0,0.058823529411764705,0.7101142965964939,2003-11-14,SHIPPED,4,11,2003,CLASSIC CARS,0.4696132596685083,S24_4048,"IBERIA GIFT IMPORTS, CORP.",(95) 555 82 82,"C/ ROMERO, 33",SEVILLA,41101,SPAIN,EMEA,ROEL,JOSE PEDRO,MEDIUM,2003,11,4
10184,0.5081967213114754,1.0,0.2941176470588235,0.5391204407485242,2003-11-14,SHIPPED,4,11,2003,TRUCKS AND BUSES,0.4696132596685083,S12_4473,"IBERIA GIFT IMPORTS, CORP.",(95) 555 82 82,"C/ ROMERO, 33",SEVILLA,41101,SPAIN,EMEA,ROEL,JOSE PEDRO,MEDIUM,2003,11,4
10184,0.36065573770491804,1.0,0.5294117647058824,0.5248876579053754,2003-11-14,SHIPPED,4,11,2003,CLASSIC CARS,0.7513812154696132,S18_3232,"IBERIA GIFT IMPORTS, CORP.",(95) 555 82 82,"C/ ROMERO, 33",SEVILLA,41101,SPAIN,EMEA,ROEL,JOSE PEDRO,MEDIUM,2003,11,4
10185,0.2459016393442623,0.3708971553610503,0.1176470588235294,0.08711665870388127,2003-11-14,SHIPPED,4,11,2003,SHIPS,0.18232044198895025,S700_1138,MINI CREATIONS LTD.,5085559555,4575 HILLSIDE DR.,NEW BEDFORD,50553,USA,DESCONOCIDO,TAM,WING C,SMALL,2003,11,4
10184,0.6885245901639344,0.32918490153172875,0.0,0.26240039557781425,2003-11-14,SHIPPED,4,11,2003,TRAINS,0.16022099447513816,S32_3207,"IBERIA GIFT IMPORTS, CORP.",(95) 555 82 82,"C/ ROMERO, 33",SEVILLA,41101,SPAIN,EMEA,ROEL,JOSE PEDRO,SMALL,2003,11,4
10186,0.26229508196721313,0.5787746170678337,0.058823529411764705,0.13902288270650065,2003-11-14,SHIPPED,4,11,2003,PLANES,0.19337016574585636,S24_2841,"DOUBLE DECKER GIFT STORES, LTD",(171) 555-7555,120 HANOVER SQ.,LONDON,WA1 1DP,UK,EMEA,HARDY,THOMAS,SMALL,2003,11,4
10186,0.42622950819672134,1.0,0.0,0.7380559889612408,2003-11-14,SHIPPED,4,11,2003,PLANES,0.6850828729281768,S18_1662,"DOUBLE DECKER GIFT STORES, LTD",(171) 555-7555,120 HANOVER SQ.,LONDON,WA1 1DP,UK,EMEA,HARDY,THOMAS,MEDIUM,2003,11,4
10184,0.6229508196721312,0.4551422319474835,0.6470588235294117,0.28932106953015113,2003-11-14,SHIPPED,4,11,2003,TRUCKS AND BUSES,0.14917127071823205,S18_2432,"IBERIA GIFT IMPORTS, CORP.",(95) 555 82 82,"C/ ROMERO, 33",SEVILLA,41101,SPAIN,EMEA,ROEL,JOSE PEDRO,SMALL,2003,11,4
10185,0.26229508196721313,0.7189551422319476,0.23529411764705882,0.16915896281100803,2003-11-14,SHIPPED,4,11,2003,SHIPS,0.3646408839779005,S700_3962,MINI CREATIONS LTD.,5085559555,4575 HILLSIDE DR.,NEW BEDFORD,50553,USA,DESCONOCIDO,TAM,WING C,SMALL,2003,11,4
10188,0.639344262295082,1.0,0.1176470588235294,1.0,2003-11-18,SHIPPED,4,11,2003,MOTORCYCLES,0.8839779005524863,S10_4698,HERKKU GIFTS,+47 2267 3215,"DRAMMEN 121, PR 744 SENTRUM",BERGEN,N 5804,NORWAY,EMEA,OEZTAN,VEYSEL,LARGE,2003,11,4
10188,0.6885245901639344,1.0,0.0,0.6722403937068381,2003-11-18,SHIPPED,4,11,2003,MOTORCYCLES,0.3425414364640884,S10_1678,HERKKU GIFTS,+47 2267 3215,"DRAMMEN 121, PR 744 SENTRUM",BERGEN,N 5804,NORWAY,EMEA,OEZTAN,VEYSEL,MEDIUM,2003,11,4
10188,0.3114754098360656,1.0,0.058823529411764705,0.27444814556194436,2003-11-18,SHIPPED,4,11,2003,MOTORCYCLES,0.43646408839779005,S24_1578,HERKKU GIFTS,+47 2267 3215,"DRAMMEN 121, PR 744 SENTRUM",BERGEN,N 5804,NORWAY,EMEA,OEZTAN,VEYSEL,SMALL,2003,11,4
10188,0.5573770491803279,0.8823851203501094,0.2941176470588235,0.4241596477219195,2003-11-18,SHIPPED,4,11,2003,MOTORCYCLES,0.23756906077348067,S24_2000,HERKKU GIFTS,+47 2267 3215,"DRAMMEN 121, PR 744 SENTRUM",BERGEN,N 5804,NORWAY,EMEA,OEZTAN,VEYSEL,MEDIUM,2003,11,4
10189,0.36065573770491804,1.0,0.0,0.5386206228345957,2003-11-18,SHIPPED,4,11,2003,MOTORCYCLES,0.6464088397790055,S12_2823,TOYS4GROWNUPS.COM,6265557265,78934 HILLSIDE DR.,PASADENA,90003,USA,DESCONOCIDO,YOUNG,JULIE,MEDIUM,2003,11,4
10188,0.3770491803278689,1.0,0.4117647058823529,0.46439231697008776,2003-11-18,SHIPPED,4,11,2003,PLANES,0.4696132596685083,S700_2834,HERKKU GIFTS,+47 2267 3215,"DRAMMEN 121, PR 744 SENTRUM",BERGEN,N 5804,NORWAY,EMEA,OEZTAN,VEYSEL,MEDIUM,2003,11,4
10188,0.5245901639344263,0.949945295404814,0.1764705882352941,0.42481716219692695,2003-11-18,SHIPPED,4,11,2003,MOTORCYCLES,0.4696132596685083,S10_2016,HERKKU GIFTS,+47 2267 3215,"DRAMMEN 121, PR 744 SENTRUM",BERGEN,N 5804,NORWAY,EMEA,OEZTAN,VEYSEL,MEDIUM,2003,11,4
10188,0.42622950819672134,0.5270787746170679,0.23529411764705882,0.21533732697646912,2003-11-18,SHIPPED,4,11,2003,MOTORCYCLES,0.14917127071823205,S18_2625,HERKKU GIFTS,+47 2267 3215,"DRAMMEN 121, PR 744 SENTRUM",BERGEN,N 5804,NORWAY,EMEA,OEZTAN,VEYSEL,SMALL,2003,11,4
10188,0.6229508196721312,0.9848194748358863,0.3529411764705882,0.5170616319589454,2003-11-18,SHIPPED,4,11,2003,MOTORCYCLES,0.3646408839779005,S32_1374,HERKKU GIFTS,+47 2267 3215,"DRAMMEN 121, PR 744 SENTRUM",BERGEN,N 5804,NORWAY,EMEA,OEZTAN,VEYSEL,MEDIUM,2003,11,4
10190,0.5901639344262295,0.8047045951859957,0.1764705882352941,0.41670781700516857,2003-11-19,SHIPPED,4,11,2003,MOTORCYCLES,0.3812154696132597,S32_4485,EURO SHOPPING CHANNEL,(91) 555 94 44,"C/ MORALZARZAL, 86",MADRID,28034,SPAIN,EMEA,FREYRE,DIEGO,MEDIUM,2003,11,4
10190,0.5573770491803279,0.5448577680525164,0.058823529411764705,0.292229101029371,2003-11-19,SHIPPED,4,11,2003,MOTORCYCLES,0.26519337016574585,S50_4713,EURO SHOPPING CHANNEL,(91) 555 94 44,"C/ MORALZARZAL, 86",MADRID,28034,SPAIN,EMEA,FREYRE,DIEGO,SMALL,2003,11,4
10190,0.6557377049180328,0.08356126914660833,0.0,0.1383733867007006,2003-11-19,SHIPPED,4,11,2003,MOTORCYCLES,0.03867403314917128,S32_2206,EURO SHOPPING CHANNEL,(91) 555 94 44,"C/ MORALZARZAL, 86",MADRID,28034,SPAIN,EMEA,FREYRE,DIEGO,SMALL,2003,11,4
10190,0.5901639344262295,0.674370897155361,0.1176470588235294,0.36321660892255164,2003-11-19,SHIPPED,4,11,2003,MOTORCYCLES,0.19889502762430938,S24_2360,EURO SHOPPING CHANNEL,(91) 555 94 44,"C/ MORALZARZAL, 86",MADRID,28034,SPAIN,EMEA,FREYRE,DIEGO,MEDIUM,2003,11,4
10192,0.3278688524590164,1.0,0.6470588235294117,0.4592351048581901,2003-11-20,SHIPPED,4,11,2003,CLASSIC CARS,0.7513812154696132,S18_3232,ONLINE DIECAST CREATIONS CO.,6035558647,2304 LONG AIRPORT AVENUE,NASHUA,62005,USA,DESCONOCIDO,YOUNG,VALARIE,MEDIUM,2003,11,4
10191,0.6065573770491803,0.6271881838074398,0.47058823529411764,0.35357306328910926,2003-11-20,SHIPPED,4,11,2003,MOTORCYCLES,0.16022099447513816,S18_3782,"TOMS SPEZIALITTEN, LTD",0221-5554327,MEHRHEIMERSTR. 369,KOLN,50739,GERMANY,EMEA,PFALZHEIM,HENRIETTE,MEDIUM,2003,11,4
10192,0.6557377049180328,1.0,0.23529411764705882,0.6794142508243989,2003-11-20,SHIPPED,4,11,2003,CLASSIC CARS,0.4088397790055248,S24_3432,ONLINE DIECAST CREATIONS CO.,6035558647,2304 LONG AIRPORT AVENUE,NASHUA,62005,USA,DESCONOCIDO,YOUNG,VALARIE,MEDIUM,2003,11,4
10191,0.42622950819672134,1.0,0.4117647058823529,0.5019067251569449,2003-11-20,SHIPPED,4,11,2003,CLASSIC CARS,0.6353591160220994,S18_4721,"TOMS SPEZIALITTEN, LTD",0221-5554327,MEHRHEIMERSTR. 369,KOLN,50739,GERMANY,EMEA,PFALZHEIM,HENRIETTE,MEDIUM,2003,11,4
10192,0.6721311475409837,1.0,0.5294117647058824,0.9273586828327915,2003-11-20,SHIPPED,4,11,2003,CLASSIC CARS,0.6022099447513812,S18_1984,ONLINE DIECAST CREATIONS CO.,6035558647,2304 LONG AIRPORT AVENUE,NASHUA,62005,USA,DESCONOCIDO,YOUNG,VALARIE,LARGE,2003,11,4
10191,0.5573770491803279,1.0,0.0,0.682621638507362,2003-11-20,SHIPPED,4,11,2003,CLASSIC CARS,0.4640883977900553,S12_3380,"TOMS SPEZIALITTEN, LTD",0221-5554327,MEHRHEIMERSTR. 369,KOLN,50739,GERMANY,EMEA,PFALZHEIM,HENRIETTE,MEDIUM,2003,11,4
10191,0.6885245901639344,0.45309080962800874,0.058823529411764705,0.3205182603931055,2003-11-20,SHIPPED,4,11,2003,CLASSIC CARS,0.15469613259668508,S24_3371,"TOMS SPEZIALITTEN, LTD",0221-5554327,MEHRHEIMERSTR. 369,KOLN,50739,GERMANY,EMEA,PFALZHEIM,HENRIETTE,SMALL,2003,11,4
10192,0.5245901639344263,1.0,0.4117647058823529,0.5992081761657685,2003-11-20,SHIPPED,4,11,2003,CLASSIC CARS,0.5469613259668508,S18_2870,ONLINE DIECAST CREATIONS CO.,6035558647,2304 LONG AIRPORT AVENUE,NASHUA,62005,USA,DESCONOCIDO,YOUNG,VALARIE,MEDIUM,2003,11,4
10191,0.6229508196721312,0.538977024070022,0.3529411764705882,0.325366761440518,2003-11-20,SHIPPED,4,11,2003,CLASSIC CARS,0.2596685082872928,S24_4620,"TOMS SPEZIALITTEN, LTD",0221-5554327,MEHRHEIMERSTR. 369,KOLN,50739,GERMANY,EMEA,PFALZHEIM,HENRIETTE,SMALL,2003,11,4
10191,0.2459016393442623,1.0,0.1176470588235294,0.44886989699608104,2003-11-20,SHIPPED,4,11,2003,CLASSIC CARS,0.8895027624309392,S12_1099,"TOMS SPEZIALITTEN, LTD",0221-5554327,MEHRHEIMERSTR. 369,KOLN,50739,GERMANY,EMEA,PFALZHEIM,HENRIETTE,MEDIUM,2003,11,4
10192,0.5081967213114754,0.5872538293216629,0.1764705882352941,0.28080812805495325,2003-11-20,SHIPPED,4,11,2003,CLASSIC CARS,0.22099447513812154,S24_1046,ONLINE DIECAST CREATIONS CO.,6035558647,2304 LONG AIRPORT AVENUE,NASHUA,62005,USA,DESCONOCIDO,YOUNG,VALARIE,SMALL,2003,11,4
10192,0.26229508196721313,1.0,0.5882352941176471,0.3766716002525818,2003-11-20,SHIPPED,4,11,2003,CLASSIC CARS,0.5966850828729282,S18_1129,ONLINE DIECAST CREATIONS CO.,6035558647,2304 LONG AIRPORT AVENUE,NASHUA,62005,USA,DESCONOCIDO,YOUNG,VALARIE,MEDIUM,2003,11,4
10192,0.639344262295082,0.875,0.8235294117647058,0.4819861748226749,2003-11-20,SHIPPED,4,11,2003,CLASSIC CARS,0.2430939226519337,S18_1889,ONLINE DIECAST CREATIONS CO.,6035558647,2304 LONG AIRPORT AVENUE,NASHUA,62005,USA,DESCONOCIDO,YOUNG,VALARIE,MEDIUM,2003,11,4
10192,0.6557377049180328,0.7757111597374178,0.058823529411764705,0.44949801041732795,2003-11-20,SHIPPED,4,11,2003,CLASSIC CARS,0.3149171270718232,S24_2766,ONLINE DIECAST CREATIONS CO.,6035558647,2304 LONG AIRPORT AVENUE,NASHUA,62005,USA,DESCONOCIDO,YOUNG,VALARIE,MEDIUM,2003,11,4
10192,0.3770491803278689,1.0,0.3529411764705882,0.5046597329181548,2003-11-20,SHIPPED,4,11,2003,CLASSIC CARS,0.5027624309392266,S18_1589,ONLINE DIECAST CREATIONS CO.,6035558647,2304 LONG AIRPORT AVENUE,NASHUA,62005,USA,DESCONOCIDO,YOUNG,VALARIE,MEDIUM,2003,11,4
10192,0.42622950819672134,0.6275984682713347,0.1176470588235294,0.24676972626950744,2003-11-20,SHIPPED,4,11,2003,CLASSIC CARS,0.287292817679558,S24_3191,ONLINE DIECAST CREATIONS CO.,6035558647,2304 LONG AIRPORT AVENUE,NASHUA,62005,USA,DESCONOCIDO,YOUNG,VALARIE,SMALL,2003,11,4
10191,0.27868852459016397,1.0,0.23529411764705882,0.39189600045437994,2003-11-20,SHIPPED,4,11,2003,CLASSIC CARS,0.6243093922651933,S18_3482,"TOMS SPEZIALITTEN, LTD",0221-5554327,MEHRHEIMERSTR. 369,KOLN,50739,GERMANY,EMEA,PFALZHEIM,HENRIETTE,MEDIUM,2003,11,4
10192,0.34426229508196726,1.0,0.8823529411764706,0.4092666775806942,2003-11-20,SHIPPED,4,11,2003,CLASSIC CARS,0.4530386740331491,S12_4675,ONLINE DIECAST CREATIONS CO.,6035558647,2304 LONG AIRPORT AVENUE,NASHUA,62005,USA,DESCONOCIDO,YOUNG,VALARIE,MEDIUM,2003,11,4
10191,0.3934426229508197,0.5164113785557987,0.1764705882352941,0.19472451546729302,2003-11-20,SHIPPED,4,11,2003,CLASSIC CARS,0.2541436464088398,S12_3990,"TOMS SPEZIALITTEN, LTD",0221-5554327,MEHRHEIMERSTR. 369,KOLN,50739,GERMANY,EMEA,PFALZHEIM,HENRIETTE,SMALL,2003,11,4
10191,0.4918032786885246,0.9299781181619255,0.2941176470588235,0.3920430057231824,2003-11-20,SHIPPED,4,11,2003,CLASSIC CARS,0.2596685082872928,S18_3278,"TOMS SPEZIALITTEN, LTD",0221-5554327,MEHRHEIMERSTR. 369,KOLN,50739,GERMANY,EMEA,PFALZHEIM,HENRIETTE,MEDIUM,2003,11,4
10192,0.639344262295082,1.0,0.7647058823529411,0.7800928137810759,2003-11-20,SHIPPED,4,11,2003,CLASSIC CARS,0.5911602209944752,S24_3856,ONLINE DIECAST CREATIONS CO.,6035558647,2304 LONG AIRPORT AVENUE,NASHUA,62005,USA,DESCONOCIDO,YOUNG,VALARIE,MEDIUM,2003,11,4
10192,0.639344262295082,1.0,0.47058823529411764,0.6492915348352373,2003-11-20,SHIPPED,4,11,2003,CLASSIC CARS,0.5966850828729282,S18_3685,ONLINE DIECAST CREATIONS CO.,6035558647,2304 LONG AIRPORT AVENUE,NASHUA,62005,USA,DESCONOCIDO,YOUNG,VALARIE,MEDIUM,2003,11,4
10192,0.27868852459016397,1.0,0.0,0.34348449261465575,2003-11-20,SHIPPED,4,11,2003,CLASSIC CARS,0.4640883977900553,S24_2887,ONLINE DIECAST CREATIONS CO.,6035558647,2304 LONG AIRPORT AVENUE,NASHUA,62005,USA,DESCONOCIDO,YOUNG,VALARIE,MEDIUM,2003,11,4
10192,0.6721311475409837,0.36857221006564544,0.2941176470588235,0.2736810453411024,2003-11-20,SHIPPED,4,11,2003,CLASSIC CARS,0.09392265193370164,S24_1628,ONLINE DIECAST CREATIONS CO.,6035558647,2304 LONG AIRPORT AVENUE,NASHUA,62005,USA,DESCONOCIDO,YOUNG,VALARIE,SMALL,2003,11,4
10192,0.3934426229508197,0.05073851203501095,0.7058823529411764,0.05821007721117641,2003-11-20,SHIPPED,4,11,2003,CLASSIC CARS,0.022099447513812154,S24_2972,ONLINE DIECAST CREATIONS CO.,6035558647,2304 LONG AIRPORT AVENUE,NASHUA,62005,USA,DESCONOCIDO,YOUNG,VALARIE,SMALL,2003,11,4
10193,0.36065573770491804,0.9071389496717723,0.0,0.28435496426769663,2003-11-21,SHIPPED,4,11,2003,VINTAGE CARS,0.37569060773480667,S18_2949,"AUSTRALIAN COLLECTABLES, LTD",61-9-3844-6555,7 ALLEN STREET,GLEN WAVERLY,3150,AUSTRALIA,APAC,CONNERY,SEAN,SMALL,2003,11,4
10193,0.29508196721311475,0.34135667396061276,0.1176470588235294,0.10183856816868186,2003-11-21,SHIPPED,4,11,2003,VINTAGE CARS,0.16022099447513816,S18_2957,"AUSTRALIAN COLLECTABLES, LTD",61-9-3844-6555,7 ALLEN STREET,GLEN WAVERLY,3150,AUSTRALIA,APAC,CONNERY,SEAN,SMALL,2003,11,4
10193,0.6557377049180328,0.36228118161925593,0.2941176470588235,0.2636592952433772,2003-11-21,SHIPPED,4,11,2003,VINTAGE CARS,0.11049723756906077,S18_1367,"AUSTRALIAN COLLECTABLES, LTD",61-9-3844-6555,7 ALLEN STREET,GLEN WAVERLY,3150,AUSTRALIA,APAC,CONNERY,SEAN,SMALL,2003,11,4
10193,0.42622950819672134,0.7178610503282277,0.23529411764705882,0.2749947378795827,2003-11-21,SHIPPED,4,11,2003,VINTAGE CARS,0.3646408839779005,S18_3320,"AUSTRALIAN COLLECTABLES, LTD",61-9-3844-6555,7 ALLEN STREET,GLEN WAVERLY,3150,AUSTRALIA,APAC,CONNERY,SEAN,SMALL,2003,11,4
10193,0.3278688524590164,0.03186542669584247,0.5294117647058824,0.0370627010881731,2003-11-21,SHIPPED,4,11,2003,VINTAGE CARS,0.0,S24_1937,"AUSTRALIAN COLLECTABLES, LTD",61-9-3844-6555,7 ALLEN STREET,GLEN WAVERLY,3150,AUSTRALIA,APAC,CONNERY,SEAN,SMALL,2003,11,4
10193,0.2459016393442623,1.0,0.7647058823529411,0.3554146383837439,2003-11-21,SHIPPED,4,11,2003,VINTAGE CARS,0.7569060773480663,S18_1749,"AUSTRALIAN COLLECTABLES, LTD",61-9-3844-6555,7 ALLEN STREET,GLEN WAVERLY,3150,AUSTRALIA,APAC,CONNERY,SEAN,MEDIUM,2003,11,4
10193,0.27868852459016397,1.0,0.058823529411764705,0.30573888523231846,2003-11-21,SHIPPED,4,11,2003,VINTAGE CARS,0.39226519337016574,S18_3136,"AUSTRALIAN COLLECTABLES, LTD",61-9-3844-6555,7 ALLEN STREET,GLEN WAVERLY,3150,AUSTRALIA,APAC,CONNERY,SEAN,SMALL,2003,11,4
10193,0.36065573770491804,1.0,0.3529411764705882,0.350774617535724,2003-11-21,SHIPPED,4,11,2003,VINTAGE CARS,0.3812154696132597,S18_1342,"AUSTRALIAN COLLECTABLES, LTD",61-9-3844-6555,7 ALLEN STREET,GLEN WAVERLY,3150,AUSTRALIA,APAC,CONNERY,SEAN,MEDIUM,2003,11,4
10193,0.5901639344262295,0.4437910284463895,0.7058823529411764,0.2685826353367256,2003-11-21,SHIPPED,4,11,2003,VINTAGE CARS,0.14917127071823205,S18_2248,"AUSTRALIAN COLLECTABLES, LTD",61-9-3844-6555,7 ALLEN STREET,GLEN WAVERLY,3150,AUSTRALIA,APAC,CONNERY,SEAN,SMALL,2003,11,4
10193,0.2295081967213115,0.324671772428884,0.47058823529411764,0.07086589444353494,2003-11-21,SHIPPED,4,11,2003,VINTAGE CARS,0.06077348066298344,S24_2022,"AUSTRALIAN COLLECTABLES, LTD",61-9-3844-6555,7 ALLEN STREET,GLEN WAVERLY,3150,AUSTRALIA,APAC,CONNERY,SEAN,SMALL,2003,11,4
10193,0.3114754098360656,0.6753282275711161,0.8823529411764706,0.1903544497492558,2003-11-21,SHIPPED,4,11,2003,CLASSIC CARS,0.2099447513812155,S18_4933,"AUSTRALIAN COLLECTABLES, LTD",61-9-3844-6555,7 ALLEN STREET,GLEN WAVERLY,3150,AUSTRALIA,APAC,CONNERY,SEAN,SMALL,2003,11,4
10193,0.26229508196721313,0.19351750547045954,0.6470588235294117,0.056200114263186204,2003-11-21,SHIPPED,4,11,2003,VINTAGE CARS,0.04419889502762431,S24_3969,"AUSTRALIAN COLLECTABLES, LTD",61-9-3844-6555,7 ALLEN STREET,GLEN WAVERLY,3150,AUSTRALIA,APAC,CONNERY,SEAN,SMALL,2003,11,4
10193,0.29508196721311475,0.9664934354485777,0.8235294117647058,0.24844825915692476,2003-11-21,SHIPPED,4,11,2003,VINTAGE CARS,0.32596685082872934,S18_4409,"AUSTRALIAN COLLECTABLES, LTD",61-9-3844-6555,7 ALLEN STREET,GLEN WAVERLY,3150,AUSTRALIA,APAC,CONNERY,SEAN,SMALL,2003,11,4
10193,0.6229508196721312,1.0,0.5882352941176471,0.5560474292453619,2003-11-21,SHIPPED,4,11,2003,VINTAGE CARS,0.5193370165745856,S18_2325,"AUSTRALIAN COLLECTABLES, LTD",61-9-3844-6555,7 ALLEN STREET,GLEN WAVERLY,3150,AUSTRALIA,APAC,CONNERY,SEAN,MEDIUM,2003,11,4
10193,0.2295081967213115,1.0,0.1764705882352941,0.2401357794119121,2003-11-21,SHIPPED,4,11,2003,VINTAGE CARS,0.35359116022099446,S24_4258,"AUSTRALIAN COLLECTABLES, LTD",61-9-3844-6555,7 ALLEN STREET,GLEN WAVERLY,3150,AUSTRALIA,APAC,CONNERY,SEAN,SMALL,2003,11,4
10193,0.26229508196721313,1.0,0.4117647058823529,0.4267415948067048,2003-11-21,SHIPPED,4,11,2003,VINTAGE CARS,0.7458563535911602,S18_2795,"AUSTRALIAN COLLECTABLES, LTD",61-9-3844-6555,7 ALLEN STREET,GLEN WAVERLY,3150,AUSTRALIA,APAC,CONNERY,SEAN,MEDIUM,2003,11,4
10195,0.4426229508196722,0.3801969365426696,0.0,0.17671503362745525,2003-11-25,SHIPPED,4,11,2003,TRAINS,0.16022099447513816,S32_3207,MINI CLASSICS,9145554562,3758 NORTH PENDALE STREET,WHITE PLAINS,24067,USA,DESCONOCIDO,FRICK,STEVE,SMALL,2003,11,4
10194,0.5901639344262295,1.0,0.5882352941176471,0.9098597101991587,2003-11-25,SHIPPED,4,11,2003,CLASSIC CARS,0.9999999999999999,S10_1949,"SAVELEY & HENRIOT, CO.",78.32.5555,"2, RUE DU COMMERCE",LYON,69004,FRANCE,EMEA,SAVELEY,MARY,LARGE,2003,11,4
10194,0.5409836065573771,0.3837527352297593,0.3529411764705882,0.2219151445496126,2003-11-25,SHIPPED,4,11,2003,TRUCKS AND BUSES,0.1712707182320442,S32_3522,"SAVELEY & HENRIOT, CO.",78.32.5555,"2, RUE DU COMMERCE",LYON,69004,FRANCE,EMEA,SAVELEY,MARY,SMALL,2003,11,4
10194,0.3278688524590164,0.8496991247264771,0.2941176470588235,0.24484796648279877,2003-11-25,SHIPPED,4,11,2003,CLASSIC CARS,0.37569060773480667,S700_2824,"SAVELEY & HENRIOT, CO.",78.32.5555,"2, RUE DU COMMERCE",LYON,69004,FRANCE,EMEA,SAVELEY,MARY,SMALL,2003,11,4
10195,0.7049180327868853,1.0,0.2941176470588235,0.7969462996435123,2003-11-25,SHIPPED,4,11,2003,TRUCKS AND BUSES,0.4696132596685083,S12_4473,MINI CLASSICS,9145554562,3758 NORTH PENDALE STREET,WHITE PLAINS,24067,USA,DESCONOCIDO,FRICK,STEVE,MEDIUM,2003,11,4
10194,0.7049180327868853,1.0,0.0,0.705464920867732,2003-11-25,SHIPPED,4,11,2003,TRUCKS AND BUSES,0.5193370165745856,S24_2300,"SAVELEY & HENRIOT, CO.",78.32.5555,"2, RUE DU COMMERCE",LYON,69004,FRANCE,EMEA,SAVELEY,MARY,MEDIUM,2003,11,4
10194,0.639344262295082,0.5964168490153172,0.058823529411764705,0.35948401150650333,2003-11-25,SHIPPED,4,11,2003,TRUCKS AND BUSES,0.14917127071823205,S18_2432,"SAVELEY & HENRIOT, CO.",78.32.5555,"2, RUE DU COMMERCE",LYON,69004,FRANCE,EMEA,SAVELEY,MARY,MEDIUM,2003,11,4
10195,0.47540983606557385,1.0,0.47058823529411764,0.4177649185290119,2003-11-25,SHIPPED,4,11,2003,TRUCKS AND BUSES,0.4917127071823204,S18_2319,MINI CLASSICS,9145554562,3758 NORTH PENDALE STREET,WHITE PLAINS,24067,USA,DESCONOCIDO,FRICK,STEVE,MEDIUM,2003,11,4
10195,0.459016393442623,1.0,0.058823529411764705,0.4300238215356037,2003-11-25,SHIPPED,4,11,2003,CLASSIC CARS,0.4696132596685083,S24_4048,MINI CLASSICS,9145554562,3758 NORTH PENDALE STREET,WHITE PLAINS,24067,USA,DESCONOCIDO,FRICK,STEVE,MEDIUM,2003,11,4
10194,0.2459016393442623,0.9089168490153172,0.5294117647058824,0.1975229612206783,2003-11-25,SHIPPED,4,11,2003,TRUCKS AND BUSES,0.45856353591160215,S18_1097,"SAVELEY & HENRIOT, CO.",78.32.5555,"2, RUE DU COMMERCE",LYON,69004,FRANCE,EMEA,SAVELEY,MARY,SMALL,2003,11,4
10194,0.5081967213114754,0.9626641137855578,0.1176470588235294,0.41654076556334757,2003-11-25,SHIPPED,4,11,2003,TRUCKS AND BUSES,0.34806629834254144,S32_1268,"SAVELEY & HENRIOT, CO.",78.32.5555,"2, RUE DU COMMERCE",LYON,69004,FRANCE,EMEA,SAVELEY,MARY,MEDIUM,2003,11,4
10194,0.42622950819672134,1.0,0.23529411764705882,0.5051568780090141,2003-11-25,SHIPPED,4,11,2003,TRUCKS AND BUSES,0.4861878453038674,S18_4600,"SAVELEY & HENRIOT, CO.",78.32.5555,"2, RUE DU COMMERCE",LYON,69004,FRANCE,EMEA,SAVELEY,MARY,MEDIUM,2003,11,4
10195,0.7213114754098361,1.0,0.5294117647058824,0.9539800006013852,2003-11-25,SHIPPED,4,11,2003,CLASSIC CARS,0.7513812154696132,S18_3232,MINI CLASSICS,9145554562,3758 NORTH PENDALE STREET,WHITE PLAINS,24067,USA,DESCONOCIDO,FRICK,STEVE,LARGE,2003,11,4
10194,0.5245901639344263,1.0,0.4117647058823529,0.5949423505474276,2003-11-25,SHIPPED,4,11,2003,TRUCKS AND BUSES,0.569060773480663,S12_1666,"SAVELEY & HENRIOT, CO.",78.32.5555,"2, RUE DU COMMERCE",LYON,69004,FRANCE,EMEA,SAVELEY,MARY,MEDIUM,2003,11,4
10194,0.3278688524590164,1.0,0.1764705882352941,0.5053787223237524,2003-11-25,SHIPPED,4,11,2003,CLASSIC CARS,0.6298342541436464,S10_4962,"SAVELEY & HENRIOT, CO.",78.32.5555,"2, RUE DU COMMERCE",LYON,69004,FRANCE,EMEA,SAVELEY,MARY,MEDIUM,2003,11,4
10195,0.34426229508196726,1.0,0.23529411764705882,0.6208941261372026,2003-11-25,SHIPPED,4,11,2003,CLASSIC CARS,0.718232044198895,S18_2238,MINI CLASSICS,9145554562,3758 NORTH PENDALE STREET,WHITE PLAINS,24067,USA,DESCONOCIDO,FRICK,STEVE,MEDIUM,2003,11,4
10195,0.6229508196721312,0.5414387308533917,0.1176470588235294,0.3264251993758958,2003-11-25,SHIPPED,4,11,2003,CLASSIC CARS,0.13259668508287292,S24_1444,MINI CLASSICS,9145554562,3758 NORTH PENDALE STREET,WHITE PLAINS,24067,USA,DESCONOCIDO,FRICK,STEVE,SMALL,2003,11,4
10195,0.7049180327868853,1.0,0.1764705882352941,0.6253123026704844,2003-11-25,SHIPPED,4,11,2003,TRUCKS AND BUSES,0.4530386740331491,S50_1392,MINI CLASSICS,9145554562,3758 NORTH PENDALE STREET,WHITE PLAINS,24067,USA,DESCONOCIDO,FRICK,STEVE,MEDIUM,2003,11,4
10195,0.42622950819672134,0.22442560175054704,0.4117647058823529,0.12069800774450484,2003-11-25,SHIPPED,4,11,2003,TRUCKS AND BUSES,0.11602209944751385,S32_2509,MINI CLASSICS,9145554562,3758 NORTH PENDALE STREET,WHITE PLAINS,24067,USA,DESCONOCIDO,FRICK,STEVE,SMALL,2003,11,4
10195,0.42622950819672134,0.019283369803063444,0.3529411764705882,0.056550254085243,2003-11-25,SHIPPED,4,11,2003,CLASSIC CARS,0.011049723756906105,S24_2840,MINI CLASSICS,9145554562,3758 NORTH PENDALE STREET,WHITE PLAINS,24067,USA,DESCONOCIDO,FRICK,STEVE,SMALL,2003,11,4
10194,0.5737704918032788,0.24480306345733038,0.47058823529411764,0.18093007560748256,2003-11-25,SHIPPED,4,11,2003,VINTAGE CARS,0.09392265193370164,S18_4668,"SAVELEY & HENRIOT, CO.",78.32.5555,"2, RUE DU COMMERCE",LYON,69004,FRANCE,EMEA,SAVELEY,MARY,SMALL,2003,11,4
10197,0.6557377049180328,0.8323304157549234,0.1764705882352941,0.47494863168164003,2003-11-26,SHIPPED,4,11,2003,SHIPS,0.2928176795580111,S18_3029,ENACO DISTRIBUTORS,(93) 203 4555,"RAMBLA DE CATALU¤A, 23",BARCELONA,8022,SPAIN,EMEA,SAAVEDRA,EDUARDO,MEDIUM,2003,11,4
10197,0.26229508196721313,0.8137308533916849,0.23529411764705882,0.18953389306703106,2003-11-26,SHIPPED,4,11,2003,VINTAGE CARS,0.27624309392265195,S24_3816,ENACO DISTRIBUTORS,(93) 203 4555,"RAMBLA DE CATALU¤A, 23",BARCELONA,8022,SPAIN,EMEA,SAAVEDRA,EDUARDO,SMALL,2003,11,4
10197,0.29508196721311475,0.8703501094091903,0.058823529411764705,0.22590032374569424,2003-11-26,SHIPPED,4,11,2003,SHIPS,0.3149171270718232,S700_2047,ENACO DISTRIBUTORS,(93) 203 4555,"RAMBLA DE CATALU¤A, 23",BARCELONA,8022,SPAIN,EMEA,SAAVEDRA,EDUARDO,SMALL,2003,11,4
10196,0.6557377049180328,0.4815371991247265,0.3529411764705882,0.31726543471796703,2003-11-26,SHIPPED,4,11,2003,TRAINS,0.13812154696132595,S50_1514,SUPER SCALE INC.,2035559545,567 NORTH PENDALE STREET,NEW HAVEN,97823,USA,DESCONOCIDO,MURPHY,LESLIE,SMALL,2003,11,4
10197,0.6721311475409837,0.7702407002188185,0.4117647058823529,0.45815795716132823,2003-11-26,SHIPPED,4,11,2003,VINTAGE CARS,0.30386740331491713,S24_3151,ENACO DISTRIBUTORS,(93) 203 4555,"RAMBLA DE CATALU¤A, 23",BARCELONA,8022,SPAIN,EMEA,SAAVEDRA,EDUARDO,MEDIUM,2003,11,4
10196,0.29508196721311475,1.0,0.2941176470588235,0.4443554988323104,2003-11-26,SHIPPED,4,11,2003,CLASSIC CARS,0.6519337016574586,S12_3148,SUPER SCALE INC.,2035559545,567 NORTH PENDALE STREET,NEW HAVEN,97823,USA,DESCONOCIDO,MURPHY,LESLIE,MEDIUM,2003,11,4
10197,0.7213114754098361,0.7099288840262583,0.3529411764705882,0.46204691472692105,2003-11-26,SHIPPED,4,11,2003,SHIPS,0.2154696132596685,S700_2610,ENACO DISTRIBUTORS,(93) 203 4555,"RAMBLA DE CATALU¤A, 23",BARCELONA,8022,SPAIN,EMEA,SAAVEDRA,EDUARDO,MEDIUM,2003,11,4
10197,0.7213114754098361,1.0,0.7647058823529411,0.6158678823556927,2003-11-26,SHIPPED,4,11,2003,VINTAGE CARS,0.2983425414364641,S18_4522,ENACO DISTRIBUTORS,(93) 203 4555,"RAMBLA DE CATALU¤A, 23",BARCELONA,8022,SPAIN,EMEA,SAAVEDRA,EDUARDO,MEDIUM,2003,11,4
10197,0.639344262295082,1.0,0.2941176470588235,0.6471265481492371,2003-11-26,SHIPPED,4,11,2003,CLASSIC CARS,0.569060773480663,S10_4757,ENACO DISTRIBUTORS,(93) 203 4555,"RAMBLA DE CATALU¤A, 23",BARCELONA,8022,SPAIN,EMEA,SAAVEDRA,EDUARDO,MEDIUM,2003,11,4
10196,0.7049180327868853,1.0,0.0,0.8568643107958666,2003-11-26,SHIPPED,4,11,2003,VINTAGE CARS,0.569060773480663,S18_3140,SUPER SCALE INC.,2035559545,567 NORTH PENDALE STREET,NEW HAVEN,97823,USA,DESCONOCIDO,MURPHY,LESLIE,MEDIUM,2003,11,4
10196,0.5245901639344263,1.0,0.1764705882352941,0.9020817950679733,2003-11-26,SHIPPED,4,11,2003,CLASSIC CARS,0.7734806629834254,S12_3891,SUPER SCALE INC.,2035559545,567 NORTH PENDALE STREET,NEW HAVEN,97823,USA,DESCONOCIDO,MURPHY,LESLIE,LARGE,2003,11,4
10197,0.5901639344262295,0.31933807439824946,0.6470588235294117,0.21750498648553834,2003-11-26,SHIPPED,4,11,2003,SHIPS,0.11602209944751385,S72_3212,ENACO DISTRIBUTORS,(93) 203 4555,"RAMBLA DE CATALU¤A, 23",BARCELONA,8022,SPAIN,EMEA,SAAVEDRA,EDUARDO,SMALL,2003,11,4
10196,0.34426229508196726,1.0,0.4117647058823529,0.5419081952096328,2003-11-26,SHIPPED,4,11,2003,CLASSIC CARS,0.6077348066298343,S18_4027,SUPER SCALE INC.,2035559545,567 NORTH PENDALE STREET,NEW HAVEN,97823,USA,DESCONOCIDO,MURPHY,LESLIE,MEDIUM,2003,11,4
10196,0.7213114754098361,0.9234135667396062,0.058823529411764705,0.56635383499995,2003-11-26,SHIPPED,4,11,2003,SHIPS,0.2928176795580111,S700_1938,SUPER SCALE INC.,2035559545,567 NORTH PENDALE STREET,NEW HAVEN,97823,USA,DESCONOCIDO,MURPHY,LESLIE,MEDIUM,2003,11,4
10197,0.5737704918032788,1.0,0.7058823529411764,0.5415767651490601,2003-11-26,SHIPPED,4,11,2003,SHIPS,0.4917127071823204,S24_2011,ENACO DISTRIBUTORS,(93) 203 4555,"RAMBLA DE CATALU¤A, 23",BARCELONA,8022,SPAIN,EMEA,SAAVEDRA,EDUARDO,MEDIUM,2003,11,4
10197,0.3770491803278689,0.20281728665207877,0.0,0.09721859349368042,2003-11-26,SHIPPED,4,11,2003,PLANES,0.08839779005524862,S72_1253,ENACO DISTRIBUTORS,(93) 203 4555,"RAMBLA DE CATALU¤A, 23",BARCELONA,8022,SPAIN,EMEA,SAAVEDRA,EDUARDO,SMALL,2003,11,4
10196,0.47540983606557385,1.0,0.1176470588235294,0.41196489246898693,2003-11-26,SHIPPED,4,11,2003,TRAINS,0.37016574585635353,S18_3259,SUPER SCALE INC.,2035559545,567 NORTH PENDALE STREET,NEW HAVEN,97823,USA,DESCONOCIDO,MURPHY,LESLIE,MEDIUM,2003,11,4
10196,0.6721311475409837,1.0,0.23529411764705882,1.0,2003-11-26,SHIPPED,4,11,2003,CLASSIC CARS,0.9613259668508286,S12_1108,SUPER SCALE INC.,2035559545,567 NORTH PENDALE STREET,NEW HAVEN,97823,USA,DESCONOCIDO,MURPHY,LESLIE,LARGE,2003,11,4
10197,0.47540983606557385,0.9090536105032823,0.5882352941176471,0.3722066493155903,2003-11-26,SHIPPED,4,11,2003,SHIPS,0.3646408839779005,S700_3962,ENACO DISTRIBUTORS,(93) 203 4555,"RAMBLA DE CATALU¤A, 23",BARCELONA,8022,SPAIN,EMEA,SAAVEDRA,EDUARDO,MEDIUM,2003,11,4
10197,0.27868852459016397,0.5168216630196937,0.47058823529411764,0.13434677874704737,2003-11-26,SHIPPED,4,11,2003,SHIPS,0.18232044198895025,S700_1138,ENACO DISTRIBUTORS,(93) 203 4555,"RAMBLA DE CATALU¤A, 23",BARCELONA,8022,SPAIN,EMEA,SAAVEDRA,EDUARDO,SMALL,2003,11,4
10197,0.26229508196721313,1.0,0.1176470588235294,0.2748557510799876,2003-11-26,SHIPPED,4,11,2003,VINTAGE CARS,0.39779005524861877,S18_3856,ENACO DISTRIBUTORS,(93) 203 4555,"RAMBLA DE CATALU¤A, 23",BARCELONA,8022,SPAIN,EMEA,SAAVEDRA,EDUARDO,SMALL,2003,11,4
10197,0.34426229508196726,0.8927789934354484,0.5294117647058824,0.26810954565348855,2003-11-26,SHIPPED,4,11,2003,SHIPS,0.37016574585635353,S700_3505,ENACO DISTRIBUTORS,(93) 203 4555,"RAMBLA DE CATALU¤A, 23",BARCELONA,8022,SPAIN,EMEA,SAAVEDRA,EDUARDO,SMALL,2003,11,4
10198,0.5901639344262295,1.0,0.0,0.5736452963325527,2003-11-27,SHIPPED,4,11,2003,PLANES,0.3646408839779005,S700_2466,CRUZ & SONS CO.,+63 2 555 3587,15 MCCALLUM STREET - NATWEST CENTER #13-03,MAKATI CITY,1227 MM,PHILIPPINES,JAPAN,CRUZ,ARNOLD,MEDIUM,2003,11,4
10198,0.6065573770491803,0.5376094091903719,0.1176470588235294,0.3159330324180028,2003-11-27,SHIPPED,4,11,2003,PLANES,0.19337016574585636,S24_3949,CRUZ & SONS CO.,+63 2 555 3587,15 MCCALLUM STREET - NATWEST CENTER #13-03,MAKATI CITY,1227 MM,PHILIPPINES,JAPAN,CRUZ,ARNOLD,SMALL,2003,11,4
10198,0.34426229508196726,0.612554704595186,0.2941176470588235,0.19417525032658556,2003-11-27,SHIPPED,4,11,2003,VINTAGE CARS,0.17679558011049723,S24_3420,CRUZ & SONS CO.,+63 2 555 3587,15 MCCALLUM STREET - NATWEST CENTER #13-03,MAKATI CITY,1227 MM,PHILIPPINES,JAPAN,CRUZ,ARNOLD,SMALL,2003,11,4
10198,0.5573770491803279,0.5031455142231948,0.058823529411764705,0.27592488030764195,2003-11-27,SHIPPED,4,11,2003,PLANES,0.22651933701657456,S700_4002,CRUZ & SONS CO.,+63 2 555 3587,15 MCCALLUM STREET - NATWEST CENTER #13-03,MAKATI CITY,1227 MM,PHILIPPINES,JAPAN,CRUZ,ARNOLD,SMALL,2003,11,4
10198,0.5901639344262295,1.0,0.1764705882352941,0.9357353103314634,2003-11-27,SHIPPED,4,11,2003,PLANES,0.6850828729281768,S18_1662,CRUZ & SONS CO.,+63 2 555 3587,15 MCCALLUM STREET - NATWEST CENTER #13-03,MAKATI CITY,1227 MM,PHILIPPINES,JAPAN,CRUZ,ARNOLD,LARGE,2003,11,4
10198,0.6885245901639344,0.5599015317286651,0.23529411764705882,0.37061765600098895,2003-11-27,SHIPPED,4,11,2003,PLANES,0.19337016574585636,S24_2841,CRUZ & SONS CO.,+63 2 555 3587,15 MCCALLUM STREET - NATWEST CENTER #13-03,MAKATI CITY,1227 MM,PHILIPPINES,JAPAN,CRUZ,ARNOLD,MEDIUM,2003,11,4
10201,0.29508196721311475,1.0,0.23529411764705882,0.3399550297518618,2003-12-01,SHIPPED,4,12,2003,MOTORCYCLES,0.4696132596685083,S10_2016,MINI WHEELS CO.,6505555787,5557 NORTH PENDALE STREET,SAN FRANCISCO,28034,USA,DESCONOCIDO,MURPHY,JULIE,MEDIUM,2003,12,4
10199,0.3770491803278689,0.15754923413566735,0.0,0.08439037917336262,2003-12-01,SHIPPED,4,12,2003,VINTAGE CARS,0.05524861878453041,S50_1341,WEST COAST COLLECTABLES CO.,3105553722,3675 FURTH CIRCLE,BURBANK,94019,USA,DESCONOCIDO,THOMPSON,STEVE,SMALL,2003,12,4
10201,0.26229508196721313,0.9804431072210065,0.058823529411764705,0.22537377760107447,2003-12-01,SHIPPED,4,12,2003,MOTORCYCLES,0.3425414364640884,S10_1678,MINI WHEELS CO.,6505555787,5557 NORTH PENDALE STREET,SAN FRANCISCO,28034,USA,DESCONOCIDO,MURPHY,JULIE,SMALL,2003,12,4
10201,0.3114754098360656,0.6427789934354484,0.3529411764705882,0.18240280111857646,2003-12-01,SHIPPED,4,12,2003,MOTORCYCLES,0.23756906077348067,S24_2000,MINI WHEELS CO.,6505555787,5557 NORTH PENDALE STREET,SAN FRANCISCO,28034,USA,DESCONOCIDO,MURPHY,JULIE,SMALL,2003,12,4
10201,0.7049180327868853,1.0,0.1764705882352941,1.0,2003-12-01,SHIPPED,4,12,2003,MOTORCYCLES,0.8839779005524863,S10_4698,MINI WHEELS CO.,6505555787,5557 NORTH PENDALE STREET,SAN FRANCISCO,28034,USA,DESCONOCIDO,MURPHY,JULIE,LARGE,2003,12,4
10201,0.3114754098360656,1.0,0.0,0.4740077979613042,2003-12-01,SHIPPED,4,12,2003,MOTORCYCLES,0.6464088397790055,S12_2823,MINI WHEELS CO.,6505555787,5557 NORTH PENDALE STREET,SAN FRANCISCO,28034,USA,DESCONOCIDO,MURPHY,JULIE,MEDIUM,2003,12,4
10201,0.5409836065573771,1.0,0.1176470588235294,0.5170709868396873,2003-12-01,SHIPPED,4,12,2003,MOTORCYCLES,0.43646408839779005,S24_1578,MINI WHEELS CO.,6505555787,5557 NORTH PENDALE STREET,SAN FRANCISCO,28034,USA,DESCONOCIDO,MURPHY,JULIE,MEDIUM,2003,12,4
10199,0.5245901639344263,0.7592997811816193,0.1176470588235294,0.35402477038779323,2003-12-01,SHIPPED,4,12,2003,PLANES,0.2596685082872928,S700_3167,WEST COAST COLLECTABLES CO.,3105553722,3675 FURTH CIRCLE,BURBANK,94019,USA,DESCONOCIDO,THOMPSON,STEVE,MEDIUM,2003,12,4
10199,0.6885245901639344,0.7691466083150986,0.058823529411764705,0.46876371909965964,2003-12-01,SHIPPED,4,12,2003,PLANES,0.3204419889502762,S700_1691,WEST COAST COLLECTABLES CO.,3105553722,3675 FURTH CIRCLE,BURBANK,94019,USA,DESCONOCIDO,THOMPSON,STEVE,MEDIUM,2003,12,4
10201,0.3934426229508197,0.5187363238512035,0.2941176470588235,0.19540608534992265,2003-12-01,SHIPPED,4,12,2003,MOTORCYCLES,0.14917127071823205,S18_2625,MINI WHEELS CO.,6505555787,5557 NORTH PENDALE STREET,SAN FRANCISCO,28034,USA,DESCONOCIDO,MURPHY,JULIE,SMALL,2003,12,4
10203,0.639344262295082,0.801285557986871,0.1764705882352941,0.44957151305172915,2003-12-02,SHIPPED,4,12,2003,CLASSIC CARS,0.2430939226519337,S18_1889,EURO SHOPPING CHANNEL,(91) 555 94 44,"C/ MORALZARZAL, 86",MADRID,28034,SPAIN,EMEA,FREYRE,DIEGO,MEDIUM,2003,12,4
10204,0.639344262295082,0.3135940919037199,0.6470588235294117,0.23511755409960944,2003-12-02,SHIPPED,4,12,2003,CLASSIC CARS,0.09392265193370164,S24_1628,MUSCLE MACHINE INC,2125557413,4092 FURTH CIRCLE,NYC,10022,USA,DESCONOCIDO,YOUNG,JEFF,SMALL,2003,12,4
10203,0.2295081967213115,1.0,0.2941176470588235,0.2369016634982577,2003-12-02,SHIPPED,4,12,2003,CLASSIC CARS,0.4640883977900553,S12_3380,EURO SHOPPING CHANNEL,(91) 555 94 44,"C/ MORALZARZAL, 86",MADRID,28034,SPAIN,EMEA,FREYRE,DIEGO,SMALL,2003,12,4
10203,0.6885245901639344,1.0,0.0,1.0,2003-12-02,SHIPPED,4,12,2003,CLASSIC CARS,0.7513812154696132,S18_3232,EURO SHOPPING CHANNEL,(91) 555 94 44,"C/ MORALZARZAL, 86",MADRID,28034,SPAIN,EMEA,FREYRE,DIEGO,LARGE,2003,12,4
10204,0.5901639344262295,1.0,0.3529411764705882,0.5024733636476016,2003-12-02,SHIPPED,4,12,2003,CLASSIC CARS,0.4640883977900553,S24_2887,MUSCLE MACHINE INC,2125557413,4092 FURTH CIRCLE,NYC,10022,USA,DESCONOCIDO,YOUNG,JEFF,MEDIUM,2003,12,4
10204,0.6721311475409837,0.9496717724288839,0.4117647058823529,0.5405664380289267,2003-12-02,SHIPPED,4,12,2003,CLASSIC CARS,0.3149171270718232,S24_2766,MUSCLE MACHINE INC,2125557413,4092 FURTH CIRCLE,NYC,10022,USA,DESCONOCIDO,YOUNG,JEFF,MEDIUM,2003,12,4
10203,0.2459016393442623,0.13840262582056895,0.058823529411764705,0.03940676691980528,2003-12-02,SHIPPED,4,12,2003,CLASSIC CARS,0.022099447513812154,S24_2972,EURO SHOPPING CHANNEL,(91) 555 94 44,"C/ MORALZARZAL, 86",MADRID,28034,SPAIN,EMEA,FREYRE,DIEGO,SMALL,2003,12,4
10204,0.5409836065573771,0.08684354485776802,0.058823529411764705,0.10876251632927844,2003-12-02,SHIPPED,4,12,2003,VINTAGE CARS,0.04419889502762431,S24_3969,MUSCLE MACHINE INC,2125557413,4092 FURTH CIRCLE,NYC,10022,USA,DESCONOCIDO,YOUNG,JEFF,SMALL,2003,12,4
10204,0.5573770491803279,0.7212800875273524,0.47058823529411764,0.3611879362130775,2003-12-02,SHIPPED,4,12,2003,CLASSIC CARS,0.287292817679558,S24_3191,MUSCLE MACHINE INC,2125557413,4092 FURTH CIRCLE,NYC,10022,USA,DESCONOCIDO,YOUNG,JEFF,MEDIUM,2003,12,4
10204,0.4426229508196722,1.0,0.1764705882352941,0.7227808051211291,2003-12-02,SHIPPED,4,12,2003,VINTAGE CARS,0.7569060773480663,S18_1749,MUSCLE MACHINE INC,2125557413,4092 FURTH CIRCLE,NYC,10022,USA,DESCONOCIDO,YOUNG,JEFF,MEDIUM,2003,12,4
10203,0.2295081967213115,1.0,0.4117647058823529,0.4608307802304642,2003-12-02,SHIPPED,4,12,2003,CLASSIC CARS,0.8895027624309392,S12_1099,EURO SHOPPING CHANNEL,(91) 555 94 44,"C/ MORALZARZAL, 86",MADRID,28034,SPAIN,EMEA,FREYRE,DIEGO,MEDIUM,2003,12,4
10204,0.34426229508196726,1.0,0.7647058823529411,0.49283516366029756,2003-12-02,SHIPPED,4,12,2003,CLASSIC CARS,0.5469613259668508,S18_2870,MUSCLE MACHINE INC,2125557413,4092 FURTH CIRCLE,NYC,10022,USA,DESCONOCIDO,YOUNG,JEFF,MEDIUM,2003,12,4
10203,0.459016393442623,0.5199671772428884,0.3529411764705882,0.2304601599016401,2003-12-02,SHIPPED,4,12,2003,CLASSIC CARS,0.15469613259668508,S24_3371,EURO SHOPPING CHANNEL,(91) 555 94 44,"C/ MORALZARZAL, 86",MADRID,28034,SPAIN,EMEA,FREYRE,DIEGO,SMALL,2003,12,4
10203,0.4426229508196722,0.8090809628008753,0.5882352941176471,0.31501759051682376,2003-12-02,SHIPPED,4,12,2003,CLASSIC CARS,0.2596685082872928,S18_3278,EURO SHOPPING CHANNEL,(91) 555 94 44,"C/ MORALZARZAL, 86",MADRID,28034,SPAIN,EMEA,FREYRE,DIEGO,SMALL,2003,12,4
10203,0.6721311475409837,1.0,0.23529411764705882,0.6299469778723661,2003-12-02,SHIPPED,4,12,2003,CLASSIC CARS,0.4530386740331491,S12_4675,EURO SHOPPING CHANNEL,(91) 555 94 44,"C/ MORALZARZAL, 86",MADRID,28034,SPAIN,EMEA,FREYRE,DIEGO,MEDIUM,2003,12,4
10204,0.5573770491803279,1.0,0.7058823529411764,0.47440872142167456,2003-12-02,SHIPPED,4,12,2003,CLASSIC CARS,0.5027624309392266,S18_1589,MUSCLE MACHINE INC,2125557413,4092 FURTH CIRCLE,NYC,10022,USA,DESCONOCIDO,YOUNG,JEFF,MEDIUM,2003,12,4
10203,0.6721311475409837,1.0,0.1176470588235294,0.8705772295520683,2003-12-02,SHIPPED,4,12,2003,CLASSIC CARS,0.5911602209944752,S24_3856,EURO SHOPPING CHANNEL,(91) 555 94 44,"C/ MORALZARZAL, 86",MADRID,28034,SPAIN,EMEA,FREYRE,DIEGO,MEDIUM,2003,12,4
10204,0.2295081967213115,0.4867341356673961,0.5294117647058824,0.10253884781279549,2003-12-02,SHIPPED,4,12,2003,CLASSIC CARS,0.22099447513812154,S24_1046,MUSCLE MACHINE INC,2125557413,4092 FURTH CIRCLE,NYC,10022,USA,DESCONOCIDO,YOUNG,JEFF,SMALL,2003,12,4
10204,0.3770491803278689,0.8029266958424508,0.23529411764705882,0.26727963409052186,2003-12-02,SHIPPED,4,12,2003,VINTAGE CARS,0.32596685082872934,S18_4409,MUSCLE MACHINE INC,2125557413,4092 FURTH CIRCLE,NYC,10022,USA,DESCONOCIDO,YOUNG,JEFF,SMALL,2003,12,4
10204,0.5901639344262295,1.0,0.9411764705882353,0.7617906578151676,2003-12-02,SHIPPED,4,12,2003,CLASSIC CARS,0.5966850828729282,S18_1129,MUSCLE MACHINE INC,2125557413,4092 FURTH CIRCLE,NYC,10022,USA,DESCONOCIDO,YOUNG,JEFF,MEDIUM,2003,12,4
10204,0.27868852459016397,0.6094091903719913,0.1176470588235294,0.15515604275180497,2003-12-02,SHIPPED,4,12,2003,VINTAGE CARS,0.14917127071823205,S18_2248,MUSCLE MACHINE INC,2125557413,4092 FURTH CIRCLE,NYC,10022,USA,DESCONOCIDO,YOUNG,JEFF,SMALL,2003,12,4
10204,0.3278688524590164,1.0,0.0,0.3640638938354677,2003-12-02,SHIPPED,4,12,2003,VINTAGE CARS,0.5193370165745856,S18_2325,MUSCLE MACHINE INC,2125557413,4092 FURTH CIRCLE,NYC,10022,USA,DESCONOCIDO,YOUNG,JEFF,MEDIUM,2003,12,4
10203,0.42622950819672134,1.0,0.5294117647058824,0.620751130103004,2003-12-02,SHIPPED,4,12,2003,CLASSIC CARS,0.6243093922651933,S18_3482,EURO SHOPPING CHANNEL,(91) 555 94 44,"C/ MORALZARZAL, 86",MADRID,28034,SPAIN,EMEA,FREYRE,DIEGO,MEDIUM,2003,12,4
10204,0.5245901639344263,1.0,0.8823529411764706,0.7952330200561962,2003-12-02,SHIPPED,4,12,2003,CLASSIC CARS,0.6022099447513812,S18_1984,MUSCLE MACHINE INC,2125557413,4092 FURTH CIRCLE,NYC,10022,USA,DESCONOCIDO,YOUNG,JEFF,MEDIUM,2003,12,4
10203,0.6229508196721312,0.7673687089715535,0.47058823529411764,0.4235662810005713,2003-12-02,SHIPPED,4,12,2003,CLASSIC CARS,0.2541436464088398,S12_3990,EURO SHOPPING CHANNEL,(91) 555 94 44,"C/ MORALZARZAL, 86",MADRID,28034,SPAIN,EMEA,FREYRE,DIEGO,MEDIUM,2003,12,4
10204,0.639344262295082,0.6753282275711161,0.2941176470588235,0.39418393700156024,2003-12-02,SHIPPED,4,12,2003,CLASSIC CARS,0.2099447513812155,S18_4933,MUSCLE MACHINE INC,2125557413,4092 FURTH CIRCLE,NYC,10022,USA,DESCONOCIDO,YOUNG,JEFF,MEDIUM,2003,12,4
10204,0.6885245901639344,0.8771881838074398,0.5882352941176471,0.5194404444904764,2003-12-02,SHIPPED,4,12,2003,CLASSIC CARS,0.4088397790055248,S24_3432,MUSCLE MACHINE INC,2125557413,4092 FURTH CIRCLE,NYC,10022,USA,DESCONOCIDO,YOUNG,JEFF,MEDIUM,2003,12,4
10204,0.47540983606557385,1.0,0.8235294117647058,0.7021065186813628,2003-12-02,SHIPPED,4,12,2003,CLASSIC CARS,0.5966850828729282,S18_3685,MUSCLE MACHINE INC,2125557413,4092 FURTH CIRCLE,NYC,10022,USA,DESCONOCIDO,YOUNG,JEFF,MEDIUM,2003,12,4
10205,0.29508196721311475,0.15317286652078776,0.1764705882352941,0.05770491365110972,2003-12-03,SHIPPED,4,12,2003,VINTAGE CARS,0.06077348066298344,S24_2022,EURO SHOPPING CHANNEL,(91) 555 94 44,"C/ MORALZARZAL, 86",MADRID,28034,SPAIN,EMEA,FREYRE,DIEGO,SMALL,2003,12,4
10205,0.5573770491803279,1.0,0.1176470588235294,0.9368605688435696,2003-12-03,SHIPPED,4,12,2003,VINTAGE CARS,0.7458563535911602,S18_2795,EURO SHOPPING CHANNEL,(91) 555 94 44,"C/ MORALZARZAL, 86",MADRID,28034,SPAIN,EMEA,FREYRE,DIEGO,LARGE,2003,12,4
10205,0.6885245901639344,0.5023249452954048,0.0,0.3436114517104398,2003-12-03,SHIPPED,4,12,2003,VINTAGE CARS,0.11049723756906077,S18_1367,EURO SHOPPING CHANNEL,(91) 555 94 44,"C/ MORALZARZAL, 86",MADRID,28034,SPAIN,EMEA,FREYRE,DIEGO,MEDIUM,2003,12,4
10205,0.42622950819672134,0.14072757111597378,0.23529411764705882,0.09452572425152603,2003-12-03,SHIPPED,4,12,2003,VINTAGE CARS,0.0,S24_1937,EURO SHOPPING CHANNEL,(91) 555 94 44,"C/ MORALZARZAL, 86",MADRID,28034,SPAIN,EMEA,FREYRE,DIEGO,SMALL,2003,12,4
10205,0.4918032786885246,1.0,0.058823529411764705,0.4348135204754952,2003-12-03,SHIPPED,4,12,2003,VINTAGE CARS,0.3812154696132597,S18_1342,EURO SHOPPING CHANNEL,(91) 555 94 44,"C/ MORALZARZAL, 86",MADRID,28034,SPAIN,EMEA,FREYRE,DIEGO,MEDIUM,2003,12,4
10206,0.6721311475409837,1.0,0.2941176470588235,1.0,2003-12-05,SHIPPED,4,12,2003,CLASSIC CARS,0.9999999999999999,S10_1949,CANADIAN GIFT EXCHANGE NETWORK,(604) 555-3392,1900 OAK ST.,VANCOUVER,V3F 2K1,CANADA,DESCONOCIDO,TANNAMURI,YOSHI,LARGE,2003,12,4
10206,0.4426229508196722,1.0,0.0,0.45301143634170704,2003-12-05,SHIPPED,4,12,2003,CLASSIC CARS,0.37569060773480667,S700_2824,CANADIAN GIFT EXCHANGE NETWORK,(604) 555-3392,1900 OAK ST.,VANCOUVER,V3F 2K1,CANADA,DESCONOCIDO,TANNAMURI,YOSHI,MEDIUM,2003,12,4
10206,0.36065573770491804,0.8263129102844637,0.5882352941176471,0.2622400261936661,2003-12-05,SHIPPED,4,12,2003,VINTAGE CARS,0.3646408839779005,S18_3320,CANADIAN GIFT EXCHANGE NETWORK,(604) 555-3392,1900 OAK ST.,VANCOUVER,V3F 2K1,CANADA,DESCONOCIDO,TANNAMURI,YOSHI,SMALL,2003,12,4
10206,0.36065573770491804,1.0,0.1176470588235294,0.47766421991988217,2003-12-05,SHIPPED,4,12,2003,TRUCKS AND BUSES,0.569060773480663,S12_1666,CANADIAN GIFT EXCHANGE NETWORK,(604) 555-3392,1900 OAK ST.,VANCOUVER,V3F 2K1,CANADA,DESCONOCIDO,TANNAMURI,YOSHI,MEDIUM,2003,12,4
10206,0.4918032786885246,0.436816192560175,0.058823529411764705,0.21855540595170875,2003-12-05,SHIPPED,4,12,2003,TRUCKS AND BUSES,0.1712707182320442,S32_3522,CANADIAN GIFT EXCHANGE NETWORK,(604) 555-3392,1900 OAK ST.,VANCOUVER,V3F 2K1,CANADA,DESCONOCIDO,TANNAMURI,YOSHI,SMALL,2003,12,4
10206,0.4426229508196722,0.9643052516411379,0.5294117647058824,0.3650728845440665,2003-12-05,SHIPPED,4,12,2003,VINTAGE CARS,0.35359116022099446,S24_4258,CANADIAN GIFT EXCHANGE NETWORK,(604) 555-3392,1900 OAK ST.,VANCOUVER,V3F 2K1,CANADA,DESCONOCIDO,TANNAMURI,YOSHI,MEDIUM,2003,12,4
10206,0.3934426229508197,1.0,0.4117647058823529,0.41419001767404257,2003-12-05,SHIPPED,4,12,2003,VINTAGE CARS,0.39226519337016574,S18_3136,CANADIAN GIFT EXCHANGE NETWORK,(604) 555-3392,1900 OAK ST.,VANCOUVER,V3F 2K1,CANADA,DESCONOCIDO,TANNAMURI,YOSHI,MEDIUM,2003,12,4
10206,0.2459016393442623,0.361734135667396,0.1764705882352941,0.08523632767474418,2003-12-05,SHIPPED,4,12,2003,VINTAGE CARS,0.09392265193370164,S18_4668,CANADIAN GIFT EXCHANGE NETWORK,(604) 555-3392,1900 OAK ST.,VANCOUVER,V3F 2K1,CANADA,DESCONOCIDO,TANNAMURI,YOSHI,SMALL,2003,12,4
10206,0.459016393442623,1.0,0.23529411764705882,0.4656926453932224,2003-12-05,SHIPPED,4,12,2003,TRUCKS AND BUSES,0.45856353591160215,S18_1097,CANADIAN GIFT EXCHANGE NETWORK,(604) 555-3392,1900 OAK ST.,VANCOUVER,V3F 2K1,CANADA,DESCONOCIDO,TANNAMURI,YOSHI,MEDIUM,2003,12,4
10206,0.36065573770491804,0.5549781181619255,0.47058823529411764,0.18799969262534705,2003-12-05,SHIPPED,4,12,2003,VINTAGE CARS,0.16022099447513816,S18_2957,CANADIAN GIFT EXCHANGE NETWORK,(604) 555-3392,1900 OAK ST.,VANCOUVER,V3F 2K1,CANADA,DESCONOCIDO,TANNAMURI,YOSHI,SMALL,2003,12,4
10206,0.5081967213114754,0.8655634573304158,0.3529411764705882,0.3814332345502474,2003-12-05,SHIPPED,4,12,2003,VINTAGE CARS,0.37569060773480667,S18_2949,CANADIAN GIFT EXCHANGE NETWORK,(604) 555-3392,1900 OAK ST.,VANCOUVER,V3F 2K1,CANADA,DESCONOCIDO,TANNAMURI,YOSHI,MEDIUM,2003,12,4
10207,0.3114754098360656,1.0,0.5882352941176471,0.4617462221316432,2003-12-09,SHIPPED,4,12,2003,CLASSIC CARS,0.7513812154696132,S18_3232,DIECAST COLLECTABLES,6175552555,6251 INGLE LN.,BOSTON,51003,USA,DESCONOCIDO,FRANCO,VALARIE,MEDIUM,2003,12,4
10207,0.36065573770491804,0.9305251641137855,0.23529411764705882,0.290753702695208,2003-12-09,SHIPPED,4,12,2003,TRUCKS AND BUSES,0.4530386740331491,S50_1392,DIECAST COLLECTABLES,6175552555,6251 INGLE LN.,BOSTON,51003,USA,DESCONOCIDO,FRANCO,VALARIE,SMALL,2003,12,4
10207,0.6557377049180328,1.0,0.6470588235294117,0.8468719617519019,2003-12-09,SHIPPED,4,12,2003,TRUCKS AND BUSES,0.5193370165745856,S24_2300,DIECAST COLLECTABLES,6175552555,6251 INGLE LN.,BOSTON,51003,USA,DESCONOCIDO,FRANCO,VALARIE,MEDIUM,2003,12,4
10207,0.5901639344262295,0.03856673960612689,0.4117647058823529,0.1022715655058819,2003-12-09,SHIPPED,4,12,2003,CLASSIC CARS,0.011049723756906105,S24_2840,DIECAST COLLECTABLES,6175552555,6251 INGLE LN.,BOSTON,51003,USA,DESCONOCIDO,FRANCO,VALARIE,SMALL,2003,12,4
10207,0.7049180327868853,0.2727024070021882,0.1764705882352941,0.24216445212138626,2003-12-09,SHIPPED,4,12,2003,CLASSIC CARS,0.13259668508287292,S24_1444,DIECAST COLLECTABLES,6175552555,6251 INGLE LN.,BOSTON,51003,USA,DESCONOCIDO,FRANCO,VALARIE,SMALL,2003,12,4
10207,0.6229508196721312,1.0,0.2941176470588235,0.879106207965681,2003-12-09,SHIPPED,4,12,2003,CLASSIC CARS,0.718232044198895,S18_2238,DIECAST COLLECTABLES,6175552555,6251 INGLE LN.,BOSTON,51003,USA,DESCONOCIDO,FRANCO,VALARIE,LARGE,2003,12,4
10207,0.5081967213114754,0.588211159737418,0.7058823529411764,0.28115425864240634,2003-12-09,SHIPPED,4,12,2003,TRUCKS AND BUSES,0.14917127071823205,S18_2432,DIECAST COLLECTABLES,6175552555,6251 INGLE LN.,BOSTON,51003,USA,DESCONOCIDO,FRANCO,VALARIE,SMALL,2003,12,4
10207,0.639344262295082,0.40577133479212246,0.058823529411764705,0.2756509159430555,2003-12-09,SHIPPED,4,12,2003,TRAINS,0.16022099447513816,S32_3207,DIECAST COLLECTABLES,6175552555,6251 INGLE LN.,BOSTON,51003,USA,DESCONOCIDO,FRANCO,VALARIE,SMALL,2003,12,4
10207,0.459016393442623,0.9937089715536105,0.3529411764705882,0.38785736479691557,2003-12-09,SHIPPED,4,12,2003,TRUCKS AND BUSES,0.4696132596685083,S12_4473,DIECAST COLLECTABLES,6175552555,6251 INGLE LN.,BOSTON,51003,USA,DESCONOCIDO,FRANCO,VALARIE,MEDIUM,2003,12,4
10207,0.36065573770491804,1.0,0.1176470588235294,0.33389841267719983,2003-12-09,SHIPPED,4,12,2003,CLASSIC CARS,0.4696132596685083,S24_4048,DIECAST COLLECTABLES,6175552555,6251 INGLE LN.,BOSTON,51003,USA,DESCONOCIDO,FRANCO,VALARIE,SMALL,2003,12,4
10207,0.6721311475409837,1.0,0.8823529411764706,0.8253530632222887,2003-12-09,SHIPPED,4,12,2003,TRUCKS AND BUSES,0.4861878453038674,S18_4600,DIECAST COLLECTABLES,6175552555,6251 INGLE LN.,BOSTON,51003,USA,DESCONOCIDO,FRANCO,VALARIE,MEDIUM,2003,12,4
10207,0.5573770491803279,1.0,0.0,0.7570330327521058,2003-12-09,SHIPPED,4,12,2003,CLASSIC CARS,0.6077348066298343,S18_4027,DIECAST COLLECTABLES,6175552555,6251 INGLE LN.,BOSTON,51003,USA,DESCONOCIDO,FRANCO,VALARIE,MEDIUM,2003,12,4
10207,0.4098360655737705,1.0,0.8235294117647058,0.4803143239929304,2003-12-09,SHIPPED,4,12,2003,CLASSIC CARS,0.6298342541436464,S10_4962,DIECAST COLLECTABLES,6175552555,6251 INGLE LN.,BOSTON,51003,USA,DESCONOCIDO,FRANCO,VALARIE,MEDIUM,2003,12,4
10207,0.6065573770491803,1.0,0.5294117647058824,0.7043436715902295,2003-12-09,SHIPPED,4,12,2003,TRUCKS AND BUSES,0.4917127071823204,S18_2319,DIECAST COLLECTABLES,6175552555,6251 INGLE LN.,BOSTON,51003,USA,DESCONOCIDO,FRANCO,VALARIE,MEDIUM,2003,12,4
10207,0.34426229508196726,0.45377461706783373,0.47058823529411764,0.1522827579524839,2003-12-09,SHIPPED,4,12,2003,TRUCKS AND BUSES,0.11602209944751385,S32_2509,DIECAST COLLECTABLES,6175552555,6251 INGLE LN.,BOSTON,51003,USA,DESCONOCIDO,FRANCO,VALARIE,SMALL,2003,12,4
10207,0.7049180327868853,0.738785557986871,0.7647058823529411,0.4653344871019581,2003-12-09,SHIPPED,4,12,2003,TRUCKS AND BUSES,0.34806629834254144,S32_1268,DIECAST COLLECTABLES,6175552555,6251 INGLE LN.,BOSTON,51003,USA,DESCONOCIDO,FRANCO,VALARIE,MEDIUM,2003,12,4
10208,0.5901639344262295,0.5060175054704595,0.2941176470588235,0.29412145976231924,2004-01-02,SHIPPED,1,1,2004,SHIPS,0.11602209944751385,S72_3212,"SAVELEY & HENRIOT, CO.",78.32.5555,"2, RUE DU COMMERCE",LYON,69004,FRANCE,EMEA,SAVELEY,MARY,SMALL,2004,1,1
10208,0.3278688524590164,1.0,0.7647058823529411,0.35551620566037107,2004-01-02,SHIPPED,1,1,2004,CLASSIC CARS,0.6519337016574586,S12_3148,"SAVELEY & HENRIOT, CO.",78.32.5555,"2, RUE DU COMMERCE",LYON,69004,FRANCE,EMEA,SAVELEY,MARY,MEDIUM,2004,1,1
10208,0.2295081967213115,0.8550328227571116,0.058823529411764705,0.17451797306462552,2004-01-02,SHIPPED,1,1,2004,VINTAGE CARS,0.30386740331491713,S24_3151,"SAVELEY & HENRIOT, CO.",78.32.5555,"2, RUE DU COMMERCE",LYON,69004,FRANCE,EMEA,SAVELEY,MARY,SMALL,2004,1,1
10208,0.3934426229508197,0.5296772428884026,0.8235294117647058,0.19861347303288573,2004-01-02,SHIPPED,1,1,2004,TRAINS,0.13812154696132595,S50_1514,"SAVELEY & HENRIOT, CO.",78.32.5555,"2, RUE DU COMMERCE",LYON,69004,FRANCE,EMEA,SAVELEY,MARY,SMALL,2004,1,1
10208,0.5245901639344263,0.6535831509846828,0.1176470588235294,0.3147690179713941,2004-01-02,SHIPPED,1,1,2004,SHIPS,0.18232044198895025,S700_1138,"SAVELEY & HENRIOT, CO.",78.32.5555,"2, RUE DU COMMERCE",LYON,69004,FRANCE,EMEA,SAVELEY,MARY,SMALL,2004,1,1
10208,0.4426229508196722,0.8004649890590809,0.23529411764705882,0.312239190936457,2004-01-02,SHIPPED,1,1,2004,SHIPS,0.3646408839779005,S700_3962,"SAVELEY & HENRIOT, CO.",78.32.5555,"2, RUE DU COMMERCE",LYON,69004,FRANCE,EMEA,SAVELEY,MARY,SMALL,2004,1,1
10208,0.6885245901639344,1.0,0.5882352941176471,0.6859038652362609,2004-01-02,SHIPPED,1,1,2004,TRAINS,0.37016574585635353,S18_3259,"SAVELEY & HENRIOT, CO.",78.32.5555,"2, RUE DU COMMERCE",LYON,69004,FRANCE,EMEA,SAVELEY,MARY,MEDIUM,2004,1,1
10208,0.6557377049180328,0.650574398249453,0.0,0.39324844892736266,2004-01-02,SHIPPED,1,1,2004,SHIPS,0.2154696132596685,S700_2610,"SAVELEY & HENRIOT, CO.",78.32.5555,"2, RUE DU COMMERCE",LYON,69004,FRANCE,EMEA,SAVELEY,MARY,MEDIUM,2004,1,1
10208,0.2295081967213115,1.0,0.6470588235294117,0.35177959900971906,2004-01-02,SHIPPED,1,1,2004,CLASSIC CARS,0.7734806629834254,S12_3891,"SAVELEY & HENRIOT, CO.",78.32.5555,"2, RUE DU COMMERCE",LYON,69004,FRANCE,EMEA,SAVELEY,MARY,MEDIUM,2004,1,1
10208,0.5573770491803279,0.7339989059080962,0.5294117647058824,0.36615938712167023,2004-01-02,SHIPPED,1,1,2004,SHIPS,0.2928176795580111,S700_1938,"SAVELEY & HENRIOT, CO.",78.32.5555,"2, RUE DU COMMERCE",LYON,69004,FRANCE,EMEA,SAVELEY,MARY,MEDIUM,2004,1,1
10208,0.29508196721311475,1.0,0.47058823529411764,0.28603884280125225,2004-01-02,SHIPPED,1,1,2004,VINTAGE CARS,0.569060773480663,S18_3140,"SAVELEY & HENRIOT, CO.",78.32.5555,"2, RUE DU COMMERCE",LYON,69004,FRANCE,EMEA,SAVELEY,MARY,SMALL,2004,1,1
10208,0.6557377049180328,1.0,0.7058823529411764,1.0,2004-01-02,SHIPPED,1,1,2004,CLASSIC CARS,0.9613259668508286,S12_1108,"SAVELEY & HENRIOT, CO.",78.32.5555,"2, RUE DU COMMERCE",LYON,69004,FRANCE,EMEA,SAVELEY,MARY,LARGE,2004,1,1
10208,0.47540983606557385,1.0,0.3529411764705882,0.510378237874571,2004-01-02,SHIPPED,1,1,2004,SHIPS,0.4917127071823204,S24_2011,"SAVELEY & HENRIOT, CO.",78.32.5555,"2, RUE DU COMMERCE",LYON,69004,FRANCE,EMEA,SAVELEY,MARY,MEDIUM,2004,1,1
10208,0.5081967213114754,1.0,0.1764705882352941,0.5299232565676274,2004-01-02,SHIPPED,1,1,2004,SHIPS,0.37016574585635353,S700_3505,"SAVELEY & HENRIOT, CO.",78.32.5555,"2, RUE DU COMMERCE",LYON,69004,FRANCE,EMEA,SAVELEY,MARY,MEDIUM,2004,1,1
10208,0.639344262295082,0.8327407002188183,0.4117647058823529,0.46340337243450747,2004-01-02,SHIPPED,1,1,2004,VINTAGE CARS,0.2983425414364641,S18_4522,"SAVELEY & HENRIOT, CO.",78.32.5555,"2, RUE DU COMMERCE",LYON,69004,FRANCE,EMEA,SAVELEY,MARY,MEDIUM,2004,1,1
10209,0.6065573770491803,0.7567013129102844,0.0,0.40799307738825097,2004-01-09,SHIPPED,1,1,2004,PLANES,0.19337016574585636,S24_2841,"MEN 'R' US RETAILERS, LTD.",2155554369,6047 DOUGLAS AV.,LOS ANGELES,28034,USA,DESCONOCIDO,CHANDLER,MICHAEL,MEDIUM,2004,1,1
10209,0.4426229508196722,0.8455962800875272,0.1764705882352941,0.326792712547902,2004-01-09,SHIPPED,1,1,2004,SHIPS,0.3149171270718232,S700_2047,"MEN 'R' US RETAILERS, LTD.",2155554369,6047 DOUGLAS AV.,LOS ANGELES,28034,USA,DESCONOCIDO,CHANDLER,MICHAEL,SMALL,2004,1,1
10209,0.2295081967213115,1.0,0.23529411764705882,0.2694833767110244,2004-01-09,SHIPPED,1,1,2004,VINTAGE CARS,0.39779005524861877,S18_3856,"MEN 'R' US RETAILERS, LTD.",2155554369,6047 DOUGLAS AV.,LOS ANGELES,28034,USA,DESCONOCIDO,CHANDLER,MICHAEL,SMALL,2004,1,1
10209,0.6885245901639344,0.24357221006564544,0.1176470588235294,0.22224390178711634,2004-01-09,SHIPPED,1,1,2004,PLANES,0.08839779005524862,S72_1253,"MEN 'R' US RETAILERS, LTD.",2155554369,6047 DOUGLAS AV.,LOS ANGELES,28034,USA,DESCONOCIDO,CHANDLER,MICHAEL,SMALL,2004,1,1
10209,0.36065573770491804,1.0,0.2941176470588235,0.3121576698328484,2004-01-09,SHIPPED,1,1,2004,SHIPS,0.2928176795580111,S18_3029,"MEN 'R' US RETAILERS, LTD.",2155554369,6047 DOUGLAS AV.,LOS ANGELES,28034,USA,DESCONOCIDO,CHANDLER,MICHAEL,SMALL,2004,1,1
10209,0.26229508196721313,0.8595459518599562,0.3529411764705882,0.19938324607679686,2004-01-09,SHIPPED,1,1,2004,VINTAGE CARS,0.27624309392265195,S24_3816,"MEN 'R' US RETAILERS, LTD.",2155554369,6047 DOUGLAS AV.,LOS ANGELES,28034,USA,DESCONOCIDO,CHANDLER,MICHAEL,SMALL,2004,1,1
10209,0.5409836065573771,1.0,0.4117647058823529,0.6302236150600217,2004-01-09,SHIPPED,1,1,2004,CLASSIC CARS,0.569060773480663,S10_4757,"MEN 'R' US RETAILERS, LTD.",2155554369,6047 DOUGLAS AV.,LOS ANGELES,28034,USA,DESCONOCIDO,CHANDLER,MICHAEL,MEDIUM,2004,1,1
10209,0.4918032786885246,0.6935175054704596,0.058823529411764705,0.3088594061655346,2004-01-09,SHIPPED,1,1,2004,VINTAGE CARS,0.17679558011049723,S24_3420,"MEN 'R' US RETAILERS, LTD.",2155554369,6047 DOUGLAS AV.,LOS ANGELES,28034,USA,DESCONOCIDO,CHANDLER,MICHAEL,SMALL,2004,1,1
10210,0.3934426229508197,0.47620350109409193,0.1764705882352941,0.18293736573240363,2004-01-12,SHIPPED,1,1,2004,MOTORCYCLES,0.23756906077348067,S24_2000,OSAKA SOUVENIERS CO.,+81 06 6342 5555,"DOJIMA AVANZA 4F, 1-6-20 DOJIMA, KITA-KU",OSAKA,530-0003,JAPAN,JAPAN,KENTARY,MORY,SMALL,2004,1,1
10210,0.4098360655737705,0.814004376367615,0.7058823529411764,0.29351205610255626,2004-01-12,SHIPPED,1,1,2004,PLANES,0.2596685082872928,S700_3167,OSAKA SOUVENIERS CO.,+81 06 6342 5555,"DOJIMA AVANZA 4F, 1-6-20 DOJIMA, KITA-KU",OSAKA,530-0003,JAPAN,JAPAN,KENTARY,MORY,SMALL,2004,1,1
10210,0.5901639344262295,0.5942286652078774,0.8235294117647058,0.3303248482337651,2004-01-12,SHIPPED,1,1,2004,PLANES,0.22651933701657456,S700_4002,OSAKA SOUVENIERS CO.,+81 06 6342 5555,"DOJIMA AVANZA 4F, 1-6-20 DOJIMA, KITA-KU",OSAKA,530-0003,JAPAN,JAPAN,KENTARY,MORY,SMALL,2004,1,1
10210,0.3770491803278689,0.5842450765864332,0.8823529411764706,0.20530889482107123,2004-01-12,SHIPPED,1,1,2004,PLANES,0.19337016574585636,S24_3949,OSAKA SOUVENIERS CO.,+81 06 6342 5555,"DOJIMA AVANZA 4F, 1-6-20 DOJIMA, KITA-KU",OSAKA,530-0003,JAPAN,JAPAN,KENTARY,MORY,SMALL,2004,1,1
10210,0.5573770491803279,0.6033916849015317,0.4117647058823529,0.31510846650117436,2004-01-12,SHIPPED,1,1,2004,PLANES,0.2154696132596685,S24_4278,OSAKA SOUVENIERS CO.,+81 06 6342 5555,"DOJIMA AVANZA 4F, 1-6-20 DOJIMA, KITA-KU",OSAKA,530-0003,JAPAN,JAPAN,KENTARY,MORY,SMALL,2004,1,1
10210,0.3114754098360656,1.0,0.2941176470588235,0.31216836112512486,2004-01-12,SHIPPED,1,1,2004,PLANES,0.4696132596685083,S700_2834,OSAKA SOUVENIERS CO.,+81 06 6342 5555,"DOJIMA AVANZA 4F, 1-6-20 DOJIMA, KITA-KU",OSAKA,530-0003,JAPAN,JAPAN,KENTARY,MORY,SMALL,2004,1,1
10210,0.7213114754098361,0.6838074398249452,0.3529411764705882,0.4492841845717971,2004-01-12,SHIPPED,1,1,2004,PLANES,0.281767955801105,S18_2581,OSAKA SOUVENIERS CO.,+81 06 6342 5555,"DOJIMA AVANZA 4F, 1-6-20 DOJIMA, KITA-KU",OSAKA,530-0003,JAPAN,JAPAN,KENTARY,MORY,MEDIUM,2004,1,1
10210,0.459016393442623,1.0,0.0,0.7539058297612167,2004-01-12,SHIPPED,1,1,2004,MOTORCYCLES,0.8839779005524863,S10_4698,OSAKA SOUVENIERS CO.,+81 06 6342 5555,"DOJIMA AVANZA 4F, 1-6-20 DOJIMA, KITA-KU",OSAKA,530-0003,JAPAN,JAPAN,KENTARY,MORY,MEDIUM,2004,1,1
10210,0.34426229508196726,0.9792122538293218,0.47058823529411764,0.29091407207935616,2004-01-12,SHIPPED,1,1,2004,PLANES,0.419889502762431,S24_1785,OSAKA SOUVENIERS CO.,+81 06 6342 5555,"DOJIMA AVANZA 4F, 1-6-20 DOJIMA, KITA-KU",OSAKA,530-0003,JAPAN,JAPAN,KENTARY,MORY,SMALL,2004,1,1
10210,0.6557377049180328,0.7252461706783369,0.23529411764705882,0.42681376102957147,2004-01-12,SHIPPED,1,1,2004,MOTORCYCLES,0.3646408839779005,S32_1374,OSAKA SOUVENIERS CO.,+81 06 6342 5555,"DOJIMA AVANZA 4F, 1-6-20 DOJIMA, KITA-KU",OSAKA,530-0003,JAPAN,JAPAN,KENTARY,MORY,MEDIUM,2004,1,1
10210,0.5573770491803279,0.3116794310722101,0.1176470588235294,0.20108583437183647,2004-01-12,SHIPPED,1,1,2004,MOTORCYCLES,0.14917127071823205,S18_2625,OSAKA SOUVENIERS CO.,+81 06 6342 5555,"DOJIMA AVANZA 4F, 1-6-20 DOJIMA, KITA-KU",OSAKA,530-0003,JAPAN,JAPAN,KENTARY,MORY,SMALL,2004,1,1
10210,0.27868852459016397,1.0,0.058823529411764705,0.33770584913918394,2004-01-12,SHIPPED,1,1,2004,MOTORCYCLES,0.4696132596685083,S10_2016,OSAKA SOUVENIERS CO.,+81 06 6342 5555,"DOJIMA AVANZA 4F, 1-6-20 DOJIMA, KITA-KU",OSAKA,530-0003,JAPAN,JAPAN,KENTARY,MORY,MEDIUM,2004,1,1
10210,0.6065573770491803,0.1933807439824946,0.5882352941176471,0.17129187562017847,2004-01-12,SHIPPED,1,1,2004,VINTAGE CARS,0.05524861878453041,S50_1341,OSAKA SOUVENIERS CO.,+81 06 6342 5555,"DOJIMA AVANZA 4F, 1-6-20 DOJIMA, KITA-KU",OSAKA,530-0003,JAPAN,JAPAN,KENTARY,MORY,SMALL,2004,1,1
10210,0.2459016393442623,0.7066466083150984,0.6470588235294117,0.15601535536853217,2004-01-12,SHIPPED,1,1,2004,PLANES,0.3204419889502762,S700_1691,OSAKA SOUVENIERS CO.,+81 06 6342 5555,"DOJIMA AVANZA 4F, 1-6-20 DOJIMA, KITA-KU",OSAKA,530-0003,JAPAN,JAPAN,KENTARY,MORY,SMALL,2004,1,1
10210,0.4098360655737705,1.0,0.9411764705882353,0.699928167880017,2004-01-12,SHIPPED,1,1,2004,PLANES,0.6850828729281768,S18_1662,OSAKA SOUVENIERS CO.,+81 06 6342 5555,"DOJIMA AVANZA 4F, 1-6-20 DOJIMA, KITA-KU",OSAKA,530-0003,JAPAN,JAPAN,KENTARY,MORY,MEDIUM,2004,1,1
10210,0.3278688524590164,0.9961706783369804,0.7647058823529411,0.282061682074378,2004-01-12,SHIPPED,1,1,2004,PLANES,0.3646408839779005,S700_2466,OSAKA SOUVENIERS CO.,+81 06 6342 5555,"DOJIMA AVANZA 4F, 1-6-20 DOJIMA, KITA-KU",OSAKA,530-0003,JAPAN,JAPAN,KENTARY,MORY,SMALL,2004,1,1
10210,0.5409836065573771,0.4414660831509847,0.5294117647058824,0.243909805585532,2004-01-12,SHIPPED,1,1,2004,VINTAGE CARS,0.19337016574585636,S32_4289,OSAKA SOUVENIERS CO.,+81 06 6342 5555,"DOJIMA AVANZA 4F, 1-6-20 DOJIMA, KITA-KU",OSAKA,530-0003,JAPAN,JAPAN,KENTARY,MORY,SMALL,2004,1,1
10211,0.47540983606557385,0.6991247264770242,0.23529411764705882,0.3004079396209269,2004-01-15,SHIPPED,1,1,2004,CLASSIC CARS,0.2596685082872928,S18_3278,AUTO CANAL PETIT,(1) 47.55.6555,"25, RUE LAURISTON",PARIS,75016,FRANCE,EMEA,PERRIER,DOMINIQUE,SMALL,2004,1,1
10211,0.5737704918032788,0.21006564551422324,0.47058823529411764,0.16701268588649187,2004-01-15,SHIPPED,1,1,2004,MOTORCYCLES,0.03867403314917128,S32_2206,AUTO CANAL PETIT,(1) 47.55.6555,"25, RUE LAURISTON",PARIS,75016,FRANCE,EMEA,PERRIER,DOMINIQUE,SMALL,2004,1,1
10211,0.3114754098360656,0.8654266958424508,0.8235294117647058,0.2367947505754922,2004-01-15,SHIPPED,1,1,2004,MOTORCYCLES,0.43646408839779005,S24_1578,AUTO CANAL PETIT,(1) 47.55.6555,"25, RUE LAURISTON",PARIS,75016,FRANCE,EMEA,PERRIER,DOMINIQUE,SMALL,2004,1,1
10211,0.6885245901639344,0.3022428884026258,0.0,0.24976328810693965,2004-01-15,SHIPPED,1,1,2004,CLASSIC CARS,0.15469613259668508,S24_3371,AUTO CANAL PETIT,(1) 47.55.6555,"25, RUE LAURISTON",PARIS,75016,FRANCE,EMEA,PERRIER,DOMINIQUE,SMALL,2004,1,1
10211,0.4918032786885246,1.0,0.7058823529411764,0.5732764467490119,2004-01-15,SHIPPED,1,1,2004,MOTORCYCLES,0.6464088397790055,S12_2823,AUTO CANAL PETIT,(1) 47.55.6555,"25, RUE LAURISTON",PARIS,75016,FRANCE,EMEA,PERRIER,DOMINIQUE,MEDIUM,2004,1,1
10211,0.36065573770491804,1.0,0.1764705882352941,0.4360911299025423,2004-01-15,SHIPPED,1,1,2004,CLASSIC CARS,0.6243093922651933,S18_3482,AUTO CANAL PETIT,(1) 47.55.6555,"25, RUE LAURISTON",PARIS,75016,FRANCE,EMEA,PERRIER,DOMINIQUE,MEDIUM,2004,1,1
10211,0.36065573770491804,0.8983862144420129,0.1176470588235294,0.28196011479775085,2004-01-15,SHIPPED,1,1,2004,CLASSIC CARS,0.2541436464088398,S12_3990,AUTO CANAL PETIT,(1) 47.55.6555,"25, RUE LAURISTON",PARIS,75016,FRANCE,EMEA,PERRIER,DOMINIQUE,SMALL,2004,1,1
10211,0.2459016393442623,0.5038293216630196,0.5882352941176471,0.11439549094748236,2004-01-15,SHIPPED,1,1,2004,MOTORCYCLES,0.19889502762430938,S24_2360,AUTO CANAL PETIT,(1) 47.55.6555,"25, RUE LAURISTON",PARIS,75016,FRANCE,EMEA,PERRIER,DOMINIQUE,SMALL,2004,1,1
10211,0.5081967213114754,1.0,0.6470588235294117,0.47548185988393266,2004-01-15,SHIPPED,1,1,2004,MOTORCYCLES,0.3812154696132597,S32_4485,AUTO CANAL PETIT,(1) 47.55.6555,"25, RUE LAURISTON",PARIS,75016,FRANCE,EMEA,PERRIER,DOMINIQUE,MEDIUM,2004,1,1
10211,0.5737704918032788,1.0,0.7647058823529411,0.5648089432659893,2004-01-15,SHIPPED,1,1,2004,MOTORCYCLES,0.3425414364640884,S10_1678,AUTO CANAL PETIT,(1) 47.55.6555,"25, RUE LAURISTON",PARIS,75016,FRANCE,EMEA,PERRIER,DOMINIQUE,MEDIUM,2004,1,1
10211,0.6557377049180328,0.3721280087527352,0.4117647058823529,0.2680854902458663,2004-01-15,SHIPPED,1,1,2004,MOTORCYCLES,0.16022099447513816,S18_3782,AUTO CANAL PETIT,(1) 47.55.6555,"25, RUE LAURISTON",PARIS,75016,FRANCE,EMEA,PERRIER,DOMINIQUE,SMALL,2004,1,1
10211,0.5573770491803279,0.7339989059080962,0.5294117647058824,0.36615938712167023,2004-01-15,SHIPPED,1,1,2004,MOTORCYCLES,0.26519337016574585,S50_4713,AUTO CANAL PETIT,(1) 47.55.6555,"25, RUE LAURISTON",PARIS,75016,FRANCE,EMEA,PERRIER,DOMINIQUE,MEDIUM,2004,1,1
10211,0.26229508196721313,0.8927789934354484,0.2941176470588235,0.20652770214059718,2004-01-15,SHIPPED,1,1,2004,CLASSIC CARS,0.2596685082872928,S24_4620,AUTO CANAL PETIT,(1) 47.55.6555,"25, RUE LAURISTON",PARIS,75016,FRANCE,EMEA,PERRIER,DOMINIQUE,SMALL,2004,1,1
10211,0.5737704918032788,1.0,0.3529411764705882,0.693791366113281,2004-01-15,SHIPPED,1,1,2004,CLASSIC CARS,0.6353591160220994,S18_4721,AUTO CANAL PETIT,(1) 47.55.6555,"25, RUE LAURISTON",PARIS,75016,FRANCE,EMEA,PERRIER,DOMINIQUE,MEDIUM,2004,1,1
10211,0.5737704918032788,1.0,0.058823529411764705,0.9377292363410388,2004-01-15,SHIPPED,1,1,2004,CLASSIC CARS,0.8895027624309392,S12_1099,AUTO CANAL PETIT,(1) 47.55.6555,"25, RUE LAURISTON",PARIS,75016,FRANCE,EMEA,PERRIER,DOMINIQUE,LARGE,2004,1,1
10212,0.639344262295082,0.361734135667396,0.23529411764705882,0.25628631280716585,2004-01-16,SHIPPED,1,1,2004,CLASSIC CARS,0.09392265193370164,S24_1628,EURO SHOPPING CHANNEL,(91) 555 94 44,"C/ MORALZARZAL, 86",MADRID,28034,SPAIN,EMEA,FREYRE,DIEGO,SMALL,2004,1,1
10212,0.4426229508196722,1.0,0.8235294117647058,0.4942464142408013,2004-01-16,SHIPPED,1,1,2004,CLASSIC CARS,0.4530386740331491,S12_4675,EURO SHOPPING CHANNEL,(91) 555 94 44,"C/ MORALZARZAL, 86",MADRID,28034,SPAIN,EMEA,FREYRE,DIEGO,MEDIUM,2004,1,1
10212,0.639344262295082,0.8378008752735229,0.0,0.46562849763956315,2004-01-16,SHIPPED,1,1,2004,CLASSIC CARS,0.3149171270718232,S24_2766,EURO SHOPPING CHANNEL,(91) 555 94 44,"C/ MORALZARZAL, 86",MADRID,28034,SPAIN,EMEA,FREYRE,DIEGO,MEDIUM,2004,1,1
10212,0.5245901639344263,1.0,0.2941176470588235,0.5359317628270449,2004-01-16,SHIPPED,1,1,2004,CLASSIC CARS,0.5027624309392266,S18_1589,EURO SHOPPING CHANNEL,(91) 555 94 44,"C/ MORALZARZAL, 86",MADRID,28034,SPAIN,EMEA,FREYRE,DIEGO,MEDIUM,2004,1,1
10212,0.5737704918032788,0.7580689277899344,0.1176470588235294,0.3865677276660575,2004-01-16,SHIPPED,1,1,2004,CLASSIC CARS,0.22099447513812154,S24_1046,EURO SHOPPING CHANNEL,(91) 555 94 44,"C/ MORALZARZAL, 86",MADRID,28034,SPAIN,EMEA,FREYRE,DIEGO,MEDIUM,2004,1,1
10212,0.7049180327868853,1.0,0.7058823529411764,0.8643295056279631,2004-01-16,SHIPPED,1,1,2004,CLASSIC CARS,0.5911602209944752,S24_3856,EURO SHOPPING CHANNEL,(91) 555 94 44,"C/ MORALZARZAL, 86",MADRID,28034,SPAIN,EMEA,FREYRE,DIEGO,MEDIUM,2004,1,1
10212,0.6557377049180328,0.8332877461706785,0.1764705882352941,0.475378956195771,2004-01-16,SHIPPED,1,1,2004,CLASSIC CARS,0.4088397790055248,S24_3432,EURO SHOPPING CHANNEL,(91) 555 94 44,"C/ MORALZARZAL, 86",MADRID,28034,SPAIN,EMEA,FREYRE,DIEGO,MEDIUM,2004,1,1
10212,0.2295081967213115,0.548550328227571,0.7647058823529411,0.11462000808528977,2004-01-16,SHIPPED,1,1,2004,CLASSIC CARS,0.2430939226519337,S18_1889,EURO SHOPPING CHANNEL,(91) 555 94 44,"C/ MORALZARZAL, 86",MADRID,28034,SPAIN,EMEA,FREYRE,DIEGO,SMALL,2004,1,1
10212,0.3770491803278689,1.0,0.5294117647058824,0.4950870170960445,2004-01-16,SHIPPED,1,1,2004,CLASSIC CARS,0.5966850828729282,S18_1129,EURO SHOPPING CHANNEL,(91) 555 94 44,"C/ MORALZARZAL, 86",MADRID,28034,SPAIN,EMEA,FREYRE,DIEGO,MEDIUM,2004,1,1
10212,0.5409836065573771,1.0,0.8823529411764706,0.5966583029578129,2004-01-16,SHIPPED,1,1,2004,CLASSIC CARS,0.4640883977900553,S12_3380,EURO SHOPPING CHANNEL,(91) 555 94 44,"C/ MORALZARZAL, 86",MADRID,28034,SPAIN,EMEA,FREYRE,DIEGO,MEDIUM,2004,1,1
10212,0.5737704918032788,1.0,0.47058823529411764,0.5825070412182728,2004-01-16,SHIPPED,1,1,2004,CLASSIC CARS,0.6022099447513812,S18_1984,EURO SHOPPING CHANNEL,(91) 555 94 44,"C/ MORALZARZAL, 86",MADRID,28034,SPAIN,EMEA,FREYRE,DIEGO,MEDIUM,2004,1,1
10212,0.34426229508196726,0.7212800875273524,0.058823529411764705,0.2228613239160867,2004-01-16,SHIPPED,1,1,2004,CLASSIC CARS,0.287292817679558,S24_3191,EURO SHOPPING CHANNEL,(91) 555 94 44,"C/ MORALZARZAL, 86",MADRID,28034,SPAIN,EMEA,FREYRE,DIEGO,SMALL,2004,1,1
10212,0.639344262295082,1.0,0.4117647058823529,0.7852045879007983,2004-01-16,SHIPPED,1,1,2004,CLASSIC CARS,0.5966850828729282,S18_3685,EURO SHOPPING CHANNEL,(91) 555 94 44,"C/ MORALZARZAL, 86",MADRID,28034,SPAIN,EMEA,FREYRE,DIEGO,MEDIUM,2004,1,1
10212,0.459016393442623,0.22620350109409193,0.6470588235294117,0.13285935270907323,2004-01-16,SHIPPED,1,1,2004,CLASSIC CARS,0.022099447513812154,S24_2972,EURO SHOPPING CHANNEL,(91) 555 94 44,"C/ MORALZARZAL, 86",MADRID,28034,SPAIN,EMEA,FREYRE,DIEGO,SMALL,2004,1,1
10212,0.5573770491803279,1.0,0.5882352941176471,0.6778640134443,2004-01-16,SHIPPED,1,1,2004,CLASSIC CARS,0.7513812154696132,S18_3232,EURO SHOPPING CHANNEL,(91) 555 94 44,"C/ MORALZARZAL, 86",MADRID,28034,SPAIN,EMEA,FREYRE,DIEGO,MEDIUM,2004,1,1
10212,0.5573770491803279,1.0,0.3529411764705882,0.5917991106181237,2004-01-16,SHIPPED,1,1,2004,CLASSIC CARS,0.5469613259668508,S18_2870,EURO SHOPPING CHANNEL,(91) 555 94 44,"C/ MORALZARZAL, 86",MADRID,28034,SPAIN,EMEA,FREYRE,DIEGO,MEDIUM,2004,1,1
10213,0.5245901639344263,0.9287472647702408,0.0,0.4169456982583217,2004-01-22,SHIPPED,1,1,2004,VINTAGE CARS,0.32596685082872934,S18_4409,"DOUBLE DECKER GIFT STORES, LTD",(171) 555-7555,120 HANOVER SQ.,LONDON,WA1 1DP,UK,EMEA,HARDY,THOMAS,MEDIUM,2004,1,1
10213,0.3114754098360656,0.7728391684901532,0.058823529411764705,0.2141759853529296,2004-01-22,SHIPPED,1,1,2004,CLASSIC CARS,0.2099447513812155,S18_4933,"DOUBLE DECKER GIFT STORES, LTD",(171) 555-7555,120 HANOVER SQ.,LONDON,WA1 1DP,UK,EMEA,HARDY,THOMAS,SMALL,2004,1,1
10213,0.34426229508196726,1.0,0.1176470588235294,0.3084865473473901,2004-01-22,SHIPPED,1,1,2004,CLASSIC CARS,0.4640883977900553,S24_2887,"DOUBLE DECKER GIFT STORES, LTD",(171) 555-7555,120 HANOVER SQ.,LONDON,WA1 1DP,UK,EMEA,HARDY,THOMAS,SMALL,2004,1,1
10214,0.34426229508196726,1.0,0.1764705882352941,0.4172410452074612,2004-01-26,SHIPPED,1,1,2004,VINTAGE CARS,0.5193370165745856,S18_2325,"CORRIDA AUTO REPLICAS, LTD",(91) 555 22 82,"C/ ARAQUIL, 67",MADRID,28023,SPAIN,EMEA,SOMMER,MART¡N,MEDIUM,2004,1,1
10214,0.2295081967213115,0.09997264770240699,0.1176470588235294,0.026951411417631937,2004-01-26,SHIPPED,1,1,2004,VINTAGE CARS,0.0,S24_1937,"CORRIDA AUTO REPLICAS, LTD",(91) 555 22 82,"C/ ARAQUIL, 67",MADRID,28023,SPAIN,EMEA,SOMMER,MART¡N,SMALL,2004,1,1
10214,0.6229508196721312,0.10940919037199126,0.23529411764705882,0.14066934171708836,2004-01-26,SHIPPED,1,1,2004,VINTAGE CARS,0.04419889502762431,S24_3969,"CORRIDA AUTO REPLICAS, LTD",(91) 555 22 82,"C/ ARAQUIL, 67",MADRID,28023,SPAIN,EMEA,SOMMER,MART¡N,SMALL,2004,1,1
10214,0.7049180327868853,0.28801969365426694,0.058823529411764705,0.24949867862309522,2004-01-26,SHIPPED,1,1,2004,VINTAGE CARS,0.06077348066298344,S24_2022,"CORRIDA AUTO REPLICAS, LTD",(91) 555 22 82,"C/ ARAQUIL, 67",MADRID,28023,SPAIN,EMEA,SOMMER,MART¡N,SMALL,2004,1,1
10214,0.7213114754098361,1.0,0.0,1.0,2004-01-26,SHIPPED,1,1,2004,VINTAGE CARS,0.7458563535911602,S18_2795,"CORRIDA AUTO REPLICAS, LTD",(91) 555 22 82,"C/ ARAQUIL, 67",MADRID,28023,SPAIN,EMEA,SOMMER,MART¡N,LARGE,2004,1,1
10214,0.2459016393442623,0.4934354485776805,0.2941176470588235,0.11226257813831192,2004-01-26,SHIPPED,1,1,2004,VINTAGE CARS,0.14917127071823205,S18_2248,"CORRIDA AUTO REPLICAS, LTD",(91) 555 22 82,"C/ ARAQUIL, 67",MADRID,28023,SPAIN,EMEA,SOMMER,MART¡N,SMALL,2004,1,1
10214,0.3934426229508197,1.0,0.3529411764705882,0.7330043533605739,2004-01-26,SHIPPED,1,1,2004,VINTAGE CARS,0.7569060773480663,S18_1749,"CORRIDA AUTO REPLICAS, LTD",(91) 555 22 82,"C/ ARAQUIL, 67",MADRID,28023,SPAIN,EMEA,SOMMER,MART¡N,MEDIUM,2004,1,1
10215,0.4426229508196722,0.22223741794310725,0.47058823529411764,0.12577770798739762,2004-01-29,SHIPPED,1,1,2004,VINTAGE CARS,0.11049723756906077,S18_1367,WEST COAST COLLECTABLES CO.,3105553722,3675 FURTH CIRCLE,BURBANK,94019,USA,DESCONOCIDO,THOMPSON,STEVE,SMALL,2004,1,1
10215,0.5409836065573771,0.8710339168490153,0.3529411764705882,0.40761888215857195,2004-01-29,SHIPPED,1,1,2004,VINTAGE CARS,0.35359116022099446,S24_4258,WEST COAST COLLECTABLES CO.,3105553722,3675 FURTH CIRCLE,BURBANK,94019,USA,DESCONOCIDO,THOMPSON,STEVE,MEDIUM,2004,1,1
10215,0.34426229508196726,0.8547592997811815,0.5294117647058824,0.2580784406750215,2004-01-29,SHIPPED,1,1,2004,VINTAGE CARS,0.3812154696132597,S18_1342,WEST COAST COLLECTABLES CO.,3105553722,3675 FURTH CIRCLE,BURBANK,94019,USA,DESCONOCIDO,THOMPSON,STEVE,SMALL,2004,1,1
10215,0.6557377049180328,1.0,0.058823529411764705,0.6240868132932855,2004-01-29,SHIPPED,1,1,2004,TRUCKS AND BUSES,0.45856353591160215,S18_1097,WEST COAST COLLECTABLES CO.,3105553722,3675 FURTH CIRCLE,BURBANK,94019,USA,DESCONOCIDO,THOMPSON,STEVE,MEDIUM,2004,1,1
10215,0.5737704918032788,1.0,0.4117647058823529,0.5444259945407589,2004-01-29,SHIPPED,1,1,2004,VINTAGE CARS,0.3646408839779005,S18_3320,WEST COAST COLLECTABLES CO.,3105553722,3675 FURTH CIRCLE,BURBANK,94019,USA,DESCONOCIDO,THOMPSON,STEVE,MEDIUM,2004,1,1
10215,0.7049180327868853,1.0,0.23529411764705882,0.6418797964645233,2004-01-29,SHIPPED,1,1,2004,VINTAGE CARS,0.39226519337016574,S18_3136,WEST COAST COLLECTABLES CO.,3105553722,3675 FURTH CIRCLE,BURBANK,94019,USA,DESCONOCIDO,THOMPSON,STEVE,MEDIUM,2004,1,1
10215,0.4098360655737705,0.4353118161925602,0.2941176470588235,0.17879582638677755,2004-01-29,SHIPPED,1,1,2004,VINTAGE CARS,0.16022099447513816,S18_2957,WEST COAST COLLECTABLES CO.,3105553722,3675 FURTH CIRCLE,BURBANK,94019,USA,DESCONOCIDO,THOMPSON,STEVE,SMALL,2004,1,1
10215,0.6557377049180328,0.25164113785557984,0.0,0.2139260763959654,2004-01-29,SHIPPED,1,1,2004,VINTAGE CARS,0.09392265193370164,S18_4668,WEST COAST COLLECTABLES CO.,3105553722,3675 FURTH CIRCLE,BURBANK,94019,USA,DESCONOCIDO,THOMPSON,STEVE,SMALL,2004,1,1
10215,0.47540983606557385,1.0,0.1176470588235294,0.7474776902799448,2004-01-29,SHIPPED,1,1,2004,CLASSIC CARS,0.9999999999999999,S10_1949,WEST COAST COLLECTABLES CO.,3105553722,3675 FURTH CIRCLE,BURBANK,94019,USA,DESCONOCIDO,THOMPSON,STEVE,MEDIUM,2004,1,1
10215,0.7049180327868853,1.0,0.1764705882352941,0.6719370282884912,2004-01-29,SHIPPED,1,1,2004,VINTAGE CARS,0.37569060773480667,S18_2949,WEST COAST COLLECTABLES CO.,3105553722,3675 FURTH CIRCLE,BURBANK,94019,USA,DESCONOCIDO,THOMPSON,STEVE,MEDIUM,2004,1,1
10216,0.6065573770491803,1.0,0.0,0.7052631227260123,2004-02-02,SHIPPED,1,2,2004,TRUCKS AND BUSES,0.569060773480663,S12_1666,AUTO ASSOC. & CIE.,30.59.8555,"67, AVENUE DE L'EUROPE",VERSAILLES,78000,FRANCE,EMEA,TONINI,DANIEL,MEDIUM,2004,2,1
10217,0.47540983606557385,0.47182713347921224,0.058823529411764705,0.22266888065510898,2004-02-04,SHIPPED,1,2,2004,TRUCKS AND BUSES,0.14917127071823205,S18_2432,HANDJI GIFTS& CO,+65 224 1555,VILLAGE CLOSE - 106 LINDEN ROAD SANDOWN,SINGAPORE,69045,SINGAPORE,APAC,VICTORINO,WENDY,SMALL,2004,2,1
10217,0.5245901639344263,1.0,0.23529411764705882,0.5381662429128425,2004-02-04,SHIPPED,1,2,2004,TRUCKS AND BUSES,0.4861878453038674,S18_4600,HANDJI GIFTS& CO,+65 224 1555,VILLAGE CLOSE - 106 LINDEN ROAD SANDOWN,SINGAPORE,69045,SINGAPORE,APAC,VICTORINO,WENDY,MEDIUM,2004,2,1
10217,0.2459016393442623,1.0,0.1176470588235294,0.2355786160790354,2004-02-04,SHIPPED,1,2,2004,TRUCKS AND BUSES,0.34806629834254144,S32_1268,HANDJI GIFTS& CO,+65 224 1555,VILLAGE CLOSE - 106 LINDEN ROAD SANDOWN,SINGAPORE,69045,SINGAPORE,APAC,VICTORINO,WENDY,SMALL,2004,2,1
10217,0.36065573770491804,1.0,0.0,0.3563875459809094,2004-02-04,SHIPPED,1,2,2004,TRUCKS AND BUSES,0.5193370165745856,S24_2300,HANDJI GIFTS& CO,+65 224 1555,VILLAGE CLOSE - 106 LINDEN ROAD SANDOWN,SINGAPORE,69045,SINGAPORE,APAC,VICTORINO,WENDY,MEDIUM,2004,2,1
10217,0.6885245901639344,1.0,0.1764705882352941,0.8737926357042387,2004-02-04,SHIPPED,1,2,2004,CLASSIC CARS,0.6298342541436464,S10_4962,HANDJI GIFTS& CO,+65 224 1555,VILLAGE CLOSE - 106 LINDEN ROAD SANDOWN,SINGAPORE,69045,SINGAPORE,APAC,VICTORINO,WENDY,LARGE,2004,2,1
10217,0.5409836065573771,0.48099015317286653,0.3529411764705882,0.2589724999916474,2004-02-04,SHIPPED,1,2,2004,TRUCKS AND BUSES,0.1712707182320442,S32_3522,HANDJI GIFTS& CO,+65 224 1555,VILLAGE CLOSE - 106 LINDEN ROAD SANDOWN,SINGAPORE,69045,SINGAPORE,APAC,VICTORINO,WENDY,SMALL,2004,2,1
10217,0.4098360655737705,0.8358862144420132,0.2941176470588235,0.3001406573140133,2004-02-04,SHIPPED,1,2,2004,CLASSIC CARS,0.37569060773480667,S700_2824,HANDJI GIFTS& CO,+65 224 1555,VILLAGE CLOSE - 106 LINDEN ROAD SANDOWN,SINGAPORE,69045,SINGAPORE,APAC,VICTORINO,WENDY,SMALL,2004,2,1
10219,0.6885245901639344,1.0,0.058823529411764705,0.5892973482254126,2004-02-10,SHIPPED,1,2,2004,TRUCKS AND BUSES,0.4696132596685083,S12_4473,SIGNAL COLLECTIBLES LTD.,4155554312,2793 FURTH CIRCLE,BRISBANE,94217,USA,DESCONOCIDO,TAYLOR,SUE,MEDIUM,2004,2,1
10219,0.47540983606557385,0.387171772428884,0.1764705882352941,0.1937155247586942,2004-02-10,SHIPPED,1,2,2004,TRUCKS AND BUSES,0.11602209944751385,S32_2509,SIGNAL COLLECTIBLES LTD.,4155554312,2793 FURTH CIRCLE,BRISBANE,94217,USA,DESCONOCIDO,TAYLOR,SUE,SMALL,2004,2,1
10219,0.2459016393442623,0.18367067833698036,0.1176470588235294,0.04869616349658713,2004-02-10,SHIPPED,1,2,2004,CLASSIC CARS,0.011049723756906105,S24_2840,SIGNAL COLLECTIBLES LTD.,4155554312,2793 FURTH CIRCLE,BRISBANE,94217,USA,DESCONOCIDO,TAYLOR,SUE,SMALL,2004,2,1
10219,0.6065573770491803,1.0,0.0,1.0,2004-02-10,SHIPPED,1,2,2004,CLASSIC CARS,0.718232044198895,S18_2238,SIGNAL COLLECTIBLES LTD.,4155554312,2793 FURTH CIRCLE,BRISBANE,94217,USA,DESCONOCIDO,TAYLOR,SUE,LARGE,2004,2,1
10220,0.42622950819672134,1.0,0.058823529411764705,0.8953035157646445,2004-02-12,SHIPPED,1,2,2004,CLASSIC CARS,0.9613259668508286,S12_1108,"CLOVER COLLECTIONS, CO.",+353 1862 1555,25 MAIDEN LANE,DUBLIN,2,IRELAND,EMEA,CASSIDY,DEAN,LARGE,2004,2,1
10220,0.3934426229508197,1.0,0.1176470588235294,0.5654985316178265,2004-02-12,SHIPPED,1,2,2004,CLASSIC CARS,0.6519337016574586,S12_3148,"CLOVER COLLECTIONS, CO.",+353 1862 1555,25 MAIDEN LANE,DUBLIN,2,IRELAND,EMEA,CASSIDY,DEAN,MEDIUM,2004,2,1
10220,0.7213114754098361,1.0,0.23529411764705882,1.0,2004-02-12,SHIPPED,1,2,2004,CLASSIC CARS,0.6077348066298343,S18_4027,"CLOVER COLLECTIONS, CO.",+353 1862 1555,25 MAIDEN LANE,DUBLIN,2,IRELAND,EMEA,CASSIDY,DEAN,LARGE,2004,2,1
10220,0.34426229508196726,1.0,0.0,0.609816610927169,2004-02-12,SHIPPED,1,2,2004,CLASSIC CARS,0.7734806629834254,S12_3891,"CLOVER COLLECTIONS, CO.",+353 1862 1555,25 MAIDEN LANE,DUBLIN,2,IRELAND,EMEA,CASSIDY,DEAN,MEDIUM,2004,2,1
10220,0.2295081967213115,0.3547592997811816,0.2941176470588235,0.07674610519563396,2004-02-12,SHIPPED,1,2,2004,TRAINS,0.16022099447513816,S32_3207,"CLOVER COLLECTIONS, CO.",+353 1862 1555,25 MAIDEN LANE,DUBLIN,2,IRELAND,EMEA,CASSIDY,DEAN,SMALL,2004,2,1
10220,0.3934426229508197,0.5697483588621445,0.1764705882352941,0.21036053042173802,2004-02-12,SHIPPED,1,2,2004,TRAINS,0.13812154696132595,S50_1514,"CLOVER COLLECTIONS, CO.",+353 1862 1555,25 MAIDEN LANE,DUBLIN,2,IRELAND,EMEA,CASSIDY,DEAN,SMALL,2004,2,1
10220,0.5081967213114754,1.0,0.47058823529411764,0.46786698695996454,2004-02-12,SHIPPED,1,2,2004,TRUCKS AND BUSES,0.4530386740331491,S50_1392,"CLOVER COLLECTIONS, CO.",+353 1862 1555,25 MAIDEN LANE,DUBLIN,2,IRELAND,EMEA,CASSIDY,DEAN,MEDIUM,2004,2,1
10220,0.5081967213114754,1.0,0.3529411764705882,0.6081487693320281,2004-02-12,SHIPPED,1,2,2004,CLASSIC CARS,0.4696132596685083,S24_4048,"CLOVER COLLECTIONS, CO.",+353 1862 1555,25 MAIDEN LANE,DUBLIN,2,IRELAND,EMEA,CASSIDY,DEAN,MEDIUM,2004,2,1
10220,0.3278688524590164,0.3992067833698031,0.4117647058823529,0.13039233701626077,2004-02-12,SHIPPED,1,2,2004,CLASSIC CARS,0.13259668508287292,S24_1444,"CLOVER COLLECTIONS, CO.",+353 1862 1555,25 MAIDEN LANE,DUBLIN,2,IRELAND,EMEA,CASSIDY,DEAN,SMALL,2004,2,1
10221,0.7049180327868853,1.0,0.0,0.8449461927305895,2004-02-18,SHIPPED,1,2,2004,SHIPS,0.4917127071823204,S24_2011,PETIT AUTO,(02) 5554 67,RUE JOSEPH-BENS 532,BRUXELLES,B-1180,BELGIUM,EMEA,DEWEY,CATHERINE,MEDIUM,2004,2,1
10221,0.4426229508196722,1.0,0.1176470588235294,0.5259113491408545,2004-02-18,SHIPPED,1,2,2004,VINTAGE CARS,0.569060773480663,S18_3140,PETIT AUTO,(02) 5554 67,RUE JOSEPH-BENS 532,BRUXELLES,B-1180,BELGIUM,EMEA,DEWEY,CATHERINE,MEDIUM,2004,2,1
10221,0.27868852459016397,0.7356400437636761,0.23529411764705882,0.18352672321914812,2004-02-18,SHIPPED,1,2,2004,TRAINS,0.37016574585635353,S18_3259,PETIT AUTO,(02) 5554 67,RUE JOSEPH-BENS 532,BRUXELLES,B-1180,BELGIUM,EMEA,DEWEY,CATHERINE,SMALL,2004,2,1
10221,0.27868852459016397,0.9589715536105032,0.1764705882352941,0.23372100404598595,2004-02-18,SHIPPED,1,2,2004,SHIPS,0.2928176795580111,S700_1938,PETIT AUTO,(02) 5554 67,RUE JOSEPH-BENS 532,BRUXELLES,B-1180,BELGIUM,EMEA,DEWEY,CATHERINE,SMALL,2004,2,1
10221,0.5409836065573771,0.8568107221006565,0.058823529411764705,0.4021983969743643,2004-02-18,SHIPPED,1,2,2004,VINTAGE CARS,0.2983425414364641,S18_4522,PETIT AUTO,(02) 5554 67,RUE JOSEPH-BENS 532,BRUXELLES,B-1180,BELGIUM,EMEA,DEWEY,CATHERINE,MEDIUM,2004,2,1
10222,0.4918032786885246,0.739469365426696,0.7058823529411764,0.32502464008766857,2004-02-19,SHIPPED,1,2,2004,SHIPS,0.2154696132596685,S700_2610,COLLECTABLE MINI DESIGNS CO.,7605558146,361 FURTH CIRCLE,SAN DIEGO,91217,USA,DESCONOCIDO,THOMPSON,VALARIE,SMALL,2004,2,1
10222,0.3278688524590164,1.0,0.4117647058823529,0.29099158394836105,2004-02-19,SHIPPED,1,2,2004,SHIPS,0.3149171270718232,S700_2047,COLLECTABLE MINI DESIGNS CO.,7605558146,361 FURTH CIRCLE,SAN DIEGO,91217,USA,DESCONOCIDO,THOMPSON,VALARIE,SMALL,2004,2,1
10222,0.7049180327868853,1.0,0.1764705882352941,0.8649188631147076,2004-02-19,SHIPPED,1,2,2004,PLANES,0.6850828729281768,S18_1662,COLLECTABLE MINI DESIGNS CO.,7605558146,361 FURTH CIRCLE,SAN DIEGO,91217,USA,DESCONOCIDO,THOMPSON,VALARIE,MEDIUM,2004,2,1
10222,0.6065573770491803,0.6448304157549234,0.058823529411764705,0.3609861380713577,2004-02-19,SHIPPED,1,2,2004,PLANES,0.22651933701657456,S700_4002,COLLECTABLE MINI DESIGNS CO.,7605558146,361 FURTH CIRCLE,SAN DIEGO,91217,USA,DESCONOCIDO,THOMPSON,VALARIE,MEDIUM,2004,2,1
10222,0.4098360655737705,0.48946936542669583,0.8235294117647058,0.19520161438513378,2004-02-19,SHIPPED,1,2,2004,SHIPS,0.18232044198895025,S700_1138,COLLECTABLE MINI DESIGNS CO.,7605558146,361 FURTH CIRCLE,SAN DIEGO,91217,USA,DESCONOCIDO,THOMPSON,VALARIE,SMALL,2004,2,1
10222,0.4098360655737705,0.9362691466083151,0.9411764705882353,0.33054936537157253,2004-02-19,SHIPPED,1,2,2004,SHIPS,0.3646408839779005,S700_3962,COLLECTABLE MINI DESIGNS CO.,7605558146,361 FURTH CIRCLE,SAN DIEGO,91217,USA,DESCONOCIDO,THOMPSON,VALARIE,SMALL,2004,2,1
10222,0.4098360655737705,0.25724835886214437,0.3529411764705882,0.12485558402854577,2004-02-19,SHIPPED,1,2,2004,PLANES,0.08839779005524862,S72_1253,COLLECTABLE MINI DESIGNS CO.,7605558146,361 FURTH CIRCLE,SAN DIEGO,91217,USA,DESCONOCIDO,THOMPSON,VALARIE,SMALL,2004,2,1
10222,0.6065573770491803,0.5945021881838074,0.2941176470588235,0.3398387619483544,2004-02-19,SHIPPED,1,2,2004,VINTAGE CARS,0.17679558011049723,S24_3420,COLLECTABLE MINI DESIGNS CO.,7605558146,361 FURTH CIRCLE,SAN DIEGO,91217,USA,DESCONOCIDO,THOMPSON,VALARIE,MEDIUM,2004,2,1
10222,0.7049180327868853,1.0,0.6470588235294117,0.7370937726563519,2004-02-19,SHIPPED,1,2,2004,CLASSIC CARS,0.569060773480663,S10_4757,COLLECTABLE MINI DESIGNS CO.,7605558146,361 FURTH CIRCLE,SAN DIEGO,91217,USA,DESCONOCIDO,THOMPSON,VALARIE,MEDIUM,2004,2,1
10222,0.42622950819672134,0.7474015317286653,0.23529411764705882,0.28423201440651635,2004-02-19,SHIPPED,1,2,2004,PLANES,0.19337016574585636,S24_2841,COLLECTABLE MINI DESIGNS CO.,7605558146,361 FURTH CIRCLE,SAN DIEGO,91217,USA,DESCONOCIDO,THOMPSON,VALARIE,SMALL,2004,2,1
10222,0.4918032786885246,0.49863238512035013,1.0,0.2403014944421985,2004-02-19,SHIPPED,1,2,2004,SHIPS,0.11602209944751385,S72_3212,COLLECTABLE MINI DESIGNS CO.,7605558146,361 FURTH CIRCLE,SAN DIEGO,91217,USA,DESCONOCIDO,THOMPSON,VALARIE,SMALL,2004,2,1
10222,0.639344262295082,0.8051148796498906,0.47058823529411764,0.4512553915852848,2004-02-19,SHIPPED,1,2,2004,VINTAGE CARS,0.39779005524861877,S18_3856,COLLECTABLE MINI DESIGNS CO.,7605558146,361 FURTH CIRCLE,SAN DIEGO,91217,USA,DESCONOCIDO,THOMPSON,VALARIE,MEDIUM,2004,2,1
10222,0.6721311475409837,0.6007932166301969,0.7647058823529411,0.3803347042688326,2004-02-19,SHIPPED,1,2,2004,VINTAGE CARS,0.30386740331491713,S24_3151,COLLECTABLE MINI DESIGNS CO.,7605558146,361 FURTH CIRCLE,SAN DIEGO,91217,USA,DESCONOCIDO,THOMPSON,VALARIE,MEDIUM,2004,2,1
10222,0.5081967213114754,0.8324671772428884,0.0,0.36946700566972596,2004-02-19,SHIPPED,1,2,2004,PLANES,0.3646408839779005,S700_2466,COLLECTABLE MINI DESIGNS CO.,7605558146,361 FURTH CIRCLE,SAN DIEGO,91217,USA,DESCONOCIDO,THOMPSON,VALARIE,MEDIUM,2004,2,1
10222,0.7049180327868853,0.926422319474836,0.5294117647058824,0.5551787617478927,2004-02-19,SHIPPED,1,2,2004,SHIPS,0.2928176795580111,S18_3029,COLLECTABLE MINI DESIGNS CO.,7605558146,361 FURTH CIRCLE,SAN DIEGO,91217,USA,DESCONOCIDO,THOMPSON,VALARIE,MEDIUM,2004,2,1
10222,0.6557377049180328,0.7334518599562363,0.5882352941176471,0.430502256864979,2004-02-19,SHIPPED,1,2,2004,VINTAGE CARS,0.27624309392265195,S24_3816,COLLECTABLE MINI DESIGNS CO.,7605558146,361 FURTH CIRCLE,SAN DIEGO,91217,USA,DESCONOCIDO,THOMPSON,VALARIE,MEDIUM,2004,2,1
10222,0.5245901639344263,1.0,0.8823529411764706,0.49515250126123844,2004-02-19,SHIPPED,1,2,2004,SHIPS,0.37016574585635353,S700_3505,COLLECTABLE MINI DESIGNS CO.,7605558146,361 FURTH CIRCLE,SAN DIEGO,91217,USA,DESCONOCIDO,THOMPSON,VALARIE,MEDIUM,2004,2,1
10222,0.6885245901639344,0.4070021881838074,0.1176470588235294,0.2989004674099342,2004-02-19,SHIPPED,1,2,2004,PLANES,0.19337016574585636,S24_3949,COLLECTABLE MINI DESIGNS CO.,7605558146,361 FURTH CIRCLE,SAN DIEGO,91217,USA,DESCONOCIDO,THOMPSON,VALARIE,SMALL,2004,2,1
10223,0.5737704918032788,0.2650437636761488,0.7058823529411764,0.1890394207992409,2004-02-20,SHIPPED,1,2,2004,VINTAGE CARS,0.05524861878453041,S50_1341,"AUSTRALIAN COLLECTORS, CO.",03 9520 4555,636 ST KILDA ROAD,MELBOURNE,3004,AUSTRALIA,APAC,FERGUSON,PETER,SMALL,2004,2,1
10223,0.6721311475409837,1.0,0.1764705882352941,0.6602220447764685,2004-02-20,SHIPPED,1,2,2004,MOTORCYCLES,0.4696132596685083,S10_2016,"AUSTRALIAN COLLECTORS, CO.",03 9520 4555,636 ST KILDA ROAD,MELBOURNE,3004,AUSTRALIA,APAC,FERGUSON,PETER,MEDIUM,2004,2,1
10223,0.3770491803278689,1.0,0.4117647058823529,0.3632005719841368,2004-02-20,SHIPPED,1,2,2004,PLANES,0.4696132596685083,S700_2834,"AUSTRALIAN COLLECTORS, CO.",03 9520 4555,636 ST KILDA ROAD,MELBOURNE,3004,AUSTRALIA,APAC,FERGUSON,PETER,MEDIUM,2004,2,1
10223,0.27868852459016397,0.6528993435448578,0.5294117647058824,0.164930556715635,2004-02-20,SHIPPED,1,2,2004,PLANES,0.2154696132596685,S24_4278,"AUSTRALIAN COLLECTORS, CO.",03 9520 4555,636 ST KILDA ROAD,MELBOURNE,3004,AUSTRALIA,APAC,FERGUSON,PETER,SMALL,2004,2,1
10223,0.6721311475409837,1.0,0.47058823529411764,0.5670100130634228,2004-02-20,SHIPPED,1,2,2004,PLANES,0.281767955801105,S18_2581,"AUSTRALIAN COLLECTORS, CO.",03 9520 4555,636 ST KILDA ROAD,MELBOURNE,3004,AUSTRALIA,APAC,FERGUSON,PETER,MEDIUM,2004,2,1
10223,0.36065573770491804,0.4607494529540481,0.23529411764705882,0.16221764130046207,2004-02-20,SHIPPED,1,2,2004,MOTORCYCLES,0.14917127071823205,S18_2625,"AUSTRALIAN COLLECTORS, CO.",03 9520 4555,636 ST KILDA ROAD,MELBOURNE,3004,AUSTRALIA,APAC,FERGUSON,PETER,SMALL,2004,2,1
10223,0.2295081967213115,0.5355579868708973,0.6470588235294117,0.11208082616961065,2004-02-20,SHIPPED,1,2,2004,VINTAGE CARS,0.19337016574585636,S32_4289,"AUSTRALIAN COLLECTORS, CO.",03 9520 4555,636 ST KILDA ROAD,MELBOURNE,3004,AUSTRALIA,APAC,FERGUSON,PETER,SMALL,2004,2,1
10223,0.7049180327868853,1.0,0.1176470588235294,1.0,2004-02-20,SHIPPED,1,2,2004,MOTORCYCLES,0.8839779005524863,S10_4698,"AUSTRALIAN COLLECTORS, CO.",03 9520 4555,636 ST KILDA ROAD,MELBOURNE,3004,AUSTRALIA,APAC,FERGUSON,PETER,LARGE,2004,2,1
10223,0.5081967213114754,1.0,0.0,0.4655429673013508,2004-02-20,SHIPPED,1,2,2004,MOTORCYCLES,0.3425414364640884,S10_1678,"AUSTRALIAN COLLECTORS, CO.",03 9520 4555,636 ST KILDA ROAD,MELBOURNE,3004,AUSTRALIA,APAC,FERGUSON,PETER,MEDIUM,2004,2,1
10223,0.42622950819672134,0.8808807439824946,0.058823529411764705,0.32597081945414275,2004-02-20,SHIPPED,1,2,2004,MOTORCYCLES,0.43646408839779005,S24_1578,"AUSTRALIAN COLLECTORS, CO.",03 9520 4555,636 ST KILDA ROAD,MELBOURNE,3004,AUSTRALIA,APAC,FERGUSON,PETER,SMALL,2004,2,1
10223,0.459016393442623,1.0,0.5882352941176471,0.4178464396326205,2004-02-20,SHIPPED,1,2,2004,PLANES,0.419889502762431,S24_1785,"AUSTRALIAN COLLECTORS, CO.",03 9520 4555,636 ST KILDA ROAD,MELBOURNE,3004,AUSTRALIA,APAC,FERGUSON,PETER,MEDIUM,2004,2,1
10223,0.3114754098360656,1.0,0.7647058823529411,0.27431450440848754,2004-02-20,SHIPPED,1,2,2004,PLANES,0.3204419889502762,S700_1691,"AUSTRALIAN COLLECTORS, CO.",03 9520 4555,636 ST KILDA ROAD,MELBOURNE,3004,AUSTRALIA,APAC,FERGUSON,PETER,SMALL,2004,2,1
10223,0.5245901639344263,0.5802789934354486,0.2941176470588235,0.287548987835314,2004-02-20,SHIPPED,1,2,2004,MOTORCYCLES,0.23756906077348067,S24_2000,"AUSTRALIAN COLLECTORS, CO.",03 9520 4555,636 ST KILDA ROAD,MELBOURNE,3004,AUSTRALIA,APAC,FERGUSON,PETER,SMALL,2004,2,1
10223,0.3278688524590164,0.5514223194748359,0.8235294117647058,0.16906541400358827,2004-02-20,SHIPPED,1,2,2004,PLANES,0.2596685082872928,S700_3167,"AUSTRALIAN COLLECTORS, CO.",03 9520 4555,636 ST KILDA ROAD,MELBOURNE,3004,AUSTRALIA,APAC,FERGUSON,PETER,SMALL,2004,2,1
10223,0.2459016393442623,1.0,0.3529411764705882,0.26636552860087737,2004-02-20,SHIPPED,1,2,2004,MOTORCYCLES,0.3646408839779005,S32_1374,"AUSTRALIAN COLLECTORS, CO.",03 9520 4555,636 ST KILDA ROAD,MELBOURNE,3004,AUSTRALIA,APAC,FERGUSON,PETER,SMALL,2004,2,1
10224,0.5081967213114754,0.7311269146608315,0.1764705882352941,0.33282661062647634,2004-02-21,SHIPPED,1,2,2004,MOTORCYCLES,0.19889502762430938,S24_2360,DAEDALUS DESIGNS IMPORTS,20.16.1555,"184, CHAUSSE DE TOURNAI",LILLE,59000,FRANCE,EMEA,RANCE,MARTINE,SMALL,2004,2,1
10224,0.6065573770491803,0.1716356673960613,0.058823529411764705,0.16215482995833738,2004-02-21,SHIPPED,1,2,2004,MOTORCYCLES,0.03867403314917128,S32_2206,DAEDALUS DESIGNS IMPORTS,20.16.1555,"184, CHAUSSE DE TOURNAI",LILLE,59000,FRANCE,EMEA,RANCE,MARTINE,SMALL,2004,2,1
10224,0.3934426229508197,1.0,0.23529411764705882,0.38151475565385606,2004-02-21,SHIPPED,1,2,2004,MOTORCYCLES,0.3812154696132597,S32_4485,DAEDALUS DESIGNS IMPORTS,20.16.1555,"184, CHAUSSE DE TOURNAI",LILLE,59000,FRANCE,EMEA,RANCE,MARTINE,MEDIUM,2004,2,1
10224,0.6065573770491803,1.0,0.2941176470588235,0.7491669144596387,2004-02-21,SHIPPED,1,2,2004,MOTORCYCLES,0.6464088397790055,S12_2823,DAEDALUS DESIGNS IMPORTS,20.16.1555,"184, CHAUSSE DE TOURNAI",LILLE,59000,FRANCE,EMEA,RANCE,MARTINE,MEDIUM,2004,2,1
10224,0.7213114754098361,0.6894146608315099,0.1176470588235294,0.4520238282176614,2004-02-21,SHIPPED,1,2,2004,MOTORCYCLES,0.26519337016574585,S50_4713,DAEDALUS DESIGNS IMPORTS,20.16.1555,"184, CHAUSSE DE TOURNAI",LILLE,59000,FRANCE,EMEA,RANCE,MARTINE,MEDIUM,2004,2,1
10224,0.5245901639344263,0.4316192560175054,0.0,0.23234717298845003,2004-02-21,SHIPPED,1,2,2004,MOTORCYCLES,0.16022099447513816,S18_3782,DAEDALUS DESIGNS IMPORTS,20.16.1555,"184, CHAUSSE DE TOURNAI",LILLE,59000,FRANCE,EMEA,RANCE,MARTINE,SMALL,2004,2,1
10225,0.6065573770491803,1.0,0.058823529411764705,0.7919213922735368,2004-02-22,SHIPPED,1,2,2004,CLASSIC CARS,0.7513812154696132,S18_3232,"VIDA SPORT, LTD",0897-034555,GRENZACHERWEG 237,GENSVE,1203,SWITZERLAND,EMEA,HOLZ,MICHAEL,MEDIUM,2004,2,1
10225,0.5901639344262295,0.13334245076586437,0.1176470588235294,0.14116915963101678,2004-02-22,SHIPPED,1,2,2004,CLASSIC CARS,0.022099447513812154,S24_2972,"VIDA SPORT, LTD",0897-034555,GRENZACHERWEG 237,GENSVE,1203,SWITZERLAND,EMEA,HOLZ,MICHAEL,SMALL,2004,2,1
10225,0.47540983606557385,1.0,0.7647058823529411,0.6385401040396379,2004-02-22,SHIPPED,1,2,2004,CLASSIC CARS,0.6353591160220994,S18_4721,"VIDA SPORT, LTD",0897-034555,GRENZACHERWEG 237,GENSVE,1203,SWITZERLAND,EMEA,HOLZ,MICHAEL,MEDIUM,2004,2,1
10225,0.29508196721311475,0.3190645514223195,0.4117647058823529,0.09661052624545202,2004-02-22,SHIPPED,1,2,2004,CLASSIC CARS,0.15469613259668508,S24_3371,"VIDA SPORT, LTD",0897-034555,GRENZACHERWEG 237,GENSVE,1203,SWITZERLAND,EMEA,HOLZ,MICHAEL,SMALL,2004,2,1
10225,0.5081967213114754,0.9410557986870898,0.6470588235294117,0.40872810373226337,2004-02-22,SHIPPED,1,2,2004,CLASSIC CARS,0.2596685082872928,S18_3278,"VIDA SPORT, LTD",0897-034555,GRENZACHERWEG 237,GENSVE,1203,SWITZERLAND,EMEA,HOLZ,MICHAEL,MEDIUM,2004,2,1
10225,0.42622950819672134,1.0,0.0,0.5408657942126698,2004-02-22,SHIPPED,1,2,2004,CLASSIC CARS,0.5966850828729282,S18_1129,"VIDA SPORT, LTD",0897-034555,GRENZACHERWEG 237,GENSVE,1203,SWITZERLAND,EMEA,HOLZ,MICHAEL,MEDIUM,2004,2,1
10225,0.2459016393442623,1.0,0.2941176470588235,0.29431791225790066,2004-02-22,SHIPPED,1,2,2004,CLASSIC CARS,0.4530386740331491,S12_4675,"VIDA SPORT, LTD",0897-034555,GRENZACHERWEG 237,GENSVE,1203,SWITZERLAND,EMEA,HOLZ,MICHAEL,SMALL,2004,2,1
10225,0.6721311475409837,0.5169584245076587,0.23529411764705882,0.3418313515463952,2004-02-22,SHIPPED,1,2,2004,CLASSIC CARS,0.2430939226519337,S18_1889,"VIDA SPORT, LTD",0897-034555,GRENZACHERWEG 237,GENSVE,1203,SWITZERLAND,EMEA,HOLZ,MICHAEL,MEDIUM,2004,2,1
10225,0.34426229508196726,1.0,0.5882352941176471,0.5455165063529663,2004-02-22,SHIPPED,1,2,2004,CLASSIC CARS,0.6243093922651933,S18_3482,"VIDA SPORT, LTD",0897-034555,GRENZACHERWEG 237,GENSVE,1203,SWITZERLAND,EMEA,HOLZ,MICHAEL,MEDIUM,2004,2,1
10225,0.3114754098360656,0.9975382932166301,0.3529411764705882,0.26906908913530836,2004-02-22,SHIPPED,1,2,2004,CLASSIC CARS,0.4640883977900553,S12_3380,"VIDA SPORT, LTD",0897-034555,GRENZACHERWEG 237,GENSVE,1203,SWITZERLAND,EMEA,HOLZ,MICHAEL,SMALL,2004,2,1
10225,0.5081967213114754,0.6910557986870898,0.5294117647058824,0.3183385731802251,2004-02-22,SHIPPED,1,2,2004,CLASSIC CARS,0.2541436464088398,S12_3990,"VIDA SPORT, LTD",0897-034555,GRENZACHERWEG 237,GENSVE,1203,SWITZERLAND,EMEA,HOLZ,MICHAEL,SMALL,2004,2,1
10225,0.34426229508196726,1.0,0.47058823529411764,0.5393462942978661,2004-02-22,SHIPPED,1,2,2004,CLASSIC CARS,0.8895027624309392,S12_1099,"VIDA SPORT, LTD",0897-034555,GRENZACHERWEG 237,GENSVE,1203,SWITZERLAND,EMEA,HOLZ,MICHAEL,MEDIUM,2004,2,1
10225,0.6557377049180328,0.5942286652078774,0.7058823529411764,0.3679207775242308,2004-02-22,SHIPPED,1,2,2004,CLASSIC CARS,0.2596685082872928,S24_4620,"VIDA SPORT, LTD",0897-034555,GRENZACHERWEG 237,GENSVE,1203,SWITZERLAND,EMEA,HOLZ,MICHAEL,MEDIUM,2004,2,1
10225,0.5573770491803279,1.0,0.1764705882352941,0.5436348389122947,2004-02-22,SHIPPED,1,2,2004,CLASSIC CARS,0.5911602209944752,S24_3856,"VIDA SPORT, LTD",0897-034555,GRENZACHERWEG 237,GENSVE,1203,SWITZERLAND,EMEA,HOLZ,MICHAEL,MEDIUM,2004,2,1
10226,0.6557377049180328,1.0,0.2941176470588235,0.9170148575552356,2004-02-26,SHIPPED,1,2,2004,CLASSIC CARS,0.5966850828729282,S18_3685,COLLECTABLE MINI DESIGNS CO.,7605558146,361 FURTH CIRCLE,SAN DIEGO,91217,USA,DESCONOCIDO,THOMPSON,VALARIE,LARGE,2004,2,1
10226,0.6885245901639344,0.8918216630196938,0.058823529411764705,0.5263042541320174,2004-02-26,SHIPPED,1,2,2004,CLASSIC CARS,0.4088397790055248,S24_3432,COLLECTABLE MINI DESIGNS CO.,7605558146,361 FURTH CIRCLE,SAN DIEGO,91217,USA,DESCONOCIDO,THOMPSON,VALARIE,MEDIUM,2004,2,1
10226,0.2459016393442623,0.45650984682713347,0.0,0.10468512473731162,2004-02-26,SHIPPED,1,2,2004,CLASSIC CARS,0.22099447513812154,S24_1046,COLLECTABLE MINI DESIGNS CO.,7605558146,361 FURTH CIRCLE,SAN DIEGO,91217,USA,DESCONOCIDO,THOMPSON,VALARIE,SMALL,2004,2,1
10226,0.4918032786885246,0.22415207877461707,0.1176470588235294,0.14374308824659465,2004-02-26,SHIPPED,1,2,2004,CLASSIC CARS,0.09392265193370164,S24_1628,COLLECTABLE MINI DESIGNS CO.,7605558146,361 FURTH CIRCLE,SAN DIEGO,91217,USA,DESCONOCIDO,THOMPSON,VALARIE,SMALL,2004,2,1
10226,0.29508196721311475,1.0,0.23529411764705882,0.36741026831802587,2004-02-26,SHIPPED,1,2,2004,CLASSIC CARS,0.5469613259668508,S18_2870,COLLECTABLE MINI DESIGNS CO.,7605558146,361 FURTH CIRCLE,SAN DIEGO,91217,USA,DESCONOCIDO,THOMPSON,VALARIE,MEDIUM,2004,2,1
10226,0.5245901639344263,1.0,0.1764705882352941,0.49169921385591486,2004-02-26,SHIPPED,1,2,2004,CLASSIC CARS,0.5027624309392266,S18_1589,COLLECTABLE MINI DESIGNS CO.,7605558146,361 FURTH CIRCLE,SAN DIEGO,91217,USA,DESCONOCIDO,THOMPSON,VALARIE,MEDIUM,2004,2,1
10226,0.29508196721311475,1.0,0.3529411764705882,0.45570965122999973,2004-02-26,SHIPPED,1,2,2004,CLASSIC CARS,0.6022099447513812,S18_1984,COLLECTABLE MINI DESIGNS CO.,7605558146,361 FURTH CIRCLE,SAN DIEGO,91217,USA,DESCONOCIDO,THOMPSON,VALARIE,MEDIUM,2004,2,1
10227,0.4098360655737705,0.2959518599562364,0.058823529411764705,0.1365799224213104,2004-03-02,SHIPPED,1,3,2004,VINTAGE CARS,0.11049723756906077,S18_1367,"SAVELEY & HENRIOT, CO.",78.32.5555,"2, RUE DU COMMERCE",LYON,69004,FRANCE,EMEA,SAVELEY,MARY,SMALL,2004,3,1
10227,0.4426229508196722,1.0,0.7058823529411764,0.5156356808515614,2004-03-02,SHIPPED,1,3,2004,CLASSIC CARS,0.4640883977900553,S24_2887,"SAVELEY & HENRIOT, CO.",78.32.5555,"2, RUE DU COMMERCE",LYON,69004,FRANCE,EMEA,SAVELEY,MARY,MEDIUM,2004,3,1
10227,0.5081967213114754,0.42190919037199115,0.6470588235294117,0.22102643087912494,2004-03-02,SHIPPED,1,3,2004,CLASSIC CARS,0.2099447513812155,S18_4933,"SAVELEY & HENRIOT, CO.",78.32.5555,"2, RUE DU COMMERCE",LYON,69004,FRANCE,EMEA,SAVELEY,MARY,SMALL,2004,3,1
10227,0.4426229508196722,1.0,0.0,0.425624354763806,2004-03-02,SHIPPED,1,3,2004,VINTAGE CARS,0.3646408839779005,S18_3320,"SAVELEY & HENRIOT, CO.",78.32.5555,"2, RUE DU COMMERCE",LYON,69004,FRANCE,EMEA,SAVELEY,MARY,MEDIUM,2004,3,1
10227,0.6557377049180328,1.0,0.3529411764705882,0.8734291317668363,2004-03-02,SHIPPED,1,3,2004,VINTAGE CARS,0.5193370165745856,S18_2325,"SAVELEY & HENRIOT, CO.",78.32.5555,"2, RUE DU COMMERCE",LYON,69004,FRANCE,EMEA,SAVELEY,MARY,LARGE,2004,3,1
10227,0.29508196721311475,0.2940371991247265,0.23529411764705882,0.09074100678562955,2004-03-02,SHIPPED,1,3,2004,VINTAGE CARS,0.06077348066298344,S24_2022,"SAVELEY & HENRIOT, CO.",78.32.5555,"2, RUE DU COMMERCE",LYON,69004,FRANCE,EMEA,SAVELEY,MARY,SMALL,2004,3,1
10227,0.3770491803278689,1.0,0.1764705882352941,0.6811542586424064,2004-03-02,SHIPPED,1,3,2004,VINTAGE CARS,0.7458563535911602,S18_2795,"SAVELEY & HENRIOT, CO.",78.32.5555,"2, RUE DU COMMERCE",LYON,69004,FRANCE,EMEA,SAVELEY,MARY,MEDIUM,2004,3,1
10227,0.34426229508196726,0.2327680525164113,0.4117647058823529,0.09397244987621486,2004-03-02,SHIPPED,1,3,2004,VINTAGE CARS,0.04419889502762431,S24_3969,"SAVELEY & HENRIOT, CO.",78.32.5555,"2, RUE DU COMMERCE",LYON,69004,FRANCE,EMEA,SAVELEY,MARY,SMALL,2004,3,1
10227,0.6721311475409837,0.8378008752735229,0.7647058823529411,0.489186760170927,2004-03-02,SHIPPED,1,3,2004,CLASSIC CARS,0.3149171270718232,S24_2766,"SAVELEY & HENRIOT, CO.",78.32.5555,"2, RUE DU COMMERCE",LYON,69004,FRANCE,EMEA,SAVELEY,MARY,MEDIUM,2004,3,1
10227,0.5573770491803279,0.7212800875273524,0.8235294117647058,0.3611879362130775,2004-03-02,SHIPPED,1,3,2004,CLASSIC CARS,0.287292817679558,S24_3191,"SAVELEY & HENRIOT, CO.",78.32.5555,"2, RUE DU COMMERCE",LYON,69004,FRANCE,EMEA,SAVELEY,MARY,MEDIUM,2004,3,1
10227,0.36065573770491804,0.32781728665207877,0.47058823529411764,0.1258458649756606,2004-03-02,SHIPPED,1,3,2004,VINTAGE CARS,0.14917127071823205,S18_2248,"SAVELEY & HENRIOT, CO.",78.32.5555,"2, RUE DU COMMERCE",LYON,69004,FRANCE,EMEA,SAVELEY,MARY,SMALL,2004,3,1
10227,0.3278688524590164,1.0,0.5294117647058824,0.4317504652382655,2004-03-02,SHIPPED,1,3,2004,VINTAGE CARS,0.7569060773480663,S18_1749,"SAVELEY & HENRIOT, CO.",78.32.5555,"2, RUE DU COMMERCE",LYON,69004,FRANCE,EMEA,SAVELEY,MARY,MEDIUM,2004,3,1
10227,0.459016393442623,1.0,0.5882352941176471,0.4122575665950573,2004-03-02,SHIPPED,1,3,2004,VINTAGE CARS,0.32596685082872934,S18_4409,"SAVELEY & HENRIOT, CO.",78.32.5555,"2, RUE DU COMMERCE",LYON,69004,FRANCE,EMEA,SAVELEY,MARY,MEDIUM,2004,3,1
10227,0.5901639344262295,0.03186542669584247,0.2941176470588235,0.09952123056774101,2004-03-02,SHIPPED,1,3,2004,VINTAGE CARS,0.0,S24_1937,"SAVELEY & HENRIOT, CO.",78.32.5555,"2, RUE DU COMMERCE",LYON,69004,FRANCE,EMEA,SAVELEY,MARY,SMALL,2004,3,1
10227,0.3114754098360656,1.0,0.1176470588235294,0.3303101477068849,2004-03-02,SHIPPED,1,3,2004,VINTAGE CARS,0.3812154696132597,S18_1342,"SAVELEY & HENRIOT, CO.",78.32.5555,"2, RUE DU COMMERCE",LYON,69004,FRANCE,EMEA,SAVELEY,MARY,SMALL,2004,3,1
10228,0.639344262295082,0.5036925601750547,0.23529411764705882,0.318710095586835,2004-03-10,SHIPPED,1,3,2004,VINTAGE CARS,0.16022099447513816,S18_2957,CAMBRIDGE COLLECTABLES CO.,6175555555,4658 BADEN AV.,CAMBRIDGE,51247,USA,DESCONOCIDO,TSENG,KYUNG,SMALL,2004,3,1
10228,0.4098360655737705,1.0,0.1764705882352941,0.36075092964127375,2004-03-10,SHIPPED,1,3,2004,VINTAGE CARS,0.39226519337016574,S18_3136,CAMBRIDGE COLLECTABLES CO.,6175555555,4658 BADEN AV.,CAMBRIDGE,51247,USA,DESCONOCIDO,TSENG,KYUNG,MEDIUM,2004,3,1
10228,0.3770491803278689,1.0,0.058823529411764705,0.7993211029404395,2004-03-10,SHIPPED,1,3,2004,CLASSIC CARS,0.9999999999999999,S10_1949,CAMBRIDGE COLLECTABLES CO.,6175555555,4658 BADEN AV.,CAMBRIDGE,51247,USA,DESCONOCIDO,TSENG,KYUNG,MEDIUM,2004,3,1
10228,0.4426229508196722,1.0,0.2941176470588235,0.39082820763826015,2004-03-10,SHIPPED,1,3,2004,VINTAGE CARS,0.35359116022099446,S24_4258,CAMBRIDGE COLLECTABLES CO.,6175555555,4658 BADEN AV.,CAMBRIDGE,51247,USA,DESCONOCIDO,TSENG,KYUNG,MEDIUM,2004,3,1
10228,0.42622950819672134,1.0,0.0,0.384601866298708,2004-03-10,SHIPPED,1,3,2004,TRUCKS AND BUSES,0.45856353591160215,S18_1097,CAMBRIDGE COLLECTABLES CO.,6175555555,4658 BADEN AV.,CAMBRIDGE,51247,USA,DESCONOCIDO,TSENG,KYUNG,MEDIUM,2004,3,1
10228,0.29508196721311475,1.0,0.1176470588235294,0.27025849540107383,2004-03-10,SHIPPED,1,3,2004,VINTAGE CARS,0.37569060773480667,S18_2949,CAMBRIDGE COLLECTABLES CO.,6175555555,4658 BADEN AV.,CAMBRIDGE,51247,USA,DESCONOCIDO,TSENG,KYUNG,SMALL,2004,3,1
10229,0.5409836065573771,0.18285010940919033,0.7647058823529411,0.14535079132267992,2004-03-11,SHIPPED,1,3,2004,VINTAGE CARS,0.09392265193370164,S18_4668,MINI GIFTS DISTRIBUTORS LTD.,4155551450,5677 STRONG ST.,SAN RAFAEL,97562,USA,DESCONOCIDO,NELSON,VALARIE,SMALL,2004,3,1
10229,0.36065573770491804,0.4467997811816192,0.3529411764705882,0.158400849957736,2004-03-11,SHIPPED,1,3,2004,TRUCKS AND BUSES,0.14917127071823205,S18_2432,MINI GIFTS DISTRIBUTORS LTD.,4155551450,5677 STRONG ST.,SAN RAFAEL,97562,USA,DESCONOCIDO,NELSON,VALARIE,SMALL,2004,3,1
10229,0.3114754098360656,1.0,0.4117647058823529,0.308827332288705,2004-03-11,SHIPPED,1,3,2004,TRUCKS AND BUSES,0.34806629834254144,S32_1268,MINI GIFTS DISTRIBUTORS LTD.,4155551450,5677 STRONG ST.,SAN RAFAEL,97562,USA,DESCONOCIDO,NELSON,VALARIE,SMALL,2004,3,1
10229,0.3114754098360656,1.0,0.7058823529411764,0.3967632112632764,2004-03-11,SHIPPED,1,3,2004,TRUCKS AND BUSES,0.569060773480663,S12_1666,MINI GIFTS DISTRIBUTORS LTD.,4155551450,5677 STRONG ST.,SAN RAFAEL,97562,USA,DESCONOCIDO,NELSON,VALARIE,MEDIUM,2004,3,1
10229,0.4918032786885246,1.0,0.0,0.5398875409693661,2004-03-11,SHIPPED,1,3,2004,TRUCKS AND BUSES,0.4696132596685083,S12_4473,MINI GIFTS DISTRIBUTORS LTD.,4155551450,5677 STRONG ST.,SAN RAFAEL,97562,USA,DESCONOCIDO,NELSON,VALARIE,MEDIUM,2004,3,1
10229,0.7213114754098361,1.0,0.5882352941176471,0.685829026190325,2004-03-11,SHIPPED,1,3,2004,CLASSIC CARS,0.37569060773480667,S700_2824,MINI GIFTS DISTRIBUTORS LTD.,4155551450,5677 STRONG ST.,SAN RAFAEL,97562,USA,DESCONOCIDO,NELSON,VALARIE,MEDIUM,2004,3,1
10229,0.3934426229508197,0.6312910284463896,0.6470588235294117,0.22840208613840546,2004-03-11,SHIPPED,1,3,2004,TRUCKS AND BUSES,0.1712707182320442,S32_3522,MINI GIFTS DISTRIBUTORS LTD.,4155551450,5677 STRONG ST.,SAN RAFAEL,97562,USA,DESCONOCIDO,NELSON,VALARIE,SMALL,2004,3,1
10229,0.4426229508196722,0.08205689277899347,0.058823529411764705,0.08057358783063656,2004-03-11,SHIPPED,1,3,2004,CLASSIC CARS,0.011049723756906105,S24_2840,MINI GIFTS DISTRIBUTORS LTD.,4155551450,5677 STRONG ST.,SAN RAFAEL,97562,USA,DESCONOCIDO,NELSON,VALARIE,SMALL,2004,3,1
10229,0.26229508196721313,1.0,0.23529411764705882,0.49318797630542355,2004-03-11,SHIPPED,1,3,2004,CLASSIC CARS,0.7513812154696132,S18_3232,MINI GIFTS DISTRIBUTORS LTD.,4155551450,5677 STRONG ST.,SAN RAFAEL,97562,USA,DESCONOCIDO,NELSON,VALARIE,MEDIUM,2004,3,1
10229,0.27868852459016397,0.3724015317286652,0.1176470588235294,0.10188801539546088,2004-03-11,SHIPPED,1,3,2004,TRUCKS AND BUSES,0.11602209944751385,S32_2509,MINI GIFTS DISTRIBUTORS LTD.,4155551450,5677 STRONG ST.,SAN RAFAEL,97562,USA,DESCONOCIDO,NELSON,VALARIE,SMALL,2004,3,1
10229,0.6885245901639344,1.0,0.2941176470588235,0.6978994951705428,2004-03-11,SHIPPED,1,3,2004,TRUCKS AND BUSES,0.5193370165745856,S24_2300,MINI GIFTS DISTRIBUTORS LTD.,4155551450,5677 STRONG ST.,SAN RAFAEL,97562,USA,DESCONOCIDO,NELSON,VALARIE,MEDIUM,2004,3,1
10229,0.7213114754098361,1.0,0.47058823529411764,0.7944124633739714,2004-03-11,SHIPPED,1,3,2004,CLASSIC CARS,0.6298342541436464,S10_4962,MINI GIFTS DISTRIBUTORS LTD.,4155551450,5677 STRONG ST.,SAN RAFAEL,97562,USA,DESCONOCIDO,NELSON,VALARIE,MEDIUM,2004,3,1
10229,0.3278688524590164,1.0,0.1764705882352941,0.43876929861781644,2004-03-11,SHIPPED,1,3,2004,TRUCKS AND BUSES,0.4917127071823204,S18_2319,MINI GIFTS DISTRIBUTORS LTD.,4155551450,5677 STRONG ST.,SAN RAFAEL,97562,USA,DESCONOCIDO,NELSON,VALARIE,MEDIUM,2004,3,1
10229,0.5737704918032788,1.0,0.5294117647058824,0.5658500078514177,2004-03-11,SHIPPED,1,3,2004,TRUCKS AND BUSES,0.4861878453038674,S18_4600,MINI GIFTS DISTRIBUTORS LTD.,4155551450,5677 STRONG ST.,SAN RAFAEL,97562,USA,DESCONOCIDO,NELSON,VALARIE,MEDIUM,2004,3,1
10230,0.7049180327868853,1.0,0.4117647058823529,0.9112161679067453,2004-03-15,SHIPPED,1,3,2004,CLASSIC CARS,0.718232044198895,S18_2238,"BLAUER SEE AUTO, CO.",+49 69 66 90 2555,LYONERSTR. 34,FRANKFURT,60528,GERMANY,EMEA,KEITEL,ROLAND,LARGE,2004,3,1
10230,0.4918032786885246,0.3754102844638949,0.2941176470588235,0.19695364990695235,2004-03-15,SHIPPED,1,3,2004,CLASSIC CARS,0.13259668508287292,S24_1444,"BLAUER SEE AUTO, CO.",+49 69 66 90 2555,LYONERSTR. 34,FRANKFURT,60528,GERMANY,EMEA,KEITEL,ROLAND,SMALL,2004,3,1
10230,0.6065573770491803,0.34545951859956237,0.058823529411764705,0.2351937295570798,2004-03-15,SHIPPED,1,3,2004,TRAINS,0.13812154696132595,S50_1514,"BLAUER SEE AUTO, CO.",+49 69 66 90 2555,LYONERSTR. 34,FRANKFURT,60528,GERMANY,EMEA,KEITEL,ROLAND,SMALL,2004,3,1
10230,0.6065573770491803,1.0,0.0,0.873235352094324,2004-03-15,SHIPPED,1,3,2004,CLASSIC CARS,0.6519337016574586,S12_3148,"BLAUER SEE AUTO, CO.",+49 69 66 90 2555,LYONERSTR. 34,FRANKFURT,60528,GERMANY,EMEA,KEITEL,ROLAND,LARGE,2004,3,1
10230,0.5901639344262295,1.0,0.1176470588235294,0.9028996789271289,2004-03-15,SHIPPED,1,3,2004,CLASSIC CARS,0.6077348066298343,S18_4027,"BLAUER SEE AUTO, CO.",+49 69 66 90 2555,LYONERSTR. 34,FRANKFURT,60528,GERMANY,EMEA,KEITEL,ROLAND,LARGE,2004,3,1
10230,0.639344262295082,1.0,0.23529411764705882,0.5686457807817339,2004-03-15,SHIPPED,1,3,2004,CLASSIC CARS,0.4696132596685083,S24_4048,"BLAUER SEE AUTO, CO.",+49 69 66 90 2555,LYONERSTR. 34,FRANKFURT,60528,GERMANY,EMEA,KEITEL,ROLAND,MEDIUM,2004,3,1
10230,0.6557377049180328,0.46526258205689275,0.1764705882352941,0.3099499179777421,2004-03-15,SHIPPED,1,3,2004,TRAINS,0.16022099447513816,S32_3207,"BLAUER SEE AUTO, CO.",+49 69 66 90 2555,LYONERSTR. 34,FRANKFURT,60528,GERMANY,EMEA,KEITEL,ROLAND,SMALL,2004,3,1
10230,0.459016393442623,1.0,0.3529411764705882,0.46678315720542984,2004-03-15,SHIPPED,1,3,2004,TRUCKS AND BUSES,0.4530386740331491,S50_1392,"BLAUER SEE AUTO, CO.",+49 69 66 90 2555,LYONERSTR. 34,FRANKFURT,60528,GERMANY,EMEA,KEITEL,ROLAND,MEDIUM,2004,3,1
10231,0.5901639344262295,1.0,0.058823529411764705,1.0,2004-03-19,SHIPPED,1,3,2004,CLASSIC CARS,0.9613259668508286,S12_1108,CAF IMPORTS,+34 913 728 555,"MERCHANTS HOUSE, 27-30 MERCHANT'S QUAY",MADRID,28023,SPAIN,EMEA,FERNANDEZ,JESUS,LARGE,2004,3,1
10231,0.7049180327868853,1.0,0.0,0.8646569264539322,2004-03-19,SHIPPED,1,3,2004,CLASSIC CARS,0.7734806629834254,S12_3891,CAF IMPORTS,+34 913 728 555,"MERCHANTS HOUSE, 27-30 MERCHANT'S QUAY",MADRID,28023,SPAIN,EMEA,FERNANDEZ,JESUS,MEDIUM,2004,3,1
10232,0.6557377049180328,1.0,0.1764705882352941,0.6910330127059326,2004-03-20,SHIPPED,1,3,2004,SHIPS,0.4917127071823204,S24_2011,GIFTSBYMAIL.CO.UK,(198) 555-8888,GARDEN HOUSE CROWTHER WAY,COWES,PO31 7PJ,UK,EMEA,BENNETT,HELEN,MEDIUM,2004,3,1
10232,0.6885245901639344,0.9425601750547046,0.4117647058823529,0.5501030707396035,2004-03-20,SHIPPED,1,3,2004,TRAINS,0.37016574585635353,S18_3259,GIFTSBYMAIL.CO.UK,(198) 555-8888,GARDEN HOUSE CROWTHER WAY,COWES,PO31 7PJ,UK,EMEA,BENNETT,HELEN,MEDIUM,2004,3,1
10232,0.27868852459016397,0.8568107221006565,0.23529411764705882,0.21076011747057388,2004-03-20,SHIPPED,1,3,2004,VINTAGE CARS,0.2983425414364641,S18_4522,GIFTSBYMAIL.CO.UK,(198) 555-8888,GARDEN HOUSE CROWTHER WAY,COWES,PO31 7PJ,UK,EMEA,BENNETT,HELEN,SMALL,2004,3,1
10232,0.3278688524590164,0.8405361050328228,0.3529411764705882,0.24251993758958135,2004-03-20,SHIPPED,1,3,2004,SHIPS,0.2928176795580111,S700_1938,GIFTSBYMAIL.CO.UK,(198) 555-8888,GARDEN HOUSE CROWTHER WAY,COWES,PO31 7PJ,UK,EMEA,BENNETT,HELEN,SMALL,2004,3,1
10232,0.29508196721311475,0.31195295404814005,0.1176470588235294,0.09494268465031122,2004-03-20,SHIPPED,1,3,2004,SHIPS,0.11602209944751385,S72_3212,GIFTSBYMAIL.CO.UK,(198) 555-8888,GARDEN HOUSE CROWTHER WAY,COWES,PO31 7PJ,UK,EMEA,BENNETT,HELEN,SMALL,2004,3,1
10232,0.47540983606557385,0.7597100656455142,0.058823529411764705,0.32112900046440307,2004-03-20,SHIPPED,1,3,2004,SHIPS,0.3646408839779005,S700_3962,GIFTSBYMAIL.CO.UK,(198) 555-8888,GARDEN HOUSE CROWTHER WAY,COWES,PO31 7PJ,UK,EMEA,BENNETT,HELEN,SMALL,2004,3,1
10232,0.6885245901639344,0.9474835886214441,0.0,0.552412389871337,2004-03-20,SHIPPED,1,3,2004,SHIPS,0.37016574585635353,S700_3505,GIFTSBYMAIL.CO.UK,(198) 555-8888,GARDEN HOUSE CROWTHER WAY,COWES,PO31 7PJ,UK,EMEA,BENNETT,HELEN,MEDIUM,2004,3,1
10232,0.26229508196721313,1.0,0.2941176470588235,0.41748026287214884,2004-03-20,SHIPPED,1,3,2004,VINTAGE CARS,0.569060773480663,S18_3140,GIFTSBYMAIL.CO.UK,(198) 555-8888,GARDEN HOUSE CROWTHER WAY,COWES,PO31 7PJ,UK,EMEA,BENNETT,HELEN,MEDIUM,2004,3,1
10233,0.5573770491803279,0.9276531728665207,0.058823529411764705,0.44185373643959924,2004-03-29,SHIPPED,1,3,2004,VINTAGE CARS,0.30386740331491713,S24_3151,TEKNI COLLECTABLES INC.,2015559350,7476 MOSS RD.,NEWARK,94019,USA,DESCONOCIDO,BROWN,WILLIAM,MEDIUM,2004,3,1
10233,0.4918032786885246,0.5988785557986871,0.1176470588235294,0.2755667220163777,2004-03-29,SHIPPED,1,3,2004,SHIPS,0.18232044198895025,S700_1138,TEKNI COLLECTABLES INC.,2015559350,7476 MOSS RD.,NEWARK,94019,USA,DESCONOCIDO,BROWN,WILLIAM,SMALL,2004,3,1
10233,0.3770491803278689,0.7592997811816193,0.0,0.2549164909842337,2004-03-29,SHIPPED,1,3,2004,SHIPS,0.2154696132596685,S700_2610,TEKNI COLLECTABLES INC.,2015559350,7476 MOSS RD.,NEWARK,94019,USA,DESCONOCIDO,BROWN,WILLIAM,SMALL,2004,3,1
10235,0.42622950819672134,0.8905908096280089,0.47058823529411764,0.32900714646068113,2004-04-02,SHIPPED,2,4,2004,PLANES,0.2596685082872928,S700_3167,"ROYAL CANADIAN COLLECTABLES, LTD.",(604) 555-4555,23 TSAWASSEN BLVD.,TSAWASSEN,T2F 8M4,CANADA,DESCONOCIDO,LINCOLN,ELIZABETH,SMALL,2004,4,2
10235,0.3114754098360656,1.0,0.4117647058823529,0.28039517689077176,2004-04-02,SHIPPED,2,4,2004,PLANES,0.3204419889502762,S700_1691,"ROYAL CANADIAN COLLECTABLES, LTD.",(604) 555-4555,23 TSAWASSEN BLVD.,TSAWASSEN,T2F 8M4,CANADA,DESCONOCIDO,LINCOLN,ELIZABETH,SMALL,2004,4,2
10235,0.459016393442623,0.624589715536105,0.5882352941176471,0.2652202239157526,2004-04-02,SHIPPED,2,4,2004,PLANES,0.22651933701657456,S700_4002,"ROYAL CANADIAN COLLECTABLES, LTD.",(604) 555-4555,23 TSAWASSEN BLVD.,TSAWASSEN,T2F 8M4,CANADA,DESCONOCIDO,LINCOLN,ELIZABETH,SMALL,2004,4,2
10235,0.27868852459016397,0.9492614879649892,0.23529411764705882,0.2315386440100365,2004-04-02,SHIPPED,2,4,2004,PLANES,0.419889502762431,S24_1785,"ROYAL CANADIAN COLLECTABLES, LTD.",(604) 555-4555,23 TSAWASSEN BLVD.,TSAWASSEN,T2F 8M4,CANADA,DESCONOCIDO,LINCOLN,ELIZABETH,SMALL,2004,4,2
10235,0.5737704918032788,0.11583698030634576,0.3529411764705882,0.1292603964464817,2004-04-02,SHIPPED,2,4,2004,VINTAGE CARS,0.05524861878453041,S50_1341,"ROYAL CANADIAN COLLECTABLES, LTD.",(604) 555-4555,23 TSAWASSEN BLVD.,TSAWASSEN,T2F 8M4,CANADA,DESCONOCIDO,LINCOLN,ELIZABETH,SMALL,2004,4,2
10235,0.5737704918032788,1.0,0.0,0.4938521728381038,2004-04-02,SHIPPED,2,4,2004,MOTORCYCLES,0.3646408839779005,S32_1374,"ROYAL CANADIAN COLLECTABLES, LTD.",(604) 555-4555,23 TSAWASSEN BLVD.,TSAWASSEN,T2F 8M4,CANADA,DESCONOCIDO,LINCOLN,ELIZABETH,MEDIUM,2004,4,2
10235,0.5245901639344263,0.8461433260393874,0.5294117647058824,0.386272380716918,2004-04-02,SHIPPED,2,4,2004,PLANES,0.3646408839779005,S700_2466,"ROYAL CANADIAN COLLECTABLES, LTD.",(604) 555-4555,23 TSAWASSEN BLVD.,TSAWASSEN,T2F 8M4,CANADA,DESCONOCIDO,LINCOLN,ELIZABETH,MEDIUM,2004,4,2
10235,0.3114754098360656,0.9467997811816193,0.058823529411764705,0.25667387215219056,2004-04-02,SHIPPED,2,4,2004,PLANES,0.4696132596685083,S700_2834,"ROYAL CANADIAN COLLECTABLES, LTD.",(604) 555-4555,23 TSAWASSEN BLVD.,TSAWASSEN,T2F 8M4,CANADA,DESCONOCIDO,LINCOLN,ELIZABETH,SMALL,2004,4,2
10235,0.29508196721311475,0.6721827133479212,0.1176470588235294,0.17942527621955906,2004-04-02,SHIPPED,2,4,2004,PLANES,0.281767955801105,S18_2581,"ROYAL CANADIAN COLLECTABLES, LTD.",(604) 555-4555,23 TSAWASSEN BLVD.,TSAWASSEN,T2F 8M4,CANADA,DESCONOCIDO,LINCOLN,ELIZABETH,SMALL,2004,4,2
10235,0.4426229508196722,0.4536378555798687,0.6470588235294117,0.200397582431534,2004-04-02,SHIPPED,2,4,2004,PLANES,0.19337016574585636,S24_3949,"ROYAL CANADIAN COLLECTABLES, LTD.",(604) 555-4555,23 TSAWASSEN BLVD.,TSAWASSEN,T2F 8M4,CANADA,DESCONOCIDO,LINCOLN,ELIZABETH,SMALL,2004,4,2
10235,0.459016393442623,0.6954321663019694,0.2941176470588235,0.2887571038625635,2004-04-02,SHIPPED,2,4,2004,VINTAGE CARS,0.19337016574585636,S32_4289,"ROYAL CANADIAN COLLECTABLES, LTD.",(604) 555-4555,23 TSAWASSEN BLVD.,TSAWASSEN,T2F 8M4,CANADA,DESCONOCIDO,LINCOLN,ELIZABETH,SMALL,2004,4,2
10235,0.5573770491803279,0.7420678336980306,0.1764705882352941,0.3693133183432506,2004-04-02,SHIPPED,2,4,2004,PLANES,0.2154696132596685,S24_4278,"ROYAL CANADIAN COLLECTABLES, LTD.",(604) 555-4555,23 TSAWASSEN BLVD.,TSAWASSEN,T2F 8M4,CANADA,DESCONOCIDO,LINCOLN,ELIZABETH,MEDIUM,2004,4,2
10236,0.27868852459016397,0.3944201312910284,0.058823529411764705,0.106836747307966,2004-04-03,SHIPPED,2,4,2004,MOTORCYCLES,0.14917127071823205,S18_2625,MOTOR MINT DISTRIBUTORS INC.,2155559857,11328 DOUGLAS AV.,PHILADELPHIA,71270,USA,DESCONOCIDO,HERNANDEZ,ROSA,SMALL,2004,4,2
10236,0.4918032786885246,0.8304157549234135,0.1176470588235294,0.35701833222522544,2004-04-03,SHIPPED,2,4,2004,MOTORCYCLES,0.23756906077348067,S24_2000,MOTOR MINT DISTRIBUTORS INC.,2155559857,11328 DOUGLAS AV.,PHILADELPHIA,71270,USA,DESCONOCIDO,HERNANDEZ,ROSA,MEDIUM,2004,4,2
10236,0.26229508196721313,1.0,0.0,0.31672285163493247,2004-04-03,SHIPPED,2,4,2004,MOTORCYCLES,0.4696132596685083,S10_2016,MOTOR MINT DISTRIBUTORS INC.,2155559857,11328 DOUGLAS AV.,PHILADELPHIA,71270,USA,DESCONOCIDO,HERNANDEZ,ROSA,SMALL,2004,4,2
10237,0.34426229508196726,1.0,0.23529411764705882,0.35167803173309187,2004-04-05,SHIPPED,2,4,2004,MOTORCYCLES,0.3812154696132597,S32_4485,VITACHROME INC.,2125551500,2678 KINGSTON RD.,NYC,10022,USA,DESCONOCIDO,FRICK,MICHAEL,MEDIUM,2004,4,2
10237,0.2295081967213115,1.0,0.4117647058823529,0.24280860248104802,2004-04-05,SHIPPED,2,4,2004,MOTORCYCLES,0.43646408839779005,S24_1578,VITACHROME INC.,2125551500,2678 KINGSTON RD.,NYC,10022,USA,DESCONOCIDO,FRICK,MICHAEL,SMALL,2004,4,2
10237,0.42622950819672134,1.0,0.2941176470588235,0.49596236665118654,2004-04-05,SHIPPED,2,4,2004,MOTORCYCLES,0.6464088397790055,S12_2823,VITACHROME INC.,2125551500,2678 KINGSTON RD.,NYC,10022,USA,DESCONOCIDO,FRICK,MICHAEL,MEDIUM,2004,4,2
10237,0.27868852459016397,1.0,0.3529411764705882,0.24736843863699387,2004-04-05,SHIPPED,2,4,2004,MOTORCYCLES,0.3425414364640884,S10_1678,VITACHROME INC.,2125551500,2678 KINGSTON RD.,NYC,10022,USA,DESCONOCIDO,FRICK,MICHAEL,SMALL,2004,4,2
10237,0.3278688524590164,0.18257658643326036,0.058823529411764705,0.07535356437661414,2004-04-05,SHIPPED,2,4,2004,MOTORCYCLES,0.03867403314917128,S32_2206,VITACHROME INC.,2125551500,2678 KINGSTON RD.,NYC,10022,USA,DESCONOCIDO,FRICK,MICHAEL,SMALL,2004,4,2
10237,0.5409836065573771,1.0,0.47058823529411764,0.874249688449061,2004-04-05,SHIPPED,2,4,2004,MOTORCYCLES,0.8839779005524863,S10_4698,VITACHROME INC.,2125551500,2678 KINGSTON RD.,NYC,10022,USA,DESCONOCIDO,FRICK,MICHAEL,LARGE,2004,4,2
10237,0.3278688524590164,0.7216903719912473,0.1764705882352941,0.21232505537755297,2004-04-05,SHIPPED,2,4,2004,MOTORCYCLES,0.19889502762430938,S24_2360,VITACHROME INC.,2125551500,2678 KINGSTON RD.,NYC,10022,USA,DESCONOCIDO,FRICK,MICHAEL,SMALL,2004,4,2
10237,0.2295081967213115,0.5670131291028446,0.1176470588235294,0.11822831922862326,2004-04-05,SHIPPED,2,4,2004,MOTORCYCLES,0.26519337016574585,S50_4713,VITACHROME INC.,2125551500,2678 KINGSTON RD.,NYC,10022,USA,DESCONOCIDO,FRICK,MICHAEL,SMALL,2004,4,2
10237,0.3278688524590164,0.34655361050328226,0.0,0.11701485755523555,2004-04-05,SHIPPED,2,4,2004,MOTORCYCLES,0.16022099447513816,S18_3782,VITACHROME INC.,2125551500,2678 KINGSTON RD.,NYC,10022,USA,DESCONOCIDO,FRICK,MICHAEL,SMALL,2004,4,2
10238,0.3770491803278689,1.0,0.0,0.3588599073198601,2004-04-09,SHIPPED,2,4,2004,CLASSIC CARS,0.4640883977900553,S12_3380,DANISH WHOLESALE IMPORTS,31 12 3555,VINB'LTET 34,KOBENHAVN,1734,DENMARK,EMEA,PETERSEN,JYTTE,MEDIUM,2004,4,2
10238,0.2295081967213115,0.647292122538293,0.1764705882352941,0.13391779064445106,2004-04-09,SHIPPED,2,4,2004,CLASSIC CARS,0.2541436464088398,S12_3990,DANISH WHOLESALE IMPORTS,31 12 3555,VINB'LTET 34,KOBENHAVN,1734,DENMARK,EMEA,PETERSEN,JYTTE,SMALL,2004,4,2
10238,0.5737704918032788,0.6330689277899344,0.2941176470588235,0.33648704181965794,2004-04-09,SHIPPED,2,4,2004,CLASSIC CARS,0.2596685082872928,S18_3278,DANISH WHOLESALE IMPORTS,31 12 3555,VINB'LTET 34,KOBENHAVN,1734,DENMARK,EMEA,PETERSEN,JYTTE,SMALL,2004,4,2
10238,0.6721311475409837,0.4864606126914661,0.058823529411764705,0.3278244222525885,2004-04-09,SHIPPED,2,4,2004,CLASSIC CARS,0.15469613259668508,S24_3371,DANISH WHOLESALE IMPORTS,31 12 3555,VINB'LTET 34,KOBENHAVN,1734,DENMARK,EMEA,PETERSEN,JYTTE,SMALL,2004,4,2
10238,0.6229508196721312,1.0,0.4117647058823529,0.7843172106418451,2004-04-09,SHIPPED,2,4,2004,CLASSIC CARS,0.6353591160220994,S18_4721,DANISH WHOLESALE IMPORTS,31 12 3555,VINB'LTET 34,KOBENHAVN,1734,DENMARK,EMEA,PETERSEN,JYTTE,MEDIUM,2004,4,2
10238,0.36065573770491804,1.0,0.1176470588235294,0.7073078323739013,2004-04-09,SHIPPED,2,4,2004,CLASSIC CARS,0.8895027624309392,S12_1099,DANISH WHOLESALE IMPORTS,31 12 3555,VINB'LTET 34,KOBENHAVN,1734,DENMARK,EMEA,PETERSEN,JYTTE,MEDIUM,2004,4,2
10238,0.7049180327868853,1.0,0.23529411764705882,0.8114837843165424,2004-04-09,SHIPPED,2,4,2004,CLASSIC CARS,0.6243093922651933,S18_3482,DANISH WHOLESALE IMPORTS,31 12 3555,VINB'LTET 34,KOBENHAVN,1734,DENMARK,EMEA,PETERSEN,JYTTE,MEDIUM,2004,4,2
10238,0.26229508196721313,0.9147975929978118,0.3529411764705882,0.21126127179603688,2004-04-09,SHIPPED,2,4,2004,CLASSIC CARS,0.2596685082872928,S24_4620,DANISH WHOLESALE IMPORTS,31 12 3555,VINB'LTET 34,KOBENHAVN,1734,DENMARK,EMEA,PETERSEN,JYTTE,SMALL,2004,4,2
10239,0.2295081967213115,0.24179431072210067,0.058823529411764705,0.05466858664457133,2004-04-12,SHIPPED,2,4,2004,CLASSIC CARS,0.022099447513812154,S24_2972,"OULU TOY SUPPLIES, INC.",981-443655,TORIKATU 38,OULU,90110,FINLAND,EMEA,KOSKITALO,PIRKKO,SMALL,2004,4,2
10239,0.6557377049180328,0.6433260393873086,0.1764705882352941,0.38999027760608607,2004-04-12,SHIPPED,2,4,2004,CLASSIC CARS,0.2430939226519337,S18_1889,"OULU TOY SUPPLIES, INC.",981-443655,TORIKATU 38,OULU,90110,FINLAND,EMEA,KOSKITALO,PIRKKO,MEDIUM,2004,4,2
10239,0.6721311475409837,1.0,0.0,0.8821973278451366,2004-04-12,SHIPPED,2,4,2004,CLASSIC CARS,0.7513812154696132,S18_3232,"OULU TOY SUPPLIES, INC.",981-443655,TORIKATU 38,OULU,90110,FINLAND,EMEA,KOSKITALO,PIRKKO,LARGE,2004,4,2
10239,0.2459016393442623,0.9080962800875274,0.23529411764705882,0.19735457336732276,2004-04-12,SHIPPED,2,4,2004,CLASSIC CARS,0.4530386740331491,S12_4675,"OULU TOY SUPPLIES, INC.",981-443655,TORIKATU 38,OULU,90110,FINLAND,EMEA,KOSKITALO,PIRKKO,SMALL,2004,4,2
10239,0.3770491803278689,1.0,0.1176470588235294,0.53423051094354,2004-04-12,SHIPPED,2,4,2004,CLASSIC CARS,0.5911602209944752,S24_3856,"OULU TOY SUPPLIES, INC.",981-443655,TORIKATU 38,OULU,90110,FINLAND,EMEA,KOSKITALO,PIRKKO,MEDIUM,2004,4,2
10241,0.5901639344262295,0.8658369803063457,0.1176470588235294,0.4417976071551474,2004-04-13,SHIPPED,2,4,2004,VINTAGE CARS,0.32596685082872934,S18_4409,MINI CARAVY,88.60.1555,"24, PLACE KLUBER",STRASBOURG,67000,FRANCE,EMEA,CITEAUX,FREDERIQUE,MEDIUM,2004,4,2
10241,0.36065573770491804,0.9815371991247266,0.23529411764705882,0.3047111847622357,2004-04-13,SHIPPED,2,4,2004,CLASSIC CARS,0.4640883977900553,S24_2887,MINI CARAVY,88.60.1555,"24, PLACE KLUBER",STRASBOURG,67000,FRANCE,EMEA,CITEAUX,FREDERIQUE,SMALL,2004,4,2
10241,0.3934426229508197,0.548550328227571,0.1764705882352941,0.2041462167859971,2004-04-13,SHIPPED,2,4,2004,CLASSIC CARS,0.2099447513812155,S18_4933,MINI CARAVY,88.60.1555,"24, PLACE KLUBER",STRASBOURG,67000,FRANCE,EMEA,CITEAUX,FREDERIQUE,SMALL,2004,4,2
10240,0.5081967213114754,1.0,0.058823529411764705,0.6741113698552332,2004-04-13,SHIPPED,2,4,2004,CLASSIC CARS,0.6022099447513812,S18_1984,OSAKA SOUVENIERS CO.,+81 06 6342 5555,"DOJIMA AVANZA 4F, 1-6-20 DOJIMA, KITA-KU",OSAKA,530-0003,JAPAN,JAPAN,KENTARY,MORY,MEDIUM,2004,4,2
10241,0.2459016393442623,1.0,0.5882352941176471,0.2708278067147997,2004-04-13,SHIPPED,2,4,2004,CLASSIC CARS,0.5027624309392266,S18_1589,MINI CARAVY,88.60.1555,"24, PLACE KLUBER",STRASBOURG,67000,FRANCE,EMEA,CITEAUX,FREDERIQUE,SMALL,2004,4,2
10241,0.4426229508196722,0.625957330415755,0.0,0.2559655740388695,2004-04-13,SHIPPED,2,4,2004,VINTAGE CARS,0.14917127071823205,S18_2248,MINI CARAVY,88.60.1555,"24, PLACE KLUBER",STRASBOURG,67000,FRANCE,EMEA,CITEAUX,FREDERIQUE,SMALL,2004,4,2
10241,0.5737704918032788,1.0,0.058823529411764705,0.9508795258411875,2004-04-13,SHIPPED,2,4,2004,VINTAGE CARS,0.7569060773480663,S18_1749,MINI CARAVY,88.60.1555,"24, PLACE KLUBER",STRASBOURG,67000,FRANCE,EMEA,CITEAUX,FREDERIQUE,LARGE,2004,4,2
10241,0.6229508196721312,1.0,0.6470588235294117,0.8514692174308156,2004-04-13,SHIPPED,2,4,2004,CLASSIC CARS,0.5469613259668508,S18_2870,MINI CARAVY,88.60.1555,"24, PLACE KLUBER",STRASBOURG,67000,FRANCE,EMEA,CITEAUX,FREDERIQUE,MEDIUM,2004,4,2
10240,0.5081967213114754,1.0,0.0,0.73196462518668,2004-04-13,SHIPPED,2,4,2004,CLASSIC CARS,0.5966850828729282,S18_3685,OSAKA SOUVENIERS CO.,+81 06 6342 5555,"DOJIMA AVANZA 4F, 1-6-20 DOJIMA, KITA-KU",OSAKA,530-0003,JAPAN,JAPAN,KENTARY,MORY,MEDIUM,2004,4,2
10241,0.34426229508196726,0.8185175054704596,0.47058823529411764,0.24851641614518777,2004-04-13,SHIPPED,2,4,2004,CLASSIC CARS,0.4088397790055248,S24_3432,MINI CARAVY,88.60.1555,"24, PLACE KLUBER",STRASBOURG,67000,FRANCE,EMEA,CITEAUX,FREDERIQUE,SMALL,2004,4,2
10241,0.26229508196721313,0.6776531728665209,0.4117647058823529,0.16027984457533853,2004-04-13,SHIPPED,2,4,2004,CLASSIC CARS,0.22099447513812154,S24_1046,MINI CARAVY,88.60.1555,"24, PLACE KLUBER",STRASBOURG,67000,FRANCE,EMEA,CITEAUX,FREDERIQUE,SMALL,2004,4,2
10241,0.2459016393442623,0.18285010940919033,0.5294117647058824,0.048527775643231574,2004-04-13,SHIPPED,2,4,2004,CLASSIC CARS,0.09392265193370164,S24_1628,MINI CARAVY,88.60.1555,"24, PLACE KLUBER",STRASBOURG,67000,FRANCE,EMEA,CITEAUX,FREDERIQUE,SMALL,2004,4,2
10240,0.5737704918032788,1.0,0.1176470588235294,0.6878189429652968,2004-04-13,SHIPPED,2,4,2004,CLASSIC CARS,0.5966850828729282,S18_1129,OSAKA SOUVENIERS CO.,+81 06 6342 5555,"DOJIMA AVANZA 4F, 1-6-20 DOJIMA, KITA-KU",OSAKA,530-0003,JAPAN,JAPAN,KENTARY,MORY,MEDIUM,2004,4,2
10241,0.3278688524590164,0.7446663019693653,0.3529411764705882,0.2181625009605458,2004-04-13,SHIPPED,2,4,2004,CLASSIC CARS,0.287292817679558,S24_3191,MINI CARAVY,88.60.1555,"24, PLACE KLUBER",STRASBOURG,67000,FRANCE,EMEA,CITEAUX,FREDERIQUE,SMALL,2004,4,2
10241,0.6721311475409837,0.9247811816192559,0.2941176470588235,0.5291347737622324,2004-04-13,SHIPPED,2,4,2004,CLASSIC CARS,0.3149171270718232,S24_2766,MINI CARAVY,88.60.1555,"24, PLACE KLUBER",STRASBOURG,67000,FRANCE,EMEA,CITEAUX,FREDERIQUE,MEDIUM,2004,4,2
10242,0.6557377049180328,0.13744529540481398,0.0,0.16259450935321024,2004-04-20,SHIPPED,2,4,2004,VINTAGE CARS,0.04419889502762431,S24_3969,MICROSCALE INC.,2125551957,5290 NORTH PENDALE STREET,NYC,10022,USA,DESCONOCIDO,KUO,KEE,SMALL,2004,4,2
10243,0.4426229508196722,0.036378555798687096,0.0,0.06584365989662858,2004-04-26,SHIPPED,2,4,2004,VINTAGE CARS,0.0,S24_1937,DIECAST COLLECTABLES,6175552555,6251 INGLE LN.,BOSTON,51003,USA,DESCONOCIDO,FRANCO,VALARIE,SMALL,2004,4,2
10243,0.6721311475409837,1.0,0.058823529411764705,0.7580193044646168,2004-04-26,SHIPPED,2,4,2004,VINTAGE CARS,0.5193370165745856,S18_2325,DIECAST COLLECTABLES,6175552555,6251 INGLE LN.,BOSTON,51003,USA,DESCONOCIDO,FRANCO,VALARIE,MEDIUM,2004,4,2
10244,0.3770491803278689,1.0,0.058823529411764705,0.3819972002178351,2004-04-29,SHIPPED,2,4,2004,VINTAGE CARS,0.39226519337016574,S18_3136,EURO SHOPPING CHANNEL,(91) 555 94 44,"C/ MORALZARZAL, 86",MADRID,28034,SPAIN,EMEA,FREYRE,DIEGO,MEDIUM,2004,4,2
10244,0.5409836065573771,0.25123085339168494,0.47058823529411764,0.17141081624675503,2004-04-29,SHIPPED,2,4,2004,VINTAGE CARS,0.06077348066298344,S24_2022,EURO SHOPPING CHANNEL,(91) 555 94 44,"C/ MORALZARZAL, 86",MADRID,28034,SPAIN,EMEA,FREYRE,DIEGO,SMALL,2004,4,2
10244,0.5573770491803279,0.8178336980306347,0.1764705882352941,0.3989281979492765,2004-04-29,SHIPPED,2,4,2004,VINTAGE CARS,0.35359116022099446,S24_4258,EURO SHOPPING CHANNEL,(91) 555 94 44,"C/ MORALZARZAL, 86",MADRID,28034,SPAIN,EMEA,FREYRE,DIEGO,MEDIUM,2004,4,2
10244,0.29508196721311475,0.4268326039387309,0.1176470588235294,0.12188474118720119,2004-04-29,SHIPPED,2,4,2004,VINTAGE CARS,0.16022099447513816,S18_2957,EURO SHOPPING CHANNEL,(91) 555 94 44,"C/ MORALZARZAL, 86",MADRID,28034,SPAIN,EMEA,FREYRE,DIEGO,SMALL,2004,4,2
10244,0.6065573770491803,1.0,0.4117647058823529,0.7307778917439837,2004-04-29,SHIPPED,2,4,2004,VINTAGE CARS,0.7458563535911602,S18_2795,EURO SHOPPING CHANNEL,(91) 555 94 44,"C/ MORALZARZAL, 86",MADRID,28034,SPAIN,EMEA,FREYRE,DIEGO,MEDIUM,2004,4,2
10244,0.3934426229508197,1.0,0.0,0.40673284131115334,2004-04-29,SHIPPED,2,4,2004,VINTAGE CARS,0.37569060773480667,S18_2949,EURO SHOPPING CHANNEL,(91) 555 94 44,"C/ MORALZARZAL, 86",MADRID,28034,SPAIN,EMEA,FREYRE,DIEGO,MEDIUM,2004,4,2
10244,0.5573770491803279,1.0,0.3529411764705882,0.5616496663982707,2004-04-29,SHIPPED,2,4,2004,VINTAGE CARS,0.3812154696132597,S18_1342,EURO SHOPPING CHANNEL,(91) 555 94 44,"C/ MORALZARZAL, 86",MADRID,28034,SPAIN,EMEA,FREYRE,DIEGO,MEDIUM,2004,4,2
10244,0.4918032786885246,0.7856947483588621,0.23529411764705882,0.3412860956402915,2004-04-29,SHIPPED,2,4,2004,VINTAGE CARS,0.3646408839779005,S18_3320,EURO SHOPPING CHANNEL,(91) 555 94 44,"C/ MORALZARZAL, 86",MADRID,28034,SPAIN,EMEA,FREYRE,DIEGO,MEDIUM,2004,4,2
10244,0.2295081967213115,0.4286105032822757,0.2941176470588235,0.09117934976896785,2004-04-29,SHIPPED,2,4,2004,VINTAGE CARS,0.11049723756906077,S18_1367,EURO SHOPPING CHANNEL,(91) 555 94 44,"C/ MORALZARZAL, 86",MADRID,28034,SPAIN,EMEA,FREYRE,DIEGO,SMALL,2004,4,2
10245,0.6229508196721312,0.5782275711159737,0.23529411764705882,0.3422429662990421,2004-05-04,SHIPPED,2,5,2004,TRUCKS AND BUSES,0.1712707182320442,S32_3522,SUPER SCALE INC.,2035559545,567 NORTH PENDALE STREET,NEW HAVEN,97823,USA,DESCONOCIDO,MURPHY,LESLIE,MEDIUM,2004,5,2
10245,0.3770491803278689,1.0,0.4117647058823529,0.3967632112632764,2004-05-04,SHIPPED,2,5,2004,TRUCKS AND BUSES,0.45856353591160215,S18_1097,SUPER SCALE INC.,2035559545,567 NORTH PENDALE STREET,NEW HAVEN,97823,USA,DESCONOCIDO,MURPHY,LESLIE,MEDIUM,2004,5,2
10245,0.459016393442623,1.0,0.47058823529411764,0.7534968878316389,2004-05-04,SHIPPED,2,5,2004,CLASSIC CARS,0.9999999999999999,S10_1949,SUPER SCALE INC.,2035559545,567 NORTH PENDALE STREET,NEW HAVEN,97823,USA,DESCONOCIDO,MURPHY,LESLIE,MEDIUM,2004,5,2
10245,0.639344262295082,0.4511761487964989,0.3529411764705882,0.29561690426950077,2004-05-04,SHIPPED,2,5,2004,VINTAGE CARS,0.09392265193370164,S18_4668,SUPER SCALE INC.,2035559545,567 NORTH PENDALE STREET,NEW HAVEN,97823,USA,DESCONOCIDO,MURPHY,LESLIE,SMALL,2004,5,2
10245,0.5081967213114754,1.0,0.0,0.48799200825902334,2004-05-04,SHIPPED,2,5,2004,TRUCKS AND BUSES,0.34806629834254144,S32_1268,SUPER SCALE INC.,2035559545,567 NORTH PENDALE STREET,NEW HAVEN,97823,USA,DESCONOCIDO,MURPHY,LESLIE,MEDIUM,2004,5,2
10245,0.6229508196721312,1.0,0.1764705882352941,0.5541657618046901,2004-05-04,SHIPPED,2,5,2004,CLASSIC CARS,0.37569060773480667,S700_2824,SUPER SCALE INC.,2035559545,567 NORTH PENDALE STREET,NEW HAVEN,97823,USA,DESCONOCIDO,MURPHY,LESLIE,MEDIUM,2004,5,2
10245,0.5245901639344263,1.0,0.2941176470588235,0.7267766756094871,2004-05-04,SHIPPED,2,5,2004,TRUCKS AND BUSES,0.569060773480663,S12_1666,SUPER SCALE INC.,2035559545,567 NORTH PENDALE STREET,NEW HAVEN,97823,USA,DESCONOCIDO,MURPHY,LESLIE,MEDIUM,2004,5,2
10245,0.2459016393442623,1.0,0.1176470588235294,0.2549993484993769,2004-05-04,SHIPPED,2,5,2004,TRUCKS AND BUSES,0.4861878453038674,S18_4600,SUPER SCALE INC.,2035559545,567 NORTH PENDALE STREET,NEW HAVEN,97823,USA,DESCONOCIDO,MURPHY,LESLIE,SMALL,2004,5,2
10245,0.36065573770491804,1.0,0.058823529411764705,0.5492103478345122,2004-05-04,SHIPPED,2,5,2004,CLASSIC CARS,0.6298342541436464,S10_4962,SUPER SCALE INC.,2035559545,567 NORTH PENDALE STREET,NEW HAVEN,97823,USA,DESCONOCIDO,MURPHY,LESLIE,MEDIUM,2004,5,2
10247,0.34426229508196726,1.0,0.0,0.4912114236457974,2004-05-05,SHIPPED,2,5,2004,CLASSIC CARS,0.7734806629834254,S12_3891,SUOMINEN SOUVENIERS,+358 9 8045 555,"SOFTWARE ENGINEERING CENTER, SEC OY",ESPOO,FIN-02271,FINLAND,EMEA,SUOMINEN,KALLE,MEDIUM,2004,5,2
10246,0.5573770491803279,1.0,0.1764705882352941,0.8108102329031202,2004-05-05,SHIPPED,2,5,2004,CLASSIC CARS,0.718232044198895,S18_2238,EURO SHOPPING CHANNEL,(91) 555 94 44,"C/ MORALZARZAL, 86",MADRID,28034,SPAIN,EMEA,FREYRE,DIEGO,MEDIUM,2004,5,2
10246,0.4918032786885246,1.0,0.47058823529411764,0.8887871731220913,2004-05-05,SHIPPED,2,5,2004,CLASSIC CARS,0.7513812154696132,S18_3232,EURO SHOPPING CHANNEL,(91) 555 94 44,"C/ MORALZARZAL, 86",MADRID,28034,SPAIN,EMEA,FREYRE,DIEGO,LARGE,2004,5,2
10247,0.6229508196721312,1.0,0.058823529411764705,1.0,2004-05-05,SHIPPED,2,5,2004,CLASSIC CARS,0.9613259668508286,S12_1108,SUOMINEN SOUVENIERS,+358 9 8045 555,"SOFTWARE ENGINEERING CENTER, SEC OY",ESPOO,FIN-02271,FINLAND,EMEA,SUOMINEN,KALLE,LARGE,2004,5,2
10246,0.6557377049180328,1.0,0.23529411764705882,0.613082800717653,2004-05-05,SHIPPED,2,5,2004,TRUCKS AND BUSES,0.4696132596685083,S12_4473,EURO SHOPPING CHANNEL,(91) 555 94 44,"C/ MORALZARZAL, 86",MADRID,28034,SPAIN,EMEA,FREYRE,DIEGO,MEDIUM,2004,5,2
10246,0.26229508196721313,1.0,0.1176470588235294,0.32692501728982426,2004-05-05,SHIPPED,2,5,2004,TRUCKS AND BUSES,0.4530386740331491,S50_1392,EURO SHOPPING CHANNEL,(91) 555 94 44,"C/ MORALZARZAL, 86",MADRID,28034,SPAIN,EMEA,FREYRE,DIEGO,SMALL,2004,5,2
10246,0.47540983606557385,0.2984135667396062,0.3529411764705882,0.1633589367509831,2004-05-05,SHIPPED,2,5,2004,TRUCKS AND BUSES,0.11602209944751385,S32_2509,EURO SHOPPING CHANNEL,(91) 555 94 44,"C/ MORALZARZAL, 86",MADRID,28034,SPAIN,EMEA,FREYRE,DIEGO,SMALL,2004,5,2
10247,0.7049180327868853,0.5056072210065645,0.1764705882352941,0.3536839854464784,2004-05-05,SHIPPED,2,5,2004,TRAINS,0.13812154696132595,S50_1514,SUOMINEN SOUVENIERS,+358 9 8045 555,"SOFTWARE ENGINEERING CENTER, SEC OY",ESPOO,FIN-02271,FINLAND,EMEA,SUOMINEN,KALLE,MEDIUM,2004,5,2
10246,0.26229508196721313,0.975109409190372,0.4117647058823529,0.22422713650441517,2004-05-05,SHIPPED,2,5,2004,TRUCKS AND BUSES,0.4917127071823204,S18_2319,EURO SHOPPING CHANNEL,(91) 555 94 44,"C/ MORALZARZAL, 86",MADRID,28034,SPAIN,EMEA,FREYRE,DIEGO,SMALL,2004,5,2
10246,0.6557377049180328,1.0,0.0,0.7790036383804029,2004-05-05,SHIPPED,2,5,2004,CLASSIC CARS,0.4696132596685083,S24_4048,EURO SHOPPING CHANNEL,(91) 555 94 44,"C/ MORALZARZAL, 86",MADRID,28034,SPAIN,EMEA,FREYRE,DIEGO,MEDIUM,2004,5,2
10246,0.6229508196721312,0.3517505470459519,0.058823529411764705,0.24486667624428265,2004-05-05,SHIPPED,2,5,2004,CLASSIC CARS,0.13259668508287292,S24_1444,EURO SHOPPING CHANNEL,(91) 555 94 44,"C/ MORALZARZAL, 86",MADRID,28034,SPAIN,EMEA,FREYRE,DIEGO,SMALL,2004,5,2
10247,0.5573770491803279,0.31222647702407,0.2941176470588235,0.20129966021736734,2004-05-05,SHIPPED,2,5,2004,TRAINS,0.16022099447513816,S32_3207,SUOMINEN SOUVENIERS,+358 9 8045 555,"SOFTWARE ENGINEERING CENTER, SEC OY",ESPOO,FIN-02271,FINLAND,EMEA,SUOMINEN,KALLE,SMALL,2004,5,2
10246,0.3934426229508197,0.4801695842450766,0.5882352941176471,0.18410004376747777,2004-05-05,SHIPPED,2,5,2004,TRUCKS AND BUSES,0.14917127071823205,S18_2432,EURO SHOPPING CHANNEL,(91) 555 94 44,"C/ MORALZARZAL, 86",MADRID,28034,SPAIN,EMEA,FREYRE,DIEGO,SMALL,2004,5,2
10246,0.7049180327868853,0.12568380743982493,0.2941176470588235,0.17176897453801926,2004-05-05,SHIPPED,2,5,2004,CLASSIC CARS,0.011049723756906105,S24_2840,EURO SHOPPING CHANNEL,(91) 555 94 44,"C/ MORALZARZAL, 86",MADRID,28034,SPAIN,EMEA,FREYRE,DIEGO,SMALL,2004,5,2
10247,0.6885245901639344,1.0,0.23529411764705882,0.8384472234379855,2004-05-05,SHIPPED,2,5,2004,CLASSIC CARS,0.6077348066298343,S18_4027,SUOMINEN SOUVENIERS,+358 9 8045 555,"SOFTWARE ENGINEERING CENTER, SEC OY",ESPOO,FIN-02271,FINLAND,EMEA,SUOMINEN,KALLE,MEDIUM,2004,5,2
10246,0.3770491803278689,1.0,0.5294117647058824,0.4060646355438694,2004-05-05,SHIPPED,2,5,2004,TRUCKS AND BUSES,0.5193370165745856,S24_2300,EURO SHOPPING CHANNEL,(91) 555 94 44,"C/ MORALZARZAL, 86",MADRID,28034,SPAIN,EMEA,FREYRE,DIEGO,MEDIUM,2004,5,2
10247,0.3114754098360656,1.0,0.1176470588235294,0.5210828942664605,2004-05-05,SHIPPED,2,5,2004,CLASSIC CARS,0.6519337016574586,S12_3148,SUOMINEN SOUVENIERS,+358 9 8045 555,"SOFTWARE ENGINEERING CENTER, SEC OY",ESPOO,FIN-02271,FINLAND,EMEA,SUOMINEN,KALLE,MEDIUM,2004,5,2
10248,0.4918032786885246,0.6080415754923414,0.2941176470588235,0.2787901466377556,2004-05-07,CANCELLED,2,5,2004,SHIPS,0.18232044198895025,S700_1138,LAND OF TOYS INC.,2125557818,897 LONG AIRPORT AVENUE,NYC,10022,USA,DESCONOCIDO,YU,KWAI,SMALL,2004,5,2
10248,0.2295081967213115,1.0,0.1176470588235294,0.3245168037045328,2004-05-07,CANCELLED,2,5,2004,CLASSIC CARS,0.569060773480663,S10_4757,LAND OF TOYS INC.,2125557818,897 LONG AIRPORT AVENUE,NYC,10022,USA,DESCONOCIDO,YU,KWAI,SMALL,2004,5,2
10248,0.27868852459016397,0.6760120350109409,0.058823529411764705,0.17012518835050067,2004-05-07,CANCELLED,2,5,2004,VINTAGE CARS,0.27624309392265195,S24_3816,LAND OF TOYS INC.,2125557818,897 LONG AIRPORT AVENUE,NYC,10022,USA,DESCONOCIDO,YU,KWAI,SMALL,2004,5,2
10248,0.42622950819672134,1.0,0.6470588235294117,0.4437460951725475,2004-05-07,CANCELLED,2,5,2004,VINTAGE CARS,0.569060773480663,S18_3140,LAND OF TOYS INC.,2125557818,897 LONG AIRPORT AVENUE,NYC,10022,USA,DESCONOCIDO,YU,KWAI,MEDIUM,2004,5,2
10248,0.2459016393442623,0.6441466083150986,0.0,0.14318981387128352,2004-05-07,CANCELLED,2,5,2004,SHIPS,0.2928176795580111,S18_3029,LAND OF TOYS INC.,2125557818,897 LONG AIRPORT AVENUE,NYC,10022,USA,DESCONOCIDO,YU,KWAI,SMALL,2004,5,2
10248,0.5901639344262295,1.0,0.7647058823529411,0.6147880618357617,2004-05-07,CANCELLED,2,5,2004,TRAINS,0.37016574585635353,S18_3259,LAND OF TOYS INC.,2125557818,897 LONG AIRPORT AVENUE,NYC,10022,USA,DESCONOCIDO,YU,KWAI,MEDIUM,2004,5,2
10248,0.47540983606557385,0.8682986870897156,0.4117647058823529,0.3582678770100465,2004-05-07,CANCELLED,2,5,2004,SHIPS,0.3646408839779005,S700_3962,LAND OF TOYS INC.,2125557818,897 LONG AIRPORT AVENUE,NYC,10022,USA,DESCONOCIDO,YU,KWAI,MEDIUM,2004,5,2
10248,0.5573770491803279,1.0,0.7058823529411764,0.4911405938344654,2004-05-07,CANCELLED,2,5,2004,SHIPS,0.2928176795580111,S700_1938,LAND OF TOYS INC.,2125557818,897 LONG AIRPORT AVENUE,NYC,10022,USA,DESCONOCIDO,YU,KWAI,MEDIUM,2004,5,2
10248,0.3934426229508197,1.0,0.3529411764705882,0.36928659011255927,2004-05-07,CANCELLED,2,5,2004,SHIPS,0.37016574585635353,S700_3505,LAND OF TOYS INC.,2125557818,897 LONG AIRPORT AVENUE,NYC,10022,USA,DESCONOCIDO,YU,KWAI,MEDIUM,2004,5,2
10248,0.6885245901639344,1.0,0.5294117647058824,0.865774166496831,2004-05-07,CANCELLED,2,5,2004,SHIPS,0.4917127071823204,S24_2011,LAND OF TOYS INC.,2125557818,897 LONG AIRPORT AVENUE,NYC,10022,USA,DESCONOCIDO,YU,KWAI,MEDIUM,2004,5,2
10248,0.42622950819672134,0.6702680525164113,0.1764705882352941,0.2601124590306339,2004-05-07,CANCELLED,2,5,2004,SHIPS,0.2154696132596685,S700_2610,LAND OF TOYS INC.,2125557818,897 LONG AIRPORT AVENUE,NYC,10022,USA,DESCONOCIDO,YU,KWAI,SMALL,2004,5,2
10248,0.5901639344262295,0.6646608315098468,0.5882352941176471,0.35923142972647,2004-05-07,CANCELLED,2,5,2004,VINTAGE CARS,0.2983425414364641,S18_4522,LAND OF TOYS INC.,2125557818,897 LONG AIRPORT AVENUE,NYC,10022,USA,DESCONOCIDO,YU,KWAI,MEDIUM,2004,5,2
10248,0.27868852459016397,0.5284463894967176,0.47058823529411764,0.13695946329712771,2004-05-07,CANCELLED,2,5,2004,SHIPS,0.11602209944751385,S72_3212,LAND OF TOYS INC.,2125557818,897 LONG AIRPORT AVENUE,NYC,10022,USA,DESCONOCIDO,YU,KWAI,SMALL,2004,5,2
10248,0.3934426229508197,1.0,0.23529411764705882,0.34366758099489153,2004-05-07,CANCELLED,2,5,2004,VINTAGE CARS,0.30386740331491713,S24_3151,LAND OF TOYS INC.,2125557818,897 LONG AIRPORT AVENUE,NYC,10022,USA,DESCONOCIDO,YU,KWAI,MEDIUM,2004,5,2
10249,0.3114754098360656,0.5856126914660832,0.058823529411764705,0.16843730058234133,2004-05-08,SHIPPED,2,5,2004,VINTAGE CARS,0.17679558011049723,S24_3420,CAMBRIDGE COLLECTABLES CO.,6175555555,4658 BADEN AV.,CAMBRIDGE,51247,USA,DESCONOCIDO,TSENG,KYUNG,SMALL,2004,5,2
10249,0.42622950819672134,0.4202680525164114,0.1176470588235294,0.18193772990454682,2004-05-08,SHIPPED,2,5,2004,PLANES,0.08839779005524862,S72_1253,CAMBRIDGE COLLECTABLES CO.,6175555555,4658 BADEN AV.,CAMBRIDGE,51247,USA,DESCONOCIDO,TSENG,KYUNG,SMALL,2004,5,2
10249,0.6557377049180328,1.0,0.23529411764705882,0.6840248706186584,2004-05-08,SHIPPED,2,5,2004,VINTAGE CARS,0.39779005524861877,S18_3856,CAMBRIDGE COLLECTABLES CO.,6175555555,4658 BADEN AV.,CAMBRIDGE,51247,USA,DESCONOCIDO,TSENG,KYUNG,MEDIUM,2004,5,2
10249,0.2295081967213115,0.5599015317286651,0.0,0.11683845123267261,2004-05-08,SHIPPED,2,5,2004,PLANES,0.19337016574585636,S24_2841,CAMBRIDGE COLLECTABLES CO.,6175555555,4658 BADEN AV.,CAMBRIDGE,51247,USA,DESCONOCIDO,TSENG,KYUNG,SMALL,2004,5,2
10249,0.5573770491803279,0.9446115973741795,0.1764705882352941,0.4484823376510563,2004-05-08,SHIPPED,2,5,2004,SHIPS,0.3149171270718232,S700_2047,CAMBRIDGE COLLECTABLES CO.,6175555555,4658 BADEN AV.,CAMBRIDGE,51247,USA,DESCONOCIDO,TSENG,KYUNG,MEDIUM,2004,5,2
10250,0.6229508196721312,1.0,0.1176470588235294,0.7448609964952608,2004-05-11,SHIPPED,2,5,2004,PLANES,0.4696132596685083,S700_2834,THE SHARP GIFTS WAREHOUSE,4085553659,3086 INGLE LN.,SAN JOSE,94217,USA,DESCONOCIDO,FRICK,SUE,MEDIUM,2004,5,2
10250,0.42622950819672134,0.8304157549234135,0.0,0.3101904720539643,2004-05-11,SHIPPED,2,5,2004,MOTORCYCLES,0.23756906077348067,S24_2000,THE SHARP GIFTS WAREHOUSE,4085553659,3086 INGLE LN.,SAN JOSE,94217,USA,DESCONOCIDO,FRICK,SUE,SMALL,2004,5,2
10250,0.5245901639344263,0.48290481400437635,0.6470588235294117,0.2513910373560434,2004-05-11,SHIPPED,2,5,2004,PLANES,0.22651933701657456,S700_4002,THE SHARP GIFTS WAREHOUSE,4085553659,3086 INGLE LN.,SAN JOSE,94217,USA,DESCONOCIDO,FRICK,SUE,SMALL,2004,5,2
10250,0.7213114754098361,0.46963894967177244,0.3529411764705882,0.3446431614151262,2004-05-11,SHIPPED,2,5,2004,VINTAGE CARS,0.19337016574585636,S32_4289,THE SHARP GIFTS WAREHOUSE,4085553659,3086 INGLE LN.,SAN JOSE,94217,USA,DESCONOCIDO,FRICK,SUE,MEDIUM,2004,5,2
10250,0.4098360655737705,0.8445021881838073,0.2941176470588235,0.30275066904102454,2004-05-11,SHIPPED,2,5,2004,PLANES,0.419889502762431,S24_1785,THE SHARP GIFTS WAREHOUSE,4085553659,3086 INGLE LN.,SAN JOSE,94217,USA,DESCONOCIDO,FRICK,SUE,SMALL,2004,5,2
10250,0.5573770491803279,0.6589168490153172,0.7058823529411764,0.336811789822558,2004-05-11,SHIPPED,2,5,2004,PLANES,0.19337016574585636,S24_3949,THE SHARP GIFTS WAREHOUSE,4085553659,3086 INGLE LN.,SAN JOSE,94217,USA,DESCONOCIDO,FRICK,SUE,MEDIUM,2004,5,2
10250,0.34426229508196726,0.9841356673960613,0.1764705882352941,0.29221306409095615,2004-05-11,SHIPPED,2,5,2004,PLANES,0.281767955801105,S18_2581,THE SHARP GIFTS WAREHOUSE,4085553659,3086 INGLE LN.,SAN JOSE,94217,USA,DESCONOCIDO,FRICK,SUE,SMALL,2004,5,2
10250,0.4918032786885246,0.3425875273522976,0.4117647058823529,0.1854070542482852,2004-05-11,SHIPPED,2,5,2004,VINTAGE CARS,0.05524861878453041,S50_1341,THE SHARP GIFTS WAREHOUSE,4085553659,3086 INGLE LN.,SAN JOSE,94217,USA,DESCONOCIDO,FRICK,SUE,SMALL,2004,5,2
10250,0.4098360655737705,1.0,0.058823529411764705,0.3742152758520459,2004-05-11,SHIPPED,2,5,2004,MOTORCYCLES,0.3646408839779005,S32_1374,THE SHARP GIFTS WAREHOUSE,4085553659,3086 INGLE LN.,SAN JOSE,94217,USA,DESCONOCIDO,FRICK,SUE,MEDIUM,2004,5,2
10250,0.5081967213114754,0.6528993435448578,0.23529411764705882,0.30454279690888014,2004-05-11,SHIPPED,2,5,2004,PLANES,0.2154696132596685,S24_4278,THE SHARP GIFTS WAREHOUSE,4085553659,3086 INGLE LN.,SAN JOSE,94217,USA,DESCONOCIDO,FRICK,SUE,SMALL,2004,5,2
10250,0.639344262295082,1.0,0.7647058823529411,1.0,2004-05-11,SHIPPED,2,5,2004,PLANES,0.6850828729281768,S18_1662,THE SHARP GIFTS WAREHOUSE,4085553659,3086 INGLE LN.,SAN JOSE,94217,USA,DESCONOCIDO,FRICK,SUE,LARGE,2004,5,2
10250,0.6229508196721312,0.5514223194748359,0.5294117647058824,0.33071775322492813,2004-05-11,SHIPPED,2,5,2004,PLANES,0.2596685082872928,S700_3167,THE SHARP GIFTS WAREHOUSE,4085553659,3086 INGLE LN.,SAN JOSE,94217,USA,DESCONOCIDO,FRICK,SUE,SMALL,2004,5,2
10250,0.4098360655737705,0.8815645514223196,0.47058823529411764,0.3139778623429299,2004-05-11,SHIPPED,2,5,2004,PLANES,0.3204419889502762,S700_1691,THE SHARP GIFTS WAREHOUSE,4085553659,3086 INGLE LN.,SAN JOSE,94217,USA,DESCONOCIDO,FRICK,SUE,SMALL,2004,5,2
10250,0.47540983606557385,1.0,0.5882352941176471,0.4579909057195073,2004-05-11,SHIPPED,2,5,2004,PLANES,0.3646408839779005,S700_2466,THE SHARP GIFTS WAREHOUSE,4085553659,3086 INGLE LN.,SAN JOSE,94217,USA,DESCONOCIDO,FRICK,SUE,MEDIUM,2004,5,2
10251,0.3770491803278689,0.4690919037199125,0.2941176470588235,0.17267639796999087,2004-05-18,SHIPPED,2,5,2004,MOTORCYCLES,0.14917127071823205,S18_2625,TEKNI COLLECTABLES INC.,2015559350,7476 MOSS RD.,NEWARK,94019,USA,DESCONOCIDO,BROWN,WILLIAM,SMALL,2004,5,2
10251,0.36065573770491804,1.0,0.058823529411764705,0.36170111824235157,2004-05-18,SHIPPED,2,5,2004,MOTORCYCLES,0.3425414364640884,S10_1678,TEKNI COLLECTABLES INC.,2015559350,7476 MOSS RD.,NEWARK,94019,USA,DESCONOCIDO,BROWN,WILLIAM,MEDIUM,2004,5,2
10251,0.3278688524590164,1.0,0.1176470588235294,0.2880033677570671,2004-05-18,SHIPPED,2,5,2004,MOTORCYCLES,0.43646408839779005,S24_1578,TEKNI COLLECTABLES INC.,2015559350,7476 MOSS RD.,NEWARK,94019,USA,DESCONOCIDO,BROWN,WILLIAM,SMALL,2004,5,2
10251,0.6229508196721312,1.0,0.23529411764705882,0.7048755633809877,2004-05-18,SHIPPED,2,5,2004,MOTORCYCLES,0.4696132596685083,S10_2016,TEKNI COLLECTABLES INC.,2015559350,7476 MOSS RD.,NEWARK,94019,USA,DESCONOCIDO,BROWN,WILLIAM,MEDIUM,2004,5,2
10251,0.6065573770491803,1.0,0.1764705882352941,0.8815104123163687,2004-05-18,SHIPPED,2,5,2004,MOTORCYCLES,0.8839779005524863,S10_4698,TEKNI COLLECTABLES INC.,2015559350,7476 MOSS RD.,NEWARK,94019,USA,DESCONOCIDO,BROWN,WILLIAM,LARGE,2004,5,2
10251,0.6557377049180328,1.0,0.0,0.9448630011125627,2004-05-18,SHIPPED,2,5,2004,MOTORCYCLES,0.6464088397790055,S12_2823,TEKNI COLLECTABLES INC.,2015559350,7476 MOSS RD.,NEWARK,94019,USA,DESCONOCIDO,BROWN,WILLIAM,LARGE,2004,5,2
10252,0.5737704918032788,1.0,0.0,0.837622657521157,2004-05-26,SHIPPED,2,5,2004,CLASSIC CARS,0.6243093922651933,S18_3482,AUTO CANAL PETIT,(1) 47.55.6555,"25, RUE LAURISTON",PARIS,75016,FRANCE,EMEA,PERRIER,DOMINIQUE,MEDIUM,2004,5,2
10252,0.4918032786885246,0.2926695842450766,0.2941176470588235,0.1678466066840623,2004-05-26,SHIPPED,2,5,2004,MOTORCYCLES,0.03867403314917128,S32_2206,AUTO CANAL PETIT,(1) 47.55.6555,"25, RUE LAURISTON",PARIS,75016,FRANCE,EMEA,PERRIER,DOMINIQUE,SMALL,2004,5,2
10252,0.3278688524590164,1.0,0.1764705882352941,0.41124991229799307,2004-05-26,SHIPPED,2,5,2004,CLASSIC CARS,0.6353591160220994,S18_4721,AUTO CANAL PETIT,(1) 47.55.6555,"25, RUE LAURISTON",PARIS,75016,FRANCE,EMEA,PERRIER,DOMINIQUE,MEDIUM,2004,5,2
10252,0.6721311475409837,0.5322757111597374,0.4117647058823529,0.3488662218643609,2004-05-26,SHIPPED,2,5,2004,MOTORCYCLES,0.19889502762430938,S24_2360,AUTO CANAL PETIT,(1) 47.55.6555,"25, RUE LAURISTON",PARIS,75016,FRANCE,EMEA,PERRIER,DOMINIQUE,MEDIUM,2004,5,2
10252,0.3114754098360656,1.0,0.47058823529411764,0.31403933727352,2004-05-26,SHIPPED,2,5,2004,MOTORCYCLES,0.3812154696132597,S32_4485,AUTO CANAL PETIT,(1) 47.55.6555,"25, RUE LAURISTON",PARIS,75016,FRANCE,EMEA,PERRIER,DOMINIQUE,SMALL,2004,5,2
10252,0.4098360655737705,0.3550328227571117,0.23529411764705882,0.15447714569224447,2004-05-26,SHIPPED,2,5,2004,MOTORCYCLES,0.16022099447513816,S18_3782,AUTO CANAL PETIT,(1) 47.55.6555,"25, RUE LAURISTON",PARIS,75016,FRANCE,EMEA,PERRIER,DOMINIQUE,SMALL,2004,5,2
10252,0.2295081967213115,0.6771061269146608,0.058823529411764705,0.13974454493516733,2004-05-26,SHIPPED,2,5,2004,CLASSIC CARS,0.2596685082872928,S18_3278,AUTO CANAL PETIT,(1) 47.55.6555,"25, RUE LAURISTON",PARIS,75016,FRANCE,EMEA,PERRIER,DOMINIQUE,SMALL,2004,5,2
10252,0.5245901639344263,0.826449671772429,0.1176470588235294,0.37895953679976213,2004-05-26,SHIPPED,2,5,2004,CLASSIC CARS,0.2596685082872928,S24_4620,AUTO CANAL PETIT,(1) 47.55.6555,"25, RUE LAURISTON",PARIS,75016,FRANCE,EMEA,PERRIER,DOMINIQUE,MEDIUM,2004,5,2
10252,0.6885245901639344,0.6226750547045952,0.3529411764705882,0.40006147493059013,2004-05-26,SHIPPED,2,5,2004,MOTORCYCLES,0.26519337016574585,S50_4713,AUTO CANAL PETIT,(1) 47.55.6555,"25, RUE LAURISTON",PARIS,75016,FRANCE,EMEA,PERRIER,DOMINIQUE,MEDIUM,2004,5,2
10253,0.5573770491803279,0.21594638949671774,0.3529411764705882,0.16366631140393373,2004-06-01,CANCELLED,2,6,2004,CLASSIC CARS,0.022099447513812154,S24_2972,"UK COLLECTABLES, LTD.",(171) 555-2282,BERKELEY GARDENS 12  BREWERY,LIVERPOOL,WX1 6LT,UK,EMEA,DEVON,ELIZABETH,SMALL,2004,6,2
10253,0.27868852459016397,0.7802242888402626,0.47058823529411764,0.19354713690533865,2004-06-01,CANCELLED,2,6,2004,CLASSIC CARS,0.2430939226519337,S18_1889,"UK COLLECTABLES, LTD.",(171) 555-2282,BERKELEY GARDENS 12  BREWERY,LIVERPOOL,WX1 6LT,UK,EMEA,DEVON,ELIZABETH,SMALL,2004,6,2
10253,0.29508196721311475,1.0,0.7058823529411764,0.45978303358736294,2004-06-01,CANCELLED,2,6,2004,CLASSIC CARS,0.8895027624309392,S12_1099,"UK COLLECTABLES, LTD.",(171) 555-2282,BERKELEY GARDENS 12  BREWERY,LIVERPOOL,WX1 6LT,UK,EMEA,DEVON,ELIZABETH,MEDIUM,2004,6,2
10253,0.3114754098360656,0.8655634573304158,0.7647058823529411,0.23682816086385644,2004-06-01,CANCELLED,2,6,2004,CLASSIC CARS,0.2541436464088398,S12_3990,"UK COLLECTABLES, LTD.",(171) 555-2282,BERKELEY GARDENS 12  BREWERY,LIVERPOOL,WX1 6LT,UK,EMEA,DEVON,ELIZABETH,SMALL,2004,6,2
10253,0.29508196721311475,0.3525711159737417,0.6470588235294117,0.10446862606871157,2004-06-01,CANCELLED,2,6,2004,CLASSIC CARS,0.15469613259668508,S24_3371,"UK COLLECTABLES, LTD.",(171) 555-2282,BERKELEY GARDENS 12  BREWERY,LIVERPOOL,WX1 6LT,UK,EMEA,DEVON,ELIZABETH,SMALL,2004,6,2
10253,0.5081967213114754,1.0,0.058823529411764705,0.6274331877758437,2004-06-01,CANCELLED,2,6,2004,CLASSIC CARS,0.5469613259668508,S18_2870,"UK COLLECTABLES, LTD.",(171) 555-2282,BERKELEY GARDENS 12  BREWERY,LIVERPOOL,WX1 6LT,UK,EMEA,DEVON,ELIZABETH,MEDIUM,2004,6,2
10253,0.5409836065573771,1.0,0.4117647058823529,0.6235522486794584,2004-06-01,CANCELLED,2,6,2004,CLASSIC CARS,0.5911602209944752,S24_3856,"UK COLLECTABLES, LTD.",(171) 555-2282,BERKELEY GARDENS 12  BREWERY,LIVERPOOL,WX1 6LT,UK,EMEA,DEVON,ELIZABETH,MEDIUM,2004,6,2
10253,0.29508196721311475,1.0,0.0,0.38659044666214515,2004-06-01,CANCELLED,2,6,2004,CLASSIC CARS,0.5027624309392266,S18_1589,"UK COLLECTABLES, LTD.",(171) 555-2282,BERKELEY GARDENS 12  BREWERY,LIVERPOOL,WX1 6LT,UK,EMEA,DEVON,ELIZABETH,MEDIUM,2004,6,2
10253,0.4426229508196722,1.0,0.1764705882352941,0.5315563514628695,2004-06-01,CANCELLED,2,6,2004,CLASSIC CARS,0.6022099447513812,S18_1984,"UK COLLECTABLES, LTD.",(171) 555-2282,BERKELEY GARDENS 12  BREWERY,LIVERPOOL,WX1 6LT,UK,EMEA,DEVON,ELIZABETH,MEDIUM,2004,6,2
10253,0.5737704918032788,1.0,0.5294117647058824,0.5918218296142114,2004-06-01,CANCELLED,2,6,2004,CLASSIC CARS,0.4530386740331491,S12_4675,"UK COLLECTABLES, LTD.",(171) 555-2282,BERKELEY GARDENS 12  BREWERY,LIVERPOOL,WX1 6LT,UK,EMEA,DEVON,ELIZABETH,MEDIUM,2004,6,2
10253,0.4098360655737705,1.0,0.1176470588235294,0.4740585815996178,2004-06-01,CANCELLED,2,6,2004,CLASSIC CARS,0.5966850828729282,S18_3685,"UK COLLECTABLES, LTD.",(171) 555-2282,BERKELEY GARDENS 12  BREWERY,LIVERPOOL,WX1 6LT,UK,EMEA,DEVON,ELIZABETH,MEDIUM,2004,6,2
10253,0.5573770491803279,1.0,0.2941176470588235,0.8407993077388252,2004-06-01,CANCELLED,2,6,2004,CLASSIC CARS,0.7513812154696132,S18_3232,"UK COLLECTABLES, LTD.",(171) 555-2282,BERKELEY GARDENS 12  BREWERY,LIVERPOOL,WX1 6LT,UK,EMEA,DEVON,ELIZABETH,MEDIUM,2004,6,2
10253,0.3278688524590164,1.0,0.23529411764705882,0.34377182109458787,2004-06-01,CANCELLED,2,6,2004,CLASSIC CARS,0.5966850828729282,S18_1129,"UK COLLECTABLES, LTD.",(171) 555-2282,BERKELEY GARDENS 12  BREWERY,LIVERPOOL,WX1 6LT,UK,EMEA,DEVON,ELIZABETH,MEDIUM,2004,6,2
10253,0.26229508196721313,1.0,0.5882352941176471,0.2566858998560017,2004-06-01,CANCELLED,2,6,2004,CLASSIC CARS,0.4640883977900553,S12_3380,"UK COLLECTABLES, LTD.",(171) 555-2282,BERKELEY GARDENS 12  BREWERY,LIVERPOOL,WX1 6LT,UK,EMEA,DEVON,ELIZABETH,SMALL,2004,6,2
10255,0.29508196721311475,1.0,0.0,0.4335145284638952,2004-06-04,SHIPPED,2,6,2004,VINTAGE CARS,0.7458563535911602,S18_2795,MINI CARAVY,88.60.1555,"24, PLACE KLUBER",STRASBOURG,67000,FRANCE,EMEA,CITEAUX,FREDERIQUE,MEDIUM,2004,6,2
10255,0.5081967213114754,0.2573851203501094,0.058823529411764705,0.16154141706397068,2004-06-04,SHIPPED,2,6,2004,VINTAGE CARS,0.06077348066298344,S24_2022,MINI CARAVY,88.60.1555,"24, PLACE KLUBER",STRASBOURG,67000,FRANCE,EMEA,CITEAUX,FREDERIQUE,SMALL,2004,6,2
10256,0.3770491803278689,0.3401258205689278,0.0,0.13612955173416103,2004-06-08,SHIPPED,2,6,2004,VINTAGE CARS,0.11049723756906077,S18_1367,DANISH WHOLESALE IMPORTS,31 12 3555,VINB'LTET 34,KOBENHAVN,1734,DENMARK,EMEA,PETERSEN,JYTTE,SMALL,2004,6,2
10256,0.459016393442623,0.9391411378555798,0.058823529411764705,0.3697276059189667,2004-06-08,SHIPPED,2,6,2004,VINTAGE CARS,0.3812154696132597,S18_1342,DANISH WHOLESALE IMPORTS,31 12 3555,VINB'LTET 34,KOBENHAVN,1734,DENMARK,EMEA,PETERSEN,JYTTE,MEDIUM,2004,6,2
10257,0.7213114754098361,0.8378008752735229,0.0,0.5245241539679729,2004-06-14,SHIPPED,2,6,2004,VINTAGE CARS,0.37569060773480667,S18_2949,THE SHARP GIFTS WAREHOUSE,4085553659,3086 INGLE LN.,SAN JOSE,94217,USA,DESCONOCIDO,FRICK,SUE,MEDIUM,2004,6,2
10257,0.3278688524590164,0.8535284463894968,0.23529411764705882,0.24582087407996417,2004-06-14,SHIPPED,2,6,2004,VINTAGE CARS,0.3646408839779005,S18_3320,THE SHARP GIFTS WAREHOUSE,4085553659,3086 INGLE LN.,SAN JOSE,94217,USA,DESCONOCIDO,FRICK,SUE,SMALL,2004,6,2
10257,0.7049180327868853,0.36706783369803064,0.1176470588235294,0.28734852610512884,2004-06-14,SHIPPED,2,6,2004,VINTAGE CARS,0.16022099447513816,S18_2957,THE SHARP GIFTS WAREHOUSE,4085553659,3086 INGLE LN.,SAN JOSE,94217,USA,DESCONOCIDO,FRICK,SUE,SMALL,2004,6,2
10257,0.5081967213114754,0.7923960612691465,0.058823529411764705,0.35497896822347474,2004-06-14,SHIPPED,2,6,2004,VINTAGE CARS,0.39226519337016574,S18_3136,THE SHARP GIFTS WAREHOUSE,4085553659,3086 INGLE LN.,SAN JOSE,94217,USA,DESCONOCIDO,FRICK,SUE,MEDIUM,2004,6,2
10257,0.6557377049180328,0.7112964989059081,0.1764705882352941,0.4205433181093786,2004-06-14,SHIPPED,2,6,2004,VINTAGE CARS,0.35359116022099446,S24_4258,THE SHARP GIFTS WAREHOUSE,4085553659,3086 INGLE LN.,SAN JOSE,94217,USA,DESCONOCIDO,FRICK,SUE,MEDIUM,2004,6,2
10259,0.3770491803278689,1.0,0.058823529411764705,0.343783848798399,2004-06-15,SHIPPED,2,6,2004,TRUCKS AND BUSES,0.4530386740331491,S50_1392,HANDJI GIFTS& CO,+65 224 1555,VILLAGE CLOSE - 106 LINDEN ROAD SANDOWN,SINGAPORE,69045,SINGAPORE,APAC,VICTORINO,WENDY,MEDIUM,2004,6,2
10258,0.2459016393442623,0.4511761487964989,0.1764705882352941,0.10359060369050044,2004-06-15,SHIPPED,2,6,2004,VINTAGE CARS,0.09392265193370164,S18_4668,"TOKYO COLLECTABLES, LTD",+81 3 3584 0555,2-2-8 ROPPONGI,MINATO-KU,106-0032,JAPAN,JAPAN,SHIMAMURA,AKIKO,SMALL,2004,6,2
10258,0.5737704918032788,1.0,0.23529411764705882,0.664312800483781,2004-06-15,SHIPPED,2,6,2004,TRUCKS AND BUSES,0.45856353591160215,S18_1097,"TOKYO COLLECTABLES, LTD",+81 3 3584 0555,2-2-8 ROPPONGI,MINATO-KU,106-0032,JAPAN,JAPAN,SHIMAMURA,AKIKO,MEDIUM,2004,6,2
10258,0.5737704918032788,1.0,0.1176470588235294,0.8267188758106171,2004-06-15,SHIPPED,2,6,2004,TRUCKS AND BUSES,0.569060773480663,S12_1666,"TOKYO COLLECTABLES, LTD",+81 3 3584 0555,2-2-8 ROPPONGI,MINATO-KU,106-0032,JAPAN,JAPAN,SHIMAMURA,AKIKO,MEDIUM,2004,6,2
10259,0.6721311475409837,1.0,0.47058823529411764,0.6419439442181826,2004-06-15,SHIPPED,2,6,2004,TRUCKS AND BUSES,0.5193370165745856,S24_2300,HANDJI GIFTS& CO,+65 224 1555,VILLAGE CLOSE - 106 LINDEN ROAD SANDOWN,SINGAPORE,69045,SINGAPORE,APAC,VICTORINO,WENDY,MEDIUM,2004,6,2
10259,0.5737704918032788,1.0,0.7058823529411764,0.5592200702284261,2004-06-15,SHIPPED,2,6,2004,TRUCKS AND BUSES,0.4861878453038674,S18_4600,HANDJI GIFTS& CO,+65 224 1555,VILLAGE CLOSE - 106 LINDEN ROAD SANDOWN,SINGAPORE,69045,SINGAPORE,APAC,VICTORINO,WENDY,MEDIUM,2004,6,2
10259,0.5573770491803279,0.23181072210065645,0.2941176470588235,0.16986726092432905,2004-06-15,SHIPPED,2,6,2004,TRUCKS AND BUSES,0.11602209944751385,S32_2509,HANDJI GIFTS& CO,+65 224 1555,VILLAGE CLOSE - 106 LINDEN ROAD SANDOWN,SINGAPORE,69045,SINGAPORE,APAC,VICTORINO,WENDY,SMALL,2004,6,2
10258,0.2295081967213115,0.47223741794310714,0.058823529411764705,0.09970565535951142,2004-06-15,SHIPPED,2,6,2004,TRUCKS AND BUSES,0.1712707182320442,S32_3522,"TOKYO COLLECTABLES, LTD",+81 3 3584 0555,2-2-8 ROPPONGI,MINATO-KU,106-0032,JAPAN,JAPAN,SHIMAMURA,AKIKO,SMALL,2004,6,2
10258,0.639344262295082,0.7390590809628008,0.0,0.4222084868814503,2004-06-15,SHIPPED,2,6,2004,CLASSIC CARS,0.37569060773480667,S700_2824,"TOKYO COLLECTABLES, LTD",+81 3 3584 0555,2-2-8 ROPPONGI,MINATO-KU,106-0032,JAPAN,JAPAN,SHIMAMURA,AKIKO,MEDIUM,2004,6,2
10259,0.36065573770491804,0.2727024070021882,0.0,0.11076579721959581,2004-06-15,SHIPPED,2,6,2004,CLASSIC CARS,0.13259668508287292,S24_1444,HANDJI GIFTS& CO,+65 224 1555,VILLAGE CLOSE - 106 LINDEN ROAD SANDOWN,SINGAPORE,69045,SINGAPORE,APAC,VICTORINO,WENDY,SMALL,2004,6,2
10258,0.42622950819672134,1.0,0.2941176470588235,0.962017179570277,2004-06-15,SHIPPED,2,6,2004,CLASSIC CARS,0.9999999999999999,S10_1949,"TOKYO COLLECTABLES, LTD",+81 3 3584 0555,2-2-8 ROPPONGI,MINATO-KU,106-0032,JAPAN,JAPAN,SHIMAMURA,AKIKO,LARGE,2004,6,2
10259,0.34426229508196726,1.0,0.4117647058823529,0.4243855012712615,2004-06-15,SHIPPED,2,6,2004,CLASSIC CARS,0.7513812154696132,S18_3232,HANDJI GIFTS& CO,+65 224 1555,VILLAGE CLOSE - 106 LINDEN ROAD SANDOWN,SINGAPORE,69045,SINGAPORE,APAC,VICTORINO,WENDY,MEDIUM,2004,6,2
10259,0.4098360655737705,0.08698030634573306,0.23529411764705882,0.07327678085189554,2004-06-15,SHIPPED,2,6,2004,CLASSIC CARS,0.011049723756906105,S24_2840,HANDJI GIFTS& CO,+65 224 1555,VILLAGE CLOSE - 106 LINDEN ROAD SANDOWN,SINGAPORE,69045,SINGAPORE,APAC,VICTORINO,WENDY,SMALL,2004,6,2
10259,0.639344262295082,0.8178336980306347,0.5882352941176471,0.45684827385745164,2004-06-15,SHIPPED,2,6,2004,TRUCKS AND BUSES,0.34806629834254144,S32_1268,HANDJI GIFTS& CO,+65 224 1555,VILLAGE CLOSE - 106 LINDEN ROAD SANDOWN,SINGAPORE,69045,SINGAPORE,APAC,VICTORINO,WENDY,MEDIUM,2004,6,2
10259,0.459016393442623,0.9919310722100656,0.3529411764705882,0.38726667089863653,2004-06-15,SHIPPED,2,6,2004,TRUCKS AND BUSES,0.4917127071823204,S18_2319,HANDJI GIFTS& CO,+65 224 1555,VILLAGE CLOSE - 106 LINDEN ROAD SANDOWN,SINGAPORE,69045,SINGAPORE,APAC,VICTORINO,WENDY,MEDIUM,2004,6,2
10259,0.3934426229508197,1.0,0.1176470588235294,0.6970415189653502,2004-06-15,SHIPPED,2,6,2004,CLASSIC CARS,0.718232044198895,S18_2238,HANDJI GIFTS& CO,+65 224 1555,VILLAGE CLOSE - 106 LINDEN ROAD SANDOWN,SINGAPORE,69045,SINGAPORE,APAC,VICTORINO,WENDY,MEDIUM,2004,6,2
10259,0.3278688524590164,1.0,0.6470588235294117,0.47459314621344495,2004-06-15,SHIPPED,2,6,2004,CLASSIC CARS,0.6298342541436464,S10_4962,HANDJI GIFTS& CO,+65 224 1555,VILLAGE CLOSE - 106 LINDEN ROAD SANDOWN,SINGAPORE,69045,SINGAPORE,APAC,VICTORINO,WENDY,MEDIUM,2004,6,2
10259,0.6557377049180328,1.0,0.1764705882352941,0.8097411036754658,2004-06-15,SHIPPED,2,6,2004,TRUCKS AND BUSES,0.4696132596685083,S12_4473,HANDJI GIFTS& CO,+65 224 1555,VILLAGE CLOSE - 106 LINDEN ROAD SANDOWN,SINGAPORE,69045,SINGAPORE,APAC,VICTORINO,WENDY,MEDIUM,2004,6,2
10259,0.3934426229508197,0.3055251641137855,0.5294117647058824,0.1329021178781794,2004-06-15,SHIPPED,2,6,2004,TRUCKS AND BUSES,0.14917127071823205,S18_2432,HANDJI GIFTS& CO,+65 224 1555,VILLAGE CLOSE - 106 LINDEN ROAD SANDOWN,SINGAPORE,69045,SINGAPORE,APAC,VICTORINO,WENDY,SMALL,2004,6,2
10261,0.4918032786885246,1.0,0.4117647058823529,0.5386366597730106,2004-06-17,SHIPPED,2,6,2004,SHIPS,0.4917127071823204,S24_2011,QUEBEC HOME SHOPPING NETWORK,(514) 555-8054,43 RUE ST. LAURENT,MONTREAL,H1J 1C3,CANADA,DESCONOCIDO,FRESNISRE,JEAN,MEDIUM,2004,6,2
10261,0.6229508196721312,0.5715262582056893,0.058823529411764705,0.3393616630305136,2004-06-17,SHIPPED,2,6,2004,SHIPS,0.2154696132596685,S700_2610,QUEBEC HOME SHOPPING NETWORK,(514) 555-8054,43 RUE ST. LAURENT,MONTREAL,H1J 1C3,CANADA,DESCONOCIDO,FRESNISRE,JEAN,MEDIUM,2004,6,2
10261,0.2295081967213115,0.8568107221006565,0.47058823529411764,0.17486544006361318,2004-06-17,SHIPPED,2,6,2004,VINTAGE CARS,0.2983425414364641,S18_4522,QUEBEC HOME SHOPPING NETWORK,(514) 555-8054,43 RUE ST. LAURENT,MONTREAL,H1J 1C3,CANADA,DESCONOCIDO,FRESNISRE,JEAN,SMALL,2004,6,2
10261,0.7213114754098361,0.7460339168490153,0.2941176470588235,0.479687546983218,2004-06-17,SHIPPED,2,6,2004,SHIPS,0.3646408839779005,S700_3962,QUEBEC HOME SHOPPING NETWORK,(514) 555-8054,43 RUE ST. LAURENT,MONTREAL,H1J 1C3,CANADA,DESCONOCIDO,FRESNISRE,JEAN,MEDIUM,2004,6,2
10261,0.459016393442623,0.48030634573304154,0.1764705882352941,0.21728314217080008,2004-06-17,SHIPPED,2,6,2004,SHIPS,0.18232044198895025,S700_1138,QUEBEC HOME SHOPPING NETWORK,(514) 555-8054,43 RUE ST. LAURENT,MONTREAL,H1J 1C3,CANADA,DESCONOCIDO,FRESNISRE,JEAN,SMALL,2004,6,2
10261,0.34426229508196726,1.0,0.0,0.38703948093775997,2004-06-17,SHIPPED,2,6,2004,CLASSIC CARS,0.569060773480663,S10_4757,QUEBEC HOME SHOPPING NETWORK,(514) 555-8054,43 RUE ST. LAURENT,MONTREAL,H1J 1C3,CANADA,DESCONOCIDO,FRESNISRE,JEAN,MEDIUM,2004,6,2
10261,0.3770491803278689,0.3268599562363239,0.3529411764705882,0.13237022608742136,2004-06-17,SHIPPED,2,6,2004,SHIPS,0.11602209944751385,S72_3212,QUEBEC HOME SHOPPING NETWORK,(514) 555-8054,43 RUE ST. LAURENT,MONTREAL,H1J 1C3,CANADA,DESCONOCIDO,FRESNISRE,JEAN,SMALL,2004,6,2
10261,0.3114754098360656,0.8379376367614881,0.23529411764705882,0.23007928261428823,2004-06-17,SHIPPED,2,6,2004,SHIPS,0.37016574585635353,S700_3505,QUEBEC HOME SHOPPING NETWORK,(514) 555-8054,43 RUE ST. LAURENT,MONTREAL,H1J 1C3,CANADA,DESCONOCIDO,FRESNISRE,JEAN,SMALL,2004,6,2
10261,0.26229508196721313,0.8792396061269148,0.1176470588235294,0.20361699781830817,2004-06-17,SHIPPED,2,6,2004,VINTAGE CARS,0.30386740331491713,S24_3151,QUEBEC HOME SHOPPING NETWORK,(514) 555-8054,43 RUE ST. LAURENT,MONTREAL,H1J 1C3,CANADA,DESCONOCIDO,FRESNISRE,JEAN,SMALL,2004,6,2
10262,0.7049180327868853,0.15166849015317285,0.1176470588235294,0.1842109659248469,2004-06-24,CANCELLED,2,6,2004,VINTAGE CARS,0.05524861878453041,S50_1341,EURO SHOPPING CHANNEL,(91) 555 94 44,"C/ MORALZARZAL, 86",MADRID,28034,SPAIN,EMEA,FREYRE,DIEGO,SMALL,2004,6,2
10262,0.5573770491803279,0.7143052516411379,0.058823529411764705,0.35846165668255886,2004-06-24,CANCELLED,2,6,2004,VINTAGE CARS,0.19337016574585636,S32_4289,EURO SHOPPING CHANNEL,(91) 555 94 44,"C/ MORALZARZAL, 86",MADRID,28034,SPAIN,EMEA,FREYRE,DIEGO,MEDIUM,2004,6,2
10262,0.47540983606557385,0.6043490153172866,0.3529411764705882,0.2679932778499811,2004-06-24,CANCELLED,2,6,2004,PLANES,0.22651933701657456,S700_4002,EURO SHOPPING CHANNEL,(91) 555 94 44,"C/ MORALZARZAL, 86",MADRID,28034,SPAIN,EMEA,FREYRE,DIEGO,SMALL,2004,6,2
10262,0.459016393442623,1.0,0.7647058823529411,0.4839587182476972,2004-06-24,CANCELLED,2,6,2004,VINTAGE CARS,0.39779005524861877,S18_3856,EURO SHOPPING CHANNEL,(91) 555 94 44,"C/ MORALZARZAL, 86",MADRID,28034,SPAIN,EMEA,FREYRE,DIEGO,MEDIUM,2004,6,2
10262,0.5573770491803279,0.7815919037199124,0.1764705882352941,0.38476223568285617,2004-06-24,CANCELLED,2,6,2004,PLANES,0.3204419889502762,S700_1691,EURO SHOPPING CHANNEL,(91) 555 94 44,"C/ MORALZARZAL, 86",MADRID,28034,SPAIN,EMEA,FREYRE,DIEGO,MEDIUM,2004,6,2
10262,0.6557377049180328,0.5945021881838074,0.5882352941176471,0.3680437273854111,2004-06-24,CANCELLED,2,6,2004,VINTAGE CARS,0.17679558011049723,S24_3420,EURO SHOPPING CHANNEL,(91) 555 94 44,"C/ MORALZARZAL, 86",MADRID,28034,SPAIN,EMEA,FREYRE,DIEGO,MEDIUM,2004,6,2
10262,0.34426229508196726,0.6717724288840263,0.23529411764705882,0.20979923757721952,2004-06-24,CANCELLED,2,6,2004,PLANES,0.2596685082872928,S700_3167,EURO SHOPPING CHANNEL,(91) 555 94 44,"C/ MORALZARZAL, 86",MADRID,28034,SPAIN,EMEA,FREYRE,DIEGO,SMALL,2004,6,2
10262,0.4426229508196722,0.8734956236323852,0.2941176470588235,0.33578943499861347,2004-06-24,CANCELLED,2,6,2004,PLANES,0.3646408839779005,S700_2466,EURO SHOPPING CHANNEL,(91) 555 94 44,"C/ MORALZARZAL, 86",MADRID,28034,SPAIN,EMEA,FREYRE,DIEGO,SMALL,2004,6,2
10262,0.7049180327868853,0.8250820568927788,0.8823529411764706,0.5066549953392648,2004-06-24,CANCELLED,2,6,2004,VINTAGE CARS,0.27624309392265195,S24_3816,EURO SHOPPING CHANNEL,(91) 555 94 44,"C/ MORALZARZAL, 86",MADRID,28034,SPAIN,EMEA,FREYRE,DIEGO,MEDIUM,2004,6,2
10262,0.6885245901639344,0.4723741794310722,0.4117647058823529,0.32956309365906133,2004-06-24,CANCELLED,2,6,2004,PLANES,0.19337016574585636,S24_3949,EURO SHOPPING CHANNEL,(91) 555 94 44,"C/ MORALZARZAL, 86",MADRID,28034,SPAIN,EMEA,FREYRE,DIEGO,SMALL,2004,6,2
10262,0.2459016393442623,0.41342997811816196,0.6470588235294117,0.09584476243614456,2004-06-24,CANCELLED,2,6,2004,PLANES,0.08839779005524862,S72_1253,EURO SHOPPING CHANNEL,(91) 555 94 44,"C/ MORALZARZAL, 86",MADRID,28034,SPAIN,EMEA,FREYRE,DIEGO,SMALL,2004,6,2
10262,0.29508196721311475,0.550601750547046,0.5294117647058824,0.15091159971801715,2004-06-24,CANCELLED,2,6,2004,PLANES,0.19337016574585636,S24_2841,EURO SHOPPING CHANNEL,(91) 555 94 44,"C/ MORALZARZAL, 86",MADRID,28034,SPAIN,EMEA,FREYRE,DIEGO,SMALL,2004,6,2
10262,0.459016393442623,0.9641684901531729,0.0,0.37804275848704855,2004-06-24,CANCELLED,2,6,2004,PLANES,0.419889502762431,S24_1785,EURO SHOPPING CHANNEL,(91) 555 94 44,"C/ MORALZARZAL, 86",MADRID,28034,SPAIN,EMEA,FREYRE,DIEGO,MEDIUM,2004,6,2
10262,0.7049180327868853,1.0,0.47058823529411764,0.8133173409419697,2004-06-24,CANCELLED,2,6,2004,PLANES,0.6850828729281768,S18_1662,EURO SHOPPING CHANNEL,(91) 555 94 44,"C/ MORALZARZAL, 86",MADRID,28034,SPAIN,EMEA,FREYRE,DIEGO,MEDIUM,2004,6,2
10262,0.6229508196721312,0.9198577680525164,0.7058823529411764,0.4891306308864751,2004-06-24,CANCELLED,2,6,2004,SHIPS,0.3149171270718232,S700_2047,EURO SHOPPING CHANNEL,(91) 555 94 44,"C/ MORALZARZAL, 86",MADRID,28034,SPAIN,EMEA,FREYRE,DIEGO,MEDIUM,2004,6,2
10262,0.42622950819672134,0.7852844638949672,0.8235294117647058,0.2960779662489267,2004-06-24,CANCELLED,2,6,2004,SHIPS,0.2928176795580111,S18_3029,EURO SHOPPING CHANNEL,(91) 555 94 44,"C/ MORALZARZAL, 86",MADRID,28034,SPAIN,EMEA,FREYRE,DIEGO,SMALL,2004,6,2
10263,0.6721311475409837,1.0,0.47058823529411764,0.6659378769098157,2004-06-28,SHIPPED,2,6,2004,PLANES,0.4696132596685083,S700_2834,GIFT DEPOT INC.,2035552570,25593 SOUTH BAY LN.,BRIDGEWATER,97562,USA,DESCONOCIDO,KING,JULIE,MEDIUM,2004,6,2
10263,0.5081967213114754,0.48659737417943105,0.3529411764705882,0.24441496914559868,2004-06-28,SHIPPED,2,6,2004,MOTORCYCLES,0.23756906077348067,S24_2000,GIFT DEPOT INC.,2035552570,25593 SOUTH BAY LN.,BRIDGEWATER,97562,USA,DESCONOCIDO,KING,JULIE,SMALL,2004,6,2
10263,0.459016393442623,1.0,0.058823529411764705,0.4269340380676826,2004-06-28,SHIPPED,2,6,2004,MOTORCYCLES,0.3425414364640884,S10_1678,GIFT DEPOT INC.,2035552570,25593 SOUTH BAY LN.,BRIDGEWATER,97562,USA,DESCONOCIDO,KING,JULIE,MEDIUM,2004,6,2
10263,0.4426229508196722,0.8108588621444202,0.5294117647058824,0.3155909110651534,2004-06-28,SHIPPED,2,6,2004,PLANES,0.281767955801105,S18_2581,GIFT DEPOT INC.,2035552570,25593 SOUTH BAY LN.,BRIDGEWATER,97562,USA,DESCONOCIDO,KING,JULIE,SMALL,2004,6,2
10263,0.5901639344262295,1.0,0.1176470588235294,0.511229532022091,2004-06-28,SHIPPED,2,6,2004,MOTORCYCLES,0.43646408839779005,S24_1578,GIFT DEPOT INC.,2035552570,25593 SOUTH BAY LN.,BRIDGEWATER,97562,USA,DESCONOCIDO,KING,JULIE,MEDIUM,2004,6,2
10263,0.29508196721311475,0.6628829321663019,0.5882352941176471,0.17724425259514417,2004-06-28,SHIPPED,2,6,2004,PLANES,0.2154696132596685,S24_4278,GIFT DEPOT INC.,2035552570,25593 SOUTH BAY LN.,BRIDGEWATER,97562,USA,DESCONOCIDO,KING,JULIE,SMALL,2004,6,2
10263,0.4098360655737705,0.7252461706783369,0.4117647058823529,0.26662479243858356,2004-06-28,SHIPPED,2,6,2004,MOTORCYCLES,0.3646408839779005,S32_1374,GIFT DEPOT INC.,2035552570,25593 SOUTH BAY LN.,BRIDGEWATER,97562,USA,DESCONOCIDO,KING,JULIE,SMALL,2004,6,2
10263,0.5737704918032788,1.0,0.1764705882352941,1.0,2004-06-28,SHIPPED,2,6,2004,MOTORCYCLES,0.8839779005524863,S10_4698,GIFT DEPOT INC.,2035552570,25593 SOUTH BAY LN.,BRIDGEWATER,97562,USA,DESCONOCIDO,KING,JULIE,LARGE,2004,6,2
10263,0.459016393442623,0.43585886214442016,0.2941176470588235,0.2025157947138242,2004-06-28,SHIPPED,2,6,2004,MOTORCYCLES,0.14917127071823205,S18_2625,GIFT DEPOT INC.,2035552570,25593 SOUTH BAY LN.,BRIDGEWATER,97562,USA,DESCONOCIDO,KING,JULIE,SMALL,2004,6,2
10263,0.5573770491803279,1.0,0.23529411764705882,0.5332108289426646,2004-06-28,SHIPPED,2,6,2004,MOTORCYCLES,0.4696132596685083,S10_2016,GIFT DEPOT INC.,2035552570,25593 SOUTH BAY LN.,BRIDGEWATER,97562,USA,DESCONOCIDO,KING,JULIE,MEDIUM,2004,6,2
10263,0.6885245901639344,1.0,0.0,0.7954682284862801,2004-06-28,SHIPPED,2,6,2004,MOTORCYCLES,0.6464088397790055,S12_2823,GIFT DEPOT INC.,2035552570,25593 SOUTH BAY LN.,BRIDGEWATER,97562,USA,DESCONOCIDO,KING,JULIE,MEDIUM,2004,6,2
10264,0.6721311475409837,0.7711980306345732,0.0,0.4585976365562011,2004-06-30,SHIPPED,2,6,2004,CLASSIC CARS,0.2596685082872928,S24_4620,GIFTS4ALLAGES.COM,6175559555,8616 SPINNAKER DR.,BOSTON,51003,USA,DESCONOCIDO,YOSHIDO,JURI,MEDIUM,2004,6,2
10264,0.2295081967213115,0.0780908096280088,0.1764705882352941,0.022674894507014473,2004-06-30,SHIPPED,2,6,2004,MOTORCYCLES,0.03867403314917128,S32_2206,GIFTS4ALLAGES.COM,6175559555,8616 SPINNAKER DR.,BOSTON,51003,USA,DESCONOCIDO,YOSHIDO,JURI,SMALL,2004,6,2
10264,0.6885245901639344,0.3806072210065645,0.1176470588235294,0.2865199509536967,2004-06-30,SHIPPED,2,6,2004,MOTORCYCLES,0.16022099447513816,S18_3782,GIFTS4ALLAGES.COM,6175559555,8616 SPINNAKER DR.,BOSTON,51003,USA,DESCONOCIDO,YOSHIDO,JURI,SMALL,2004,6,2
10264,0.6721311475409837,0.8564004376367615,0.23529411764705882,0.49772910269988546,2004-06-30,SHIPPED,2,6,2004,MOTORCYCLES,0.26519337016574585,S50_4713,GIFTS4ALLAGES.COM,6175559555,8616 SPINNAKER DR.,BOSTON,51003,USA,DESCONOCIDO,YOSHIDO,JURI,MEDIUM,2004,6,2
10264,0.2295081967213115,1.0,0.058823529411764705,0.25772295520682637,2004-06-30,SHIPPED,2,6,2004,CLASSIC CARS,0.6353591160220994,S18_4721,GIFTS4ALLAGES.COM,6175559555,8616 SPINNAKER DR.,BOSTON,51003,USA,DESCONOCIDO,YOSHIDO,JURI,SMALL,2004,6,2
10264,0.5081967213114754,0.5227024070021881,0.2941176470588235,0.2574690370152585,2004-06-30,SHIPPED,2,6,2004,MOTORCYCLES,0.19889502762430938,S24_2360,GIFTS4ALLAGES.COM,6175559555,8616 SPINNAKER DR.,BOSTON,51003,USA,DESCONOCIDO,YOSHIDO,JURI,SMALL,2004,6,2
10264,0.459016393442623,0.9722374179431073,0.3529411764705882,0.38072360002539185,2004-06-30,SHIPPED,2,6,2004,MOTORCYCLES,0.3812154696132597,S32_4485,GIFTS4ALLAGES.COM,6175559555,8616 SPINNAKER DR.,BOSTON,51003,USA,DESCONOCIDO,YOSHIDO,JURI,MEDIUM,2004,6,2
10265,0.7049180327868853,1.0,0.0,1.0,2004-07-02,SHIPPED,3,7,2004,CLASSIC CARS,0.6243093922651933,S18_3482,"AUSTRALIAN COLLECTABLES, LTD",61-9-3844-6555,7 ALLEN STREET,GLEN WAVERLY,3150,AUSTRALIA,APAC,CONNERY,SEAN,LARGE,2004,7,3
10265,0.639344262295082,0.8200218818380745,0.058823529411764705,0.45781049016234066,2004-07-02,SHIPPED,3,7,2004,CLASSIC CARS,0.2596685082872928,S18_3278,"AUSTRALIAN COLLECTABLES, LTD",61-9-3844-6555,7 ALLEN STREET,GLEN WAVERLY,3150,AUSTRALIA,APAC,CONNERY,SEAN,MEDIUM,2004,7,3
10266,0.36065573770491804,0.29294310722100647,0.0,0.11630388661884541,2004-07-06,SHIPPED,3,7,2004,CLASSIC CARS,0.09392265193370164,S24_1628,L'ORDINE SOUVENIERS,0522-556555,STRADA PROVINCIALE 124,REGGIO EMILIA,42100,ITALY,EMEA,MORONI,MAURIZIO,SMALL,2004,7,3
10266,0.6229508196721312,1.0,0.7647058823529411,1.0,2004-07-06,SHIPPED,3,7,2004,CLASSIC CARS,0.8895027624309392,S12_1099,L'ORDINE SOUVENIERS,0522-556555,STRADA PROVINCIALE 124,REGGIO EMILIA,42100,ITALY,EMEA,MORONI,MAURIZIO,LARGE,2004,7,3
10266,0.2295081967213115,1.0,0.1176470588235294,0.3130771209686311,2004-07-06,SHIPPED,3,7,2004,CLASSIC CARS,0.5469613259668508,S18_2870,L'ORDINE SOUVENIERS,0522-556555,STRADA PROVINCIALE 124,REGGIO EMILIA,42100,ITALY,EMEA,MORONI,MAURIZIO,SMALL,2004,7,3
10266,0.4426229508196722,1.0,0.1764705882352941,0.6084695081003245,2004-07-06,SHIPPED,3,7,2004,CLASSIC CARS,0.5966850828729282,S18_3685,L'ORDINE SOUVENIERS,0522-556555,STRADA PROVINCIALE 124,REGGIO EMILIA,42100,ITALY,EMEA,MORONI,MAURIZIO,MEDIUM,2004,7,3
10266,0.29508196721311475,1.0,0.47058823529411764,0.3274141439114761,2004-07-06,SHIPPED,3,7,2004,CLASSIC CARS,0.5911602209944752,S24_3856,L'ORDINE SOUVENIERS,0522-556555,STRADA PROVINCIALE 124,REGGIO EMILIA,42100,ITALY,EMEA,MORONI,MAURIZIO,SMALL,2004,7,3
10266,0.6721311475409837,0.4864606126914661,0.7058823529411764,0.3278244222525885,2004-07-06,SHIPPED,3,7,2004,CLASSIC CARS,0.15469613259668508,S24_3371,L'ORDINE SOUVENIERS,0522-556555,STRADA PROVINCIALE 124,REGGIO EMILIA,42100,ITALY,EMEA,MORONI,MAURIZIO,SMALL,2004,7,3
10266,0.2459016393442623,1.0,0.2941176470588235,0.27321330130400356,2004-07-06,SHIPPED,3,7,2004,CLASSIC CARS,0.5966850828729282,S18_1129,L'ORDINE SOUVENIERS,0522-556555,STRADA PROVINCIALE 124,REGGIO EMILIA,42100,ITALY,EMEA,MORONI,MAURIZIO,SMALL,2004,7,3
10266,0.7049180327868853,1.0,0.23529411764705882,0.7645971220377603,2004-07-06,SHIPPED,3,7,2004,CLASSIC CARS,0.6022099447513812,S18_1984,L'ORDINE SOUVENIERS,0522-556555,STRADA PROVINCIALE 124,REGGIO EMILIA,42100,ITALY,EMEA,MORONI,MAURIZIO,MEDIUM,2004,7,3
10266,0.4918032786885246,1.0,0.058823529411764705,0.6300472087374587,2004-07-06,SHIPPED,3,7,2004,CLASSIC CARS,0.5027624309392266,S18_1589,L'ORDINE SOUVENIERS,0522-556555,STRADA PROVINCIALE 124,REGGIO EMILIA,42100,ITALY,EMEA,MORONI,MAURIZIO,MEDIUM,2004,7,3
10266,0.4426229508196722,0.6538566739606126,0.5294117647058824,0.26496229648958103,2004-07-06,SHIPPED,3,7,2004,CLASSIC CARS,0.2430939226519337,S18_1889,L'ORDINE SOUVENIERS,0522-556555,STRADA PROVINCIALE 124,REGGIO EMILIA,42100,ITALY,EMEA,MORONI,MAURIZIO,SMALL,2004,7,3
10266,0.459016393442623,0.1849015317286652,0.4117647058823529,0.11913707907212945,2004-07-06,SHIPPED,3,7,2004,CLASSIC CARS,0.022099447513812154,S24_2972,L'ORDINE SOUVENIERS,0522-556555,STRADA PROVINCIALE 124,REGGIO EMILIA,42100,ITALY,EMEA,MORONI,MAURIZIO,SMALL,2004,7,3
10266,0.26229508196721313,1.0,0.6470588235294117,0.26359514748971796,2004-07-06,SHIPPED,3,7,2004,CLASSIC CARS,0.4640883977900553,S12_3380,L'ORDINE SOUVENIERS,0522-556555,STRADA PROVINCIALE 124,REGGIO EMILIA,42100,ITALY,EMEA,MORONI,MAURIZIO,SMALL,2004,7,3
10266,0.5573770491803279,1.0,0.5882352941176471,0.5327297207902201,2004-07-06,SHIPPED,3,7,2004,CLASSIC CARS,0.4530386740331491,S12_4675,L'ORDINE SOUVENIERS,0522-556555,STRADA PROVINCIALE 124,REGGIO EMILIA,42100,ITALY,EMEA,MORONI,MAURIZIO,MEDIUM,2004,7,3
10266,0.47540983606557385,0.6801148796498906,0.8235294117647058,0.29390629750525377,2004-07-06,SHIPPED,3,7,2004,CLASSIC CARS,0.2541436464088398,S12_3990,L'ORDINE SOUVENIERS,0522-556555,STRADA PROVINCIALE 124,REGGIO EMILIA,42100,ITALY,EMEA,MORONI,MAURIZIO,SMALL,2004,7,3
10266,0.3770491803278689,1.0,0.3529411764705882,0.5787223237523763,2004-07-06,SHIPPED,3,7,2004,CLASSIC CARS,0.7513812154696132,S18_3232,L'ORDINE SOUVENIERS,0522-556555,STRADA PROVINCIALE 124,REGGIO EMILIA,42100,ITALY,EMEA,MORONI,MAURIZIO,MEDIUM,2004,7,3
10267,0.4918032786885246,0.6656181619256016,0.0,0.29904479985566756,2004-07-07,SHIPPED,3,7,2004,CLASSIC CARS,0.2099447513812155,S18_4933,MUSCLE MACHINE INC,2125557413,4092 FURTH CIRCLE,NYC,10022,USA,DESCONOCIDO,YOUNG,JEFF,SMALL,2004,7,3
10267,0.6229508196721312,0.9554157549234135,0.1764705882352941,0.5044191788419327,2004-07-07,SHIPPED,3,7,2004,CLASSIC CARS,0.287292817679558,S24_3191,MUSCLE MACHINE INC,2125557413,4092 FURTH CIRCLE,NYC,10022,USA,DESCONOCIDO,YOUNG,JEFF,MEDIUM,2004,7,3
10267,0.6065573770491803,1.0,0.2941176470588235,0.6186048531784878,2004-07-07,SHIPPED,3,7,2004,CLASSIC CARS,0.4088397790055248,S24_3432,MUSCLE MACHINE INC,2125557413,4092 FURTH CIRCLE,NYC,10022,USA,DESCONOCIDO,YOUNG,JEFF,MEDIUM,2004,7,3
10267,0.6065573770491803,1.0,0.058823529411764705,0.5564269701211791,2004-07-07,SHIPPED,3,7,2004,CLASSIC CARS,0.4640883977900553,S24_2887,MUSCLE MACHINE INC,2125557413,4092 FURTH CIRCLE,NYC,10022,USA,DESCONOCIDO,YOUNG,JEFF,MEDIUM,2004,7,3
10267,0.5573770491803279,0.7278446389496718,0.23529411764705882,0.36375384635944796,2004-07-07,SHIPPED,3,7,2004,CLASSIC CARS,0.22099447513812154,S24_1046,MUSCLE MACHINE INC,2125557413,4092 FURTH CIRCLE,NYC,10022,USA,DESCONOCIDO,YOUNG,JEFF,MEDIUM,2004,7,3
10267,0.5245901639344263,0.8254923413566739,0.1176470588235294,0.37860405133156705,2004-07-07,SHIPPED,3,7,2004,CLASSIC CARS,0.3149171270718232,S24_2766,MUSCLE MACHINE INC,2125557413,4092 FURTH CIRCLE,NYC,10022,USA,DESCONOCIDO,YOUNG,JEFF,MEDIUM,2004,7,3
10269,0.42622950819672134,0.49507658643326036,0.0,0.20533027740562426,2004-07-16,SHIPPED,3,7,2004,VINTAGE CARS,0.16022099447513816,S18_2957,SALZBURG COLLECTABLES,6562-9555,GEISLWEG 14,SALZBURG,5020,AUSTRIA,EMEA,PIPPS,GEORG,SMALL,2004,7,3
10269,0.6885245901639344,0.9643052516411379,0.058823529411764705,0.5603025635714263,2004-07-16,SHIPPED,3,7,2004,VINTAGE CARS,0.35359116022099446,S24_4258,SALZBURG COLLECTABLES,6562-9555,GEISLWEG 14,SALZBURG,5020,AUSTRIA,EMEA,PIPPS,GEORG,MEDIUM,2004,7,3
10270,0.6229508196721312,0.4305251641137855,0.3529411764705882,0.2787366901763729,2004-07-19,SHIPPED,3,7,2004,VINTAGE CARS,0.09392265193370164,S18_4668,SOUVENIERS AND THINGS CO.,+61 2 9495 8555,"MONITOR MONEY BUILDING, 815 PACIFIC HWY",CHATSWOOD,2067,AUSTRALIA,APAC,HUXLEY,ADRIAN,SMALL,2004,7,3
10270,0.36065573770491804,1.0,0.2941176470588235,0.4827906945664848,2004-07-19,SHIPPED,3,7,2004,TRUCKS AND BUSES,0.569060773480663,S12_1666,SOUVENIERS AND THINGS CO.,+61 2 9495 8555,"MONITOR MONEY BUILDING, 815 PACIFIC HWY",CHATSWOOD,2067,AUSTRALIA,APAC,HUXLEY,ADRIAN,MEDIUM,2004,7,3
10270,0.5245901639344263,1.0,0.5882352941176471,0.5737147897323502,2004-07-19,SHIPPED,3,7,2004,VINTAGE CARS,0.39226519337016574,S18_3136,SOUVENIERS AND THINGS CO.,+61 2 9495 8555,"MONITOR MONEY BUILDING, 815 PACIFIC HWY",CHATSWOOD,2067,AUSTRALIA,APAC,HUXLEY,ADRIAN,MEDIUM,2004,7,3
10270,0.4098360655737705,0.948577680525164,0.5294117647058824,0.33427795355301715,2004-07-19,SHIPPED,3,7,2004,VINTAGE CARS,0.37569060773480667,S18_2949,SOUVENIERS AND THINGS CO.,+61 2 9495 8555,"MONITOR MONEY BUILDING, 815 PACIFIC HWY",CHATSWOOD,2067,AUSTRALIA,APAC,HUXLEY,ADRIAN,SMALL,2004,7,3
10270,0.2459016393442623,0.49876914660831506,0.23529411764705882,0.11335709918512304,2004-07-19,SHIPPED,3,7,2004,TRUCKS AND BUSES,0.1712707182320442,S32_3522,SOUVENIERS AND THINGS CO.,+61 2 9495 8555,"MONITOR MONEY BUILDING, 815 PACIFIC HWY",CHATSWOOD,2067,AUSTRALIA,APAC,HUXLEY,ADRIAN,SMALL,2004,7,3
10270,0.42622950819672134,0.8047045951859957,0.0,0.3021506202620035,2004-07-19,SHIPPED,3,7,2004,TRUCKS AND BUSES,0.34806629834254144,S32_1268,SOUVENIERS AND THINGS CO.,+61 2 9495 8555,"MONITOR MONEY BUILDING, 815 PACIFIC HWY",CHATSWOOD,2067,AUSTRALIA,APAC,HUXLEY,ADRIAN,SMALL,2004,7,3
10270,0.6065573770491803,0.9567833698030634,0.4117647058823529,0.49206539061638643,2004-07-19,SHIPPED,3,7,2004,TRUCKS AND BUSES,0.45856353591160215,S18_1097,SOUVENIERS AND THINGS CO.,+61 2 9495 8555,"MONITOR MONEY BUILDING, 815 PACIFIC HWY",CHATSWOOD,2067,AUSTRALIA,APAC,HUXLEY,ADRIAN,MEDIUM,2004,7,3
10270,0.2459016393442623,1.0,0.47058823529411764,0.5911295684393053,2004-07-19,SHIPPED,3,7,2004,CLASSIC CARS,0.9999999999999999,S10_1949,SOUVENIERS AND THINGS CO.,+61 2 9495 8555,"MONITOR MONEY BUILDING, 815 PACIFIC HWY",CHATSWOOD,2067,AUSTRALIA,APAC,HUXLEY,ADRIAN,MEDIUM,2004,7,3
10270,0.5245901639344263,1.0,0.1176470588235294,0.6549686110340819,2004-07-19,SHIPPED,3,7,2004,TRUCKS AND BUSES,0.4861878453038674,S18_4600,SOUVENIERS AND THINGS CO.,+61 2 9495 8555,"MONITOR MONEY BUILDING, 815 PACIFIC HWY",CHATSWOOD,2067,AUSTRALIA,APAC,HUXLEY,ADRIAN,MEDIUM,2004,7,3
10270,0.6557377049180328,0.8358862144420132,0.1764705882352941,0.47654697987698336,2004-07-19,SHIPPED,3,7,2004,CLASSIC CARS,0.37569060773480667,S700_2824,SOUVENIERS AND THINGS CO.,+61 2 9495 8555,"MONITOR MONEY BUILDING, 815 PACIFIC HWY",CHATSWOOD,2067,AUSTRALIA,APAC,HUXLEY,ADRIAN,MEDIUM,2004,7,3
10270,0.42622950819672134,1.0,0.058823529411764705,0.5105025241472859,2004-07-19,SHIPPED,3,7,2004,CLASSIC CARS,0.6298342541436464,S10_4962,SOUVENIERS AND THINGS CO.,+61 2 9495 8555,"MONITOR MONEY BUILDING, 815 PACIFIC HWY",CHATSWOOD,2067,AUSTRALIA,APAC,HUXLEY,ADRIAN,MEDIUM,2004,7,3
10272,0.6065573770491803,0.4094638949671773,0.1764705882352941,0.26208767527872534,2004-07-20,SHIPPED,3,7,2004,TRAINS,0.13812154696132595,S50_1514,DIECAST CLASSICS INC.,2155551555,7586 POMPTON ST.,ALLENTOWN,70267,USA,DESCONOCIDO,YU,KYUNG,SMALL,2004,7,3
10272,0.3114754098360656,1.0,0.23529411764705882,0.43458365769154955,2004-07-20,SHIPPED,3,7,2004,CLASSIC CARS,0.6077348066298343,S18_4027,DIECAST CLASSICS INC.,2155551555,7586 POMPTON ST.,ALLENTOWN,70267,USA,DESCONOCIDO,YU,KYUNG,MEDIUM,2004,7,3
10272,0.34426229508196726,1.0,0.1176470588235294,0.5079539873508648,2004-07-20,SHIPPED,3,7,2004,CLASSIC CARS,0.6519337016574586,S12_3148,DIECAST CLASSICS INC.,2155551555,7586 POMPTON ST.,ALLENTOWN,70267,USA,DESCONOCIDO,YU,KYUNG,MEDIUM,2004,7,3
10271,0.7213114754098361,1.0,0.4117647058823529,0.616268805816063,2004-07-20,SHIPPED,3,7,2004,TRUCKS AND BUSES,0.4917127071823204,S18_2319,MINI GIFTS DISTRIBUTORS LTD.,4155551450,5677 STRONG ST.,SAN RAFAEL,97562,USA,DESCONOCIDO,NELSON,VALARIE,MEDIUM,2004,7,3
10271,0.6065573770491803,1.0,0.5294117647058824,0.6846329378668867,2004-07-20,SHIPPED,3,7,2004,TRUCKS AND BUSES,0.5193370165745856,S24_2300,MINI GIFTS DISTRIBUTORS LTD.,4155551450,5677 STRONG ST.,SAN RAFAEL,97562,USA,DESCONOCIDO,NELSON,VALARIE,MEDIUM,2004,7,3
10271,0.2295081967213115,1.0,0.47058823529411764,0.46059022615424194,2004-07-20,SHIPPED,3,7,2004,CLASSIC CARS,0.7513812154696132,S18_3232,MINI GIFTS DISTRIBUTORS LTD.,4155551450,5677 STRONG ST.,SAN RAFAEL,97562,USA,DESCONOCIDO,NELSON,VALARIE,MEDIUM,2004,7,3
10272,0.639344262295082,0.5162746170678336,0.2941176470588235,0.32424283933994635,2004-07-20,SHIPPED,3,7,2004,TRAINS,0.16022099447513816,S32_3207,DIECAST CLASSICS INC.,2155551555,7586 POMPTON ST.,ALLENTOWN,70267,USA,DESCONOCIDO,YU,KYUNG,SMALL,2004,7,3
10271,0.639344262295082,0.5177789934354485,0.058823529411764705,0.3249043630495575,2004-07-20,SHIPPED,3,7,2004,CLASSIC CARS,0.13259668508287292,S24_1444,MINI GIFTS DISTRIBUTORS LTD.,4155551450,5677 STRONG ST.,SAN RAFAEL,97562,USA,DESCONOCIDO,NELSON,VALARIE,SMALL,2004,7,3
10271,0.26229508196721313,1.0,0.0,0.345918098019104,2004-07-20,SHIPPED,3,7,2004,CLASSIC CARS,0.4696132596685083,S24_4048,MINI GIFTS DISTRIBUTORS LTD.,4155551450,5677 STRONG ST.,SAN RAFAEL,97562,USA,DESCONOCIDO,NELSON,VALARIE,MEDIUM,2004,7,3
10271,0.3114754098360656,0.5798687089715536,0.5882352941176471,0.167034068471045,2004-07-20,SHIPPED,3,7,2004,TRUCKS AND BUSES,0.14917127071823205,S18_2432,MINI GIFTS DISTRIBUTORS LTD.,4155551450,5677 STRONG ST.,SAN RAFAEL,97562,USA,DESCONOCIDO,NELSON,VALARIE,SMALL,2004,7,3
10271,0.7213114754098361,1.0,0.1764705882352941,1.0,2004-07-20,SHIPPED,3,7,2004,CLASSIC CARS,0.718232044198895,S18_2238,MINI GIFTS DISTRIBUTORS LTD.,4155551450,5677 STRONG ST.,SAN RAFAEL,97562,USA,DESCONOCIDO,NELSON,VALARIE,LARGE,2004,7,3
10271,0.5245901639344263,0.2029540481400437,0.2941176470588235,0.14743692972814046,2004-07-20,SHIPPED,3,7,2004,CLASSIC CARS,0.011049723756906105,S24_2840,MINI GIFTS DISTRIBUTORS LTD.,4155551450,5677 STRONG ST.,SAN RAFAEL,97562,USA,DESCONOCIDO,NELSON,VALARIE,SMALL,2004,7,3
10272,0.5409836065573771,1.0,0.0,0.9996505283837105,2004-07-20,SHIPPED,3,7,2004,CLASSIC CARS,0.7734806629834254,S12_3891,DIECAST CLASSICS INC.,2155551555,7586 POMPTON ST.,ALLENTOWN,70267,USA,DESCONOCIDO,YU,KYUNG,LARGE,2004,7,3
10271,0.459016393442623,0.9779814004376368,0.1176470588235294,0.3826319956967549,2004-07-20,SHIPPED,3,7,2004,TRUCKS AND BUSES,0.4530386740331491,S50_1392,MINI GIFTS DISTRIBUTORS LTD.,4155551450,5677 STRONG ST.,SAN RAFAEL,97562,USA,DESCONOCIDO,NELSON,VALARIE,MEDIUM,2004,7,3
10272,0.47540983606557385,1.0,0.058823529411764705,0.713145277956894,2004-07-20,SHIPPED,3,7,2004,CLASSIC CARS,0.9613259668508286,S12_1108,DIECAST CLASSICS INC.,2155551555,7586 POMPTON ST.,ALLENTOWN,70267,USA,DESCONOCIDO,YU,KYUNG,MEDIUM,2004,7,3
10271,0.47540983606557385,0.28364332603938724,0.3529411764705882,0.15830730115031624,2004-07-20,SHIPPED,3,7,2004,TRUCKS AND BUSES,0.11602209944751385,S32_2509,MINI GIFTS DISTRIBUTORS LTD.,4155551450,5677 STRONG ST.,SAN RAFAEL,97562,USA,DESCONOCIDO,NELSON,VALARIE,SMALL,2004,7,3
10271,0.4098360655737705,0.9612964989059081,0.23529411764705882,0.33813082800717653,2004-07-20,SHIPPED,3,7,2004,TRUCKS AND BUSES,0.4696132596685083,S12_4473,MINI GIFTS DISTRIBUTORS LTD.,4155551450,5677 STRONG ST.,SAN RAFAEL,97562,USA,DESCONOCIDO,NELSON,VALARIE,MEDIUM,2004,7,3
10273,0.5573770491803279,1.0,0.7058823529411764,0.607301484419112,2004-07-21,SHIPPED,3,7,2004,VINTAGE CARS,0.569060773480663,S18_3140,PETIT AUTO,(02) 5554 67,RUE JOSEPH-BENS 532,BRUXELLES,B-1180,BELGIUM,EMEA,DEWEY,CATHERINE,MEDIUM,2004,7,3
10274,0.42622950819672134,0.4338074398249453,0.1764705882352941,0.18617148164605812,2004-07-21,SHIPPED,3,7,2004,PLANES,0.08839779005524862,S72_1253,COLLECTABLES FOR LESS INC.,6175558555,7825 DOUGLAS AV.,BRICKHAVEN,58339,USA,DESCONOCIDO,NELSON,ALLEN,SMALL,2004,7,3
10273,0.459016393442623,0.9734682713347922,0.058823529411764705,0.3811325419549696,2004-07-21,SHIPPED,3,7,2004,SHIPS,0.2928176795580111,S18_3029,PETIT AUTO,(02) 5554 67,RUE JOSEPH-BENS 532,BRUXELLES,B-1180,BELGIUM,EMEA,DEWEY,CATHERINE,MEDIUM,2004,7,3
10273,0.4426229508196722,0.6046225382932167,0.6470588235294117,0.24908572745891366,2004-07-21,SHIPPED,3,7,2004,VINTAGE CARS,0.2983425414364641,S18_4522,PETIT AUTO,(02) 5554 67,RUE JOSEPH-BENS 532,BRUXELLES,B-1180,BELGIUM,EMEA,DEWEY,CATHERINE,SMALL,2004,7,3
10273,0.6885245901639344,0.7677789934354484,0.1176470588235294,0.4681222415630669,2004-07-21,SHIPPED,3,7,2004,VINTAGE CARS,0.27624309392265195,S24_3816,PETIT AUTO,(02) 5554 67,RUE JOSEPH-BENS 532,BRUXELLES,B-1180,BELGIUM,EMEA,DEWEY,CATHERINE,MEDIUM,2004,7,3
10273,0.5081967213114754,0.2595733041575492,0.5294117647058824,0.1623325726924349,2004-07-21,SHIPPED,3,7,2004,SHIPS,0.11602209944751385,S72_3212,PETIT AUTO,(02) 5554 67,RUE JOSEPH-BENS 532,BRUXELLES,B-1180,BELGIUM,EMEA,DEWEY,CATHERINE,SMALL,2004,7,3
10273,0.34426229508196726,1.0,0.2941176470588235,0.30924429268749015,2004-07-21,SHIPPED,3,7,2004,VINTAGE CARS,0.30386740331491713,S24_3151,PETIT AUTO,(02) 5554 67,RUE JOSEPH-BENS 532,BRUXELLES,B-1180,BELGIUM,EMEA,DEWEY,CATHERINE,SMALL,2004,7,3
10274,0.5573770491803279,0.5224288840262582,0.058823529411764705,0.28346224136260517,2004-07-21,SHIPPED,3,7,2004,PLANES,0.19337016574585636,S24_2841,COLLECTABLES FOR LESS INC.,6175558555,7825 DOUGLAS AV.,BRICKHAVEN,58339,USA,DESCONOCIDO,NELSON,ALLEN,SMALL,2004,7,3
10273,0.5901639344262295,0.48249452954048133,0.23529411764705882,0.2844672228366003,2004-07-21,SHIPPED,3,7,2004,SHIPS,0.2154696132596685,S700_2610,PETIT AUTO,(02) 5554 67,RUE JOSEPH-BENS 532,BRUXELLES,B-1180,BELGIUM,EMEA,DEWEY,CATHERINE,SMALL,2004,7,3
10273,0.6721311475409837,1.0,0.8235294117647058,0.6639907253039501,2004-07-21,SHIPPED,3,7,2004,TRAINS,0.37016574585635353,S18_3259,PETIT AUTO,(02) 5554 67,RUE JOSEPH-BENS 532,BRUXELLES,B-1180,BELGIUM,EMEA,DEWEY,CATHERINE,MEDIUM,2004,7,3
10273,0.2459016393442623,0.525984682713348,0.3529411764705882,0.11894196298808257,2004-07-21,SHIPPED,3,7,2004,SHIPS,0.18232044198895025,S700_1138,PETIT AUTO,(02) 5554 67,RUE JOSEPH-BENS 532,BRUXELLES,B-1180,BELGIUM,EMEA,DEWEY,CATHERINE,SMALL,2004,7,3
10273,0.3278688524590164,1.0,0.47058823529411764,0.33240965022769114,2004-07-21,SHIPPED,3,7,2004,SHIPS,0.3646408839779005,S700_3962,PETIT AUTO,(02) 5554 67,RUE JOSEPH-BENS 532,BRUXELLES,B-1180,BELGIUM,EMEA,DEWEY,CATHERINE,SMALL,2004,7,3
10273,0.7213114754098361,0.8051148796498906,0.0,0.5085540361298858,2004-07-21,SHIPPED,3,7,2004,VINTAGE CARS,0.39779005524861877,S18_3856,PETIT AUTO,(02) 5554 67,RUE JOSEPH-BENS 532,BRUXELLES,B-1180,BELGIUM,EMEA,DEWEY,CATHERINE,MEDIUM,2004,7,3
10273,0.3934426229508197,1.0,0.1764705882352941,0.4044876699330792,2004-07-21,SHIPPED,3,7,2004,CLASSIC CARS,0.569060773480663,S10_4757,PETIT AUTO,(02) 5554 67,RUE JOSEPH-BENS 532,BRUXELLES,B-1180,BELGIUM,EMEA,DEWEY,CATHERINE,MEDIUM,2004,7,3
10274,0.29508196721311475,0.6215809628008753,0.1176470588235294,0.16755794179259562,2004-07-21,SHIPPED,3,7,2004,VINTAGE CARS,0.17679558011049723,S24_3420,COLLECTABLES FOR LESS INC.,6175558555,7825 DOUGLAS AV.,BRICKHAVEN,58339,USA,DESCONOCIDO,NELSON,ALLEN,SMALL,2004,7,3
10273,0.5573770491803279,0.8105853391684903,0.4117647058823529,0.39609500549599247,2004-07-21,SHIPPED,3,7,2004,SHIPS,0.37016574585635353,S700_3505,PETIT AUTO,(02) 5554 67,RUE JOSEPH-BENS 532,BRUXELLES,B-1180,BELGIUM,EMEA,DEWEY,CATHERINE,MEDIUM,2004,7,3
10273,0.2459016393442623,1.0,0.7647058823529411,0.22238823423284965,2004-07-21,SHIPPED,3,7,2004,SHIPS,0.2928176795580111,S700_1938,PETIT AUTO,(02) 5554 67,RUE JOSEPH-BENS 532,BRUXELLES,B-1180,BELGIUM,EMEA,DEWEY,CATHERINE,SMALL,2004,7,3
10273,0.26229508196721313,1.0,0.5882352941176471,0.30772612918422104,2004-07-21,SHIPPED,3,7,2004,SHIPS,0.4917127071823204,S24_2011,PETIT AUTO,(02) 5554 67,RUE JOSEPH-BENS 532,BRUXELLES,B-1180,BELGIUM,EMEA,DEWEY,CATHERINE,SMALL,2004,7,3
10274,0.5737704918032788,1.0,0.0,0.834170706527368,2004-07-21,SHIPPED,3,7,2004,PLANES,0.6850828729281768,S18_1662,COLLECTABLES FOR LESS INC.,6175558555,7825 DOUGLAS AV.,BRICKHAVEN,58339,USA,DESCONOCIDO,NELSON,ALLEN,MEDIUM,2004,7,3
10274,0.29508196721311475,0.8703501094091903,0.23529411764705882,0.22590032374569424,2004-07-21,SHIPPED,3,7,2004,SHIPS,0.3149171270718232,S700_2047,COLLECTABLES FOR LESS INC.,6175558555,7825 DOUGLAS AV.,BRICKHAVEN,58339,USA,DESCONOCIDO,NELSON,ALLEN,SMALL,2004,7,3
10275,0.47540983606557385,0.8685722100656454,0.47058823529411764,0.3583614258174663,2004-07-23,SHIPPED,3,7,2004,PLANES,0.281767955801105,S18_2581,LA ROCHELLE GIFTS,40.67.8555,"67, RUE DES CINQUANTE OTAGES",NANTES,44000,FRANCE,EMEA,LABRUNE,JANINE,MEDIUM,2004,7,3
10275,0.42622950819672134,0.8565371991247266,0.7647058823529411,0.31835861935324367,2004-07-23,SHIPPED,3,7,2004,PLANES,0.3204419889502762,S700_1691,LA ROCHELLE GIFTS,40.67.8555,"67, RUE DES CINQUANTE OTAGES",NANTES,44000,FRANCE,EMEA,LABRUNE,JANINE,SMALL,2004,7,3
10275,0.6065573770491803,0.6389496717724288,0.8235294117647058,0.3585151131439416,2004-07-23,SHIPPED,3,7,2004,PLANES,0.2596685082872928,S700_3167,LA ROCHELLE GIFTS,40.67.8555,"67, RUE DES CINQUANTE OTAGES",NANTES,44000,FRANCE,EMEA,LABRUNE,JANINE,MEDIUM,2004,7,3
10275,0.6885245901639344,1.0,0.4117647058823529,0.7880270890618057,2004-07-23,SHIPPED,3,7,2004,PLANES,0.4696132596685083,S700_2834,LA ROCHELLE GIFTS,40.67.8555,"67, RUE DES CINQUANTE OTAGES",NANTES,44000,FRANCE,EMEA,LABRUNE,JANINE,MEDIUM,2004,7,3
10275,0.5081967213114754,0.5021881838074398,0.23529411764705882,0.2500519529984063,2004-07-23,SHIPPED,3,7,2004,MOTORCYCLES,0.14917127071823205,S18_2625,LA ROCHELLE GIFTS,40.67.8555,"67, RUE DES CINQUANTE OTAGES",NANTES,44000,FRANCE,EMEA,LABRUNE,JANINE,SMALL,2004,7,3
10275,0.4098360655737705,0.624589715536105,0.9411764705882353,0.23613322686588112,2004-07-23,SHIPPED,3,7,2004,PLANES,0.22651933701657456,S700_4002,LA ROCHELLE GIFTS,40.67.8555,"67, RUE DES CINQUANTE OTAGES",NANTES,44000,FRANCE,EMEA,LABRUNE,JANINE,SMALL,2004,7,3
10275,0.639344262295082,0.9019420131291027,0.0,0.4938334630766199,2004-07-23,SHIPPED,3,7,2004,MOTORCYCLES,0.3425414364640884,S10_1678,LA ROCHELLE GIFTS,40.67.8555,"67, RUE DES CINQUANTE OTAGES",NANTES,44000,FRANCE,EMEA,LABRUNE,JANINE,MEDIUM,2004,7,3
10275,0.5737704918032788,0.7523249452954048,1.0,0.3842664270035315,2004-07-23,SHIPPED,3,7,2004,PLANES,0.19337016574585636,S24_3949,LA ROCHELLE GIFTS,40.67.8555,"67, RUE DES CINQUANTE OTAGES",NANTES,44000,FRANCE,EMEA,LABRUNE,JANINE,MEDIUM,2004,7,3
10275,0.3934426229508197,0.7262035010940919,0.2941176470588235,0.2562261742881103,2004-07-23,SHIPPED,3,7,2004,MOTORCYCLES,0.23756906077348067,S24_2000,LA ROCHELLE GIFTS,40.67.8555,"67, RUE DES CINQUANTE OTAGES",NANTES,44000,FRANCE,EMEA,LABRUNE,JANINE,SMALL,2004,7,3
10275,0.36065573770491804,0.5072483588621444,0.6470588235294117,0.174940279109549,2004-07-23,SHIPPED,3,7,2004,VINTAGE CARS,0.19337016574585636,S32_4289,LA ROCHELLE GIFTS,40.67.8555,"67, RUE DES CINQUANTE OTAGES",NANTES,44000,FRANCE,EMEA,LABRUNE,JANINE,SMALL,2004,7,3
10275,0.4918032786885246,1.0,0.1176470588235294,0.8579481405504011,2004-07-23,SHIPPED,3,7,2004,MOTORCYCLES,0.8839779005524863,S10_4698,LA ROCHELLE GIFTS,40.67.8555,"67, RUE DES CINQUANTE OTAGES",NANTES,44000,FRANCE,EMEA,LABRUNE,JANINE,MEDIUM,2004,7,3
10275,0.27868852459016397,0.7525984682713347,0.3529411764705882,0.1873381689157359,2004-07-23,SHIPPED,3,7,2004,MOTORCYCLES,0.3646408839779005,S32_1374,LA ROCHELLE GIFTS,40.67.8555,"67, RUE DES CINQUANTE OTAGES",NANTES,44000,FRANCE,EMEA,LABRUNE,JANINE,SMALL,2004,7,3
10275,0.5245901639344263,0.25314551422319476,0.7058823529411764,0.16607452498922518,2004-07-23,SHIPPED,3,7,2004,VINTAGE CARS,0.05524861878453041,S50_1341,LA ROCHELLE GIFTS,40.67.8555,"67, RUE DES CINQUANTE OTAGES",NANTES,44000,FRANCE,EMEA,LABRUNE,JANINE,SMALL,2004,7,3
10275,0.2459016393442623,1.0,0.058823529411764705,0.22339856135298308,2004-07-23,SHIPPED,3,7,2004,MOTORCYCLES,0.43646408839779005,S24_1578,LA ROCHELLE GIFTS,40.67.8555,"67, RUE DES CINQUANTE OTAGES",NANTES,44000,FRANCE,EMEA,LABRUNE,JANINE,SMALL,2004,7,3
10275,0.5409836065573771,1.0,0.8823529411764706,0.5332803223424623,2004-07-23,SHIPPED,3,7,2004,PLANES,0.3646408839779005,S700_2466,LA ROCHELLE GIFTS,40.67.8555,"67, RUE DES CINQUANTE OTAGES",NANTES,44000,FRANCE,EMEA,LABRUNE,JANINE,MEDIUM,2004,7,3
10275,0.3114754098360656,0.9343544857768054,0.5882352941176471,0.2536335359110485,2004-07-23,SHIPPED,3,7,2004,PLANES,0.419889502762431,S24_1785,LA ROCHELLE GIFTS,40.67.8555,"67, RUE DES CINQUANTE OTAGES",NANTES,44000,FRANCE,EMEA,LABRUNE,JANINE,SMALL,2004,7,3
10275,0.34426229508196726,0.4845459518599563,0.5294117647058824,0.1604014580249842,2004-07-23,SHIPPED,3,7,2004,PLANES,0.2154696132596685,S24_4278,LA ROCHELLE GIFTS,40.67.8555,"67, RUE DES CINQUANTE OTAGES",NANTES,44000,FRANCE,EMEA,LABRUNE,JANINE,SMALL,2004,7,3
10275,0.26229508196721313,1.0,0.1764705882352941,0.3237203024299303,2004-07-23,SHIPPED,3,7,2004,MOTORCYCLES,0.4696132596685083,S10_2016,LA ROCHELLE GIFTS,40.67.8555,"67, RUE DES CINQUANTE OTAGES",NANTES,44000,FRANCE,EMEA,LABRUNE,JANINE,SMALL,2004,7,3
10276,0.5245901639344263,1.0,0.7058823529411764,0.5108446455001354,2004-08-02,SHIPPED,3,8,2004,MOTORCYCLES,0.3812154696132597,S32_4485,ONLINE MINI COLLECTABLES,6175557555,7635 SPINNAKER DR.,BRICKHAVEN,58339,USA,DESCONOCIDO,BARAJAS,MIGUEL,MEDIUM,2004,8,3
10276,0.34426229508196726,0.1330689277899344,0.5294117647058824,0.06766786164131383,2004-08-02,SHIPPED,3,8,2004,MOTORCYCLES,0.03867403314917128,S32_2206,ONLINE MINI COLLECTABLES,6175557555,7635 SPINNAKER DR.,BRICKHAVEN,58339,USA,DESCONOCIDO,BARAJAS,MIGUEL,SMALL,2004,8,3
10276,0.6885245901639344,1.0,0.4117647058823529,0.699182450243728,2004-08-02,SHIPPED,3,8,2004,CLASSIC CARS,0.6353591160220994,S18_4721,ONLINE MINI COLLECTABLES,6175557555,7635 SPINNAKER DR.,BRICKHAVEN,58339,USA,DESCONOCIDO,BARAJAS,MIGUEL,MEDIUM,2004,8,3
10276,0.3934426229508197,1.0,0.23529411764705882,0.4600556615404148,2004-08-02,SHIPPED,3,8,2004,CLASSIC CARS,0.6243093922651933,S18_3482,ONLINE MINI COLLECTABLES,6175557555,7635 SPINNAKER DR.,BRICKHAVEN,58339,USA,DESCONOCIDO,BARAJAS,MIGUEL,MEDIUM,2004,8,3
10276,0.5245901639344263,0.7783096280087529,0.1764705882352941,0.36108369611338115,2004-08-02,SHIPPED,3,8,2004,CLASSIC CARS,0.2541436464088398,S12_3990,ONLINE MINI COLLECTABLES,6175557555,7635 SPINNAKER DR.,BRICKHAVEN,58339,USA,DESCONOCIDO,BARAJAS,MIGUEL,MEDIUM,2004,8,3
10276,0.6065573770491803,1.0,0.7647058823529411,0.628029227320261,2004-08-02,SHIPPED,3,8,2004,MOTORCYCLES,0.6464088397790055,S12_2823,ONLINE MINI COLLECTABLES,6175557555,7635 SPINNAKER DR.,BRICKHAVEN,58339,USA,DESCONOCIDO,BARAJAS,MIGUEL,MEDIUM,2004,8,3
10276,0.6721311475409837,1.0,0.0,0.6658750655676909,2004-08-02,SHIPPED,3,8,2004,CLASSIC CARS,0.4640883977900553,S12_3380,ONLINE MINI COLLECTABLES,6175557555,7635 SPINNAKER DR.,BRICKHAVEN,58339,USA,DESCONOCIDO,BARAJAS,MIGUEL,MEDIUM,2004,8,3
10276,0.2295081967213115,0.4697757111597374,0.058823529411764705,0.09922454720706694,2004-08-02,SHIPPED,3,8,2004,CLASSIC CARS,0.15469613259668508,S24_3371,ONLINE MINI COLLECTABLES,6175557555,7635 SPINNAKER DR.,BRICKHAVEN,58339,USA,DESCONOCIDO,BARAJAS,MIGUEL,SMALL,2004,8,3
10276,0.4426229508196722,0.32111597374179435,0.47058823529411764,0.1576631507906545,2004-08-02,SHIPPED,3,8,2004,MOTORCYCLES,0.16022099447513816,S18_3782,ONLINE MINI COLLECTABLES,6175557555,7635 SPINNAKER DR.,BRICKHAVEN,58339,USA,DESCONOCIDO,BARAJAS,MIGUEL,SMALL,2004,8,3
10276,0.5245901639344263,0.5891684901531727,0.2941176470588235,0.29084992432569684,2004-08-02,SHIPPED,3,8,2004,CLASSIC CARS,0.2596685082872928,S18_3278,ONLINE MINI COLLECTABLES,6175557555,7635 SPINNAKER DR.,BRICKHAVEN,58339,USA,DESCONOCIDO,BARAJAS,MIGUEL,SMALL,2004,8,3
10276,0.6557377049180328,0.6647975929978118,0.6470588235294117,0.3996418417087358,2004-08-02,SHIPPED,3,8,2004,MOTORCYCLES,0.19889502762430938,S24_2360,ONLINE MINI COLLECTABLES,6175557555,7635 SPINNAKER DR.,BRICKHAVEN,58339,USA,DESCONOCIDO,BARAJAS,MIGUEL,MEDIUM,2004,8,3
10276,0.2459016393442623,0.600382932166302,0.5882352941176471,0.13420912835898688,2004-08-02,SHIPPED,3,8,2004,MOTORCYCLES,0.26519337016574585,S50_4713,ONLINE MINI COLLECTABLES,6175557555,7635 SPINNAKER DR.,BRICKHAVEN,58339,USA,DESCONOCIDO,BARAJAS,MIGUEL,SMALL,2004,8,3
10276,0.6885245901639344,0.6605579868708973,0.3529411764705882,0.4178304026942056,2004-08-02,SHIPPED,3,8,2004,CLASSIC CARS,0.2596685082872928,S24_4620,ONLINE MINI COLLECTABLES,6175557555,7635 SPINNAKER DR.,BRICKHAVEN,58339,USA,DESCONOCIDO,BARAJAS,MIGUEL,MEDIUM,2004,8,3
10276,0.7213114754098361,1.0,0.1176470588235294,1.0,2004-08-02,SHIPPED,3,8,2004,CLASSIC CARS,0.8895027624309392,S12_1099,ONLINE MINI COLLECTABLES,6175557555,7635 SPINNAKER DR.,BRICKHAVEN,58339,USA,DESCONOCIDO,BARAJAS,MIGUEL,LARGE,2004,8,3
10277,0.36065573770491804,1.0,0.0,0.3535810817583167,2004-08-04,SHIPPED,3,8,2004,CLASSIC CARS,0.4530386740331491,S12_4675,"DRAGON SOUVENIERS, LTD.",+65 221 7555,"BRONZ SOK., BRONZ APT. 3/6 TESVIKIYE",SINGAPORE,79903,SINGAPORE,JAPAN,NATIVIDAD,ERIC,MEDIUM,2004,8,3
10278,0.4098360655737705,0.16425054704595188,0.4117647058823529,0.09668402887985325,2004-08-06,SHIPPED,3,8,2004,CLASSIC CARS,0.022099447513812154,S24_2972,SIGNAL GIFT STORES,7025551838,8489 STRONG ST.,LAS VEGAS,83030,USA,DESCONOCIDO,KING,SUE,SMALL,2004,8,3
10278,0.3770491803278689,0.875,0.5294117647058824,0.2877040115733239,2004-08-06,SHIPPED,3,8,2004,CLASSIC CARS,0.2430939226519337,S18_1889,SIGNAL GIFT STORES,7025551838,8489 STRONG ST.,LAS VEGAS,83030,USA,DESCONOCIDO,KING,SUE,SMALL,2004,8,3
10278,0.5901639344262295,1.0,0.3529411764705882,0.7910340150145837,2004-08-06,SHIPPED,3,8,2004,CLASSIC CARS,0.7513812154696132,S18_3232,SIGNAL GIFT STORES,7025551838,8489 STRONG ST.,LAS VEGAS,83030,USA,DESCONOCIDO,KING,SUE,MEDIUM,2004,8,3
10278,0.4098360655737705,1.0,0.1764705882352941,0.4857414912348109,2004-08-06,SHIPPED,3,8,2004,CLASSIC CARS,0.5966850828729282,S18_3685,SIGNAL GIFT STORES,7025551838,8489 STRONG ST.,LAS VEGAS,83030,USA,DESCONOCIDO,KING,SUE,MEDIUM,2004,8,3
10278,0.3114754098360656,1.0,0.47058823529411764,0.35784022531898474,2004-08-06,SHIPPED,3,8,2004,CLASSIC CARS,0.5911602209944752,S24_3856,SIGNAL GIFT STORES,7025551838,8489 STRONG ST.,LAS VEGAS,83030,USA,DESCONOCIDO,KING,SUE,MEDIUM,2004,8,3
10278,0.459016393442623,1.0,0.2941176470588235,0.5593857852587125,2004-08-06,SHIPPED,3,8,2004,CLASSIC CARS,0.5966850828729282,S18_1129,SIGNAL GIFT STORES,7025551838,8489 STRONG ST.,LAS VEGAS,83030,USA,DESCONOCIDO,KING,SUE,MEDIUM,2004,8,3
10278,0.27868852459016397,1.0,0.058823529411764705,0.28363864768516817,2004-08-06,SHIPPED,3,8,2004,CLASSIC CARS,0.5027624309392266,S18_1589,SIGNAL GIFT STORES,7025551838,8489 STRONG ST.,LAS VEGAS,83030,USA,DESCONOCIDO,KING,SUE,SMALL,2004,8,3
10278,0.5409836065573771,1.0,0.1176470588235294,0.513474703400165,2004-08-06,SHIPPED,3,8,2004,CLASSIC CARS,0.5469613259668508,S18_2870,SIGNAL GIFT STORES,7025551838,8489 STRONG ST.,LAS VEGAS,83030,USA,DESCONOCIDO,KING,SUE,MEDIUM,2004,8,3
10278,0.47540983606557385,0.25164113785557984,0.0,0.14736209068220468,2004-08-06,SHIPPED,3,8,2004,CLASSIC CARS,0.09392265193370164,S24_1628,SIGNAL GIFT STORES,7025551838,8489 STRONG ST.,LAS VEGAS,83030,USA,DESCONOCIDO,KING,SUE,SMALL,2004,8,3
10278,0.3770491803278689,1.0,0.23529411764705882,0.4372631628183583,2004-08-06,SHIPPED,3,8,2004,CLASSIC CARS,0.6022099447513812,S18_1984,SIGNAL GIFT STORES,7025551838,8489 STRONG ST.,LAS VEGAS,83030,USA,DESCONOCIDO,KING,SUE,MEDIUM,2004,8,3
10279,0.6885245901639344,1.0,0.058823529411764705,0.6814135224801126,2004-08-09,SHIPPED,3,8,2004,CLASSIC CARS,0.4640883977900553,S24_2887,EURO SHOPPING CHANNEL,(91) 555 94 44,"C/ MORALZARZAL, 86",MADRID,28034,SPAIN,EMEA,FREYRE,DIEGO,MEDIUM,2004,8,3
10279,0.7049180327868853,0.7260667396061269,0.1176470588235294,0.459244459738932,2004-08-09,SHIPPED,3,8,2004,CLASSIC CARS,0.3149171270718232,S24_2766,EURO SHOPPING CHANNEL,(91) 555 94 44,"C/ MORALZARZAL, 86",MADRID,28034,SPAIN,EMEA,FREYRE,DIEGO,MEDIUM,2004,8,3
10279,0.4426229508196722,0.6042122538293216,0.1764705882352941,0.2489534227169915,2004-08-09,SHIPPED,3,8,2004,CLASSIC CARS,0.287292817679558,S24_3191,EURO SHOPPING CHANNEL,(91) 555 94 44,"C/ MORALZARZAL, 86",MADRID,28034,SPAIN,EMEA,FREYRE,DIEGO,SMALL,2004,8,3
10279,0.3278688524590164,0.46088621444201305,0.0,0.14606309867060463,2004-08-09,SHIPPED,3,8,2004,CLASSIC CARS,0.2099447513812155,S18_4933,EURO SHOPPING CHANNEL,(91) 555 94 44,"C/ MORALZARZAL, 86",MADRID,28034,SPAIN,EMEA,FREYRE,DIEGO,SMALL,2004,8,3
10279,0.6885245901639344,1.0,0.2941176470588235,0.7598662252053898,2004-08-09,SHIPPED,3,8,2004,CLASSIC CARS,0.4088397790055248,S24_3432,EURO SHOPPING CHANNEL,(91) 555 94 44,"C/ MORALZARZAL, 86",MADRID,28034,SPAIN,EMEA,FREYRE,DIEGO,MEDIUM,2004,8,3
10279,0.42622950819672134,0.6575492341356672,0.23529411764705882,0.25613529830375964,2004-08-09,SHIPPED,3,8,2004,CLASSIC CARS,0.22099447513812154,S24_1046,EURO SHOPPING CHANNEL,(91) 555 94 44,"C/ MORALZARZAL, 86",MADRID,28034,SPAIN,EMEA,FREYRE,DIEGO,SMALL,2004,8,3
10280,0.34426229508196726,0.42122538293216627,0.4117647058823529,0.1436949774313502,2004-08-17,SHIPPED,3,8,2004,VINTAGE CARS,0.11049723756906077,S18_1367,AMICA MODELS & CO.,011-4988555,VIA MONTE BIANCO 34,TORINO,10100,ITALY,EMEA,ACCORTI,PAOLO,SMALL,2004,8,3
10280,0.26229508196721313,1.0,0.5294117647058824,0.5309389293338991,2004-08-17,SHIPPED,3,8,2004,VINTAGE CARS,0.7458563535911602,S18_2795,AMICA MODELS & CO.,011-4988555,VIA MONTE BIANCO 34,TORINO,10100,ITALY,EMEA,ACCORTI,PAOLO,MEDIUM,2004,8,3
10280,0.3114754098360656,0.4934354485776805,0.8235294117647058,0.1459187662248713,2004-08-17,SHIPPED,3,8,2004,VINTAGE CARS,0.14917127071823205,S18_2248,AMICA MODELS & CO.,011-4988555,VIA MONTE BIANCO 34,TORINO,10100,ITALY,EMEA,ACCORTI,PAOLO,SMALL,2004,8,3
10280,0.6557377049180328,1.0,0.1176470588235294,0.6206442171802384,2004-08-17,SHIPPED,3,8,2004,VINTAGE CARS,0.37569060773480667,S18_2949,AMICA MODELS & CO.,011-4988555,VIA MONTE BIANCO 34,TORINO,10100,ITALY,EMEA,ACCORTI,PAOLO,MEDIUM,2004,8,3
10280,0.2295081967213115,0.027352297592997787,0.6470588235294117,0.012758720920520258,2004-08-17,SHIPPED,3,8,2004,VINTAGE CARS,0.0,S24_1937,AMICA MODELS & CO.,011-4988555,VIA MONTE BIANCO 34,TORINO,10100,ITALY,EMEA,ACCORTI,PAOLO,SMALL,2004,8,3
10280,0.2459016393442623,0.7112964989059081,0.2941176470588235,0.1569695532042137,2004-08-17,SHIPPED,3,8,2004,VINTAGE CARS,0.35359116022099446,S24_4258,AMICA MODELS & CO.,011-4988555,VIA MONTE BIANCO 34,TORINO,10100,ITALY,EMEA,ACCORTI,PAOLO,SMALL,2004,8,3
10280,0.3278688524590164,1.0,0.8823529411764706,0.4258435262554751,2004-08-17,SHIPPED,3,8,2004,VINTAGE CARS,0.7569060773480663,S18_1749,AMICA MODELS & CO.,011-4988555,VIA MONTE BIANCO 34,TORINO,10100,ITALY,EMEA,ACCORTI,PAOLO,MEDIUM,2004,8,3
10280,0.47540983606557385,1.0,0.9411764705882353,0.43058110514551856,2004-08-17,SHIPPED,3,8,2004,VINTAGE CARS,0.32596685082872934,S18_4409,AMICA MODELS & CO.,011-4988555,VIA MONTE BIANCO 34,TORINO,10100,ITALY,EMEA,ACCORTI,PAOLO,MEDIUM,2004,8,3
10280,0.29508196721311475,1.0,0.0,0.3097735116551791,2004-08-17,SHIPPED,3,8,2004,TRUCKS AND BUSES,0.45856353591160215,S18_1097,AMICA MODELS & CO.,011-4988555,VIA MONTE BIANCO 34,TORINO,10100,ITALY,EMEA,ACCORTI,PAOLO,SMALL,2004,8,3
10280,0.6065573770491803,0.5720733041575491,0.23529411764705882,0.3304143878065812,2004-08-17,SHIPPED,3,8,2004,VINTAGE CARS,0.16022099447513816,S18_2957,AMICA MODELS & CO.,011-4988555,VIA MONTE BIANCO 34,TORINO,10100,ITALY,EMEA,ACCORTI,PAOLO,SMALL,2004,8,3
10280,0.639344262295082,0.28186542669584247,0.5882352941176471,0.22116541767872,2004-08-17,SHIPPED,3,8,2004,VINTAGE CARS,0.06077348066298344,S24_2022,AMICA MODELS & CO.,011-4988555,VIA MONTE BIANCO 34,TORINO,10100,ITALY,EMEA,ACCORTI,PAOLO,SMALL,2004,8,3
10280,0.3770491803278689,1.0,0.1764705882352941,0.3373503636709888,2004-08-17,SHIPPED,3,8,2004,VINTAGE CARS,0.39226519337016574,S18_3136,AMICA MODELS & CO.,011-4988555,VIA MONTE BIANCO 34,TORINO,10100,ITALY,EMEA,ACCORTI,PAOLO,MEDIUM,2004,8,3
10280,0.7213114754098361,1.0,0.47058823529411764,0.6357804142207552,2004-08-17,SHIPPED,3,8,2004,VINTAGE CARS,0.3812154696132597,S18_1342,AMICA MODELS & CO.,011-4988555,VIA MONTE BIANCO 34,TORINO,10100,ITALY,EMEA,ACCORTI,PAOLO,MEDIUM,2004,8,3
10280,0.459016393442623,1.0,0.3529411764705882,0.39989843272337283,2004-08-17,SHIPPED,3,8,2004,VINTAGE CARS,0.3646408839779005,S18_3320,AMICA MODELS & CO.,011-4988555,VIA MONTE BIANCO 34,TORINO,10100,ITALY,EMEA,ACCORTI,PAOLO,MEDIUM,2004,8,3
10280,0.5081967213114754,1.0,0.7058823529411764,0.5704699825264192,2004-08-17,SHIPPED,3,8,2004,VINTAGE CARS,0.5193370165745856,S18_2325,AMICA MODELS & CO.,011-4988555,VIA MONTE BIANCO 34,TORINO,10100,ITALY,EMEA,ACCORTI,PAOLO,MEDIUM,2004,8,3
10280,0.4426229508196722,0.20473194748358858,0.7647058823529411,0.12013270566538259,2004-08-17,SHIPPED,3,8,2004,VINTAGE CARS,0.04419889502762431,S24_3969,AMICA MODELS & CO.,011-4988555,VIA MONTE BIANCO 34,TORINO,10100,ITALY,EMEA,ACCORTI,PAOLO,SMALL,2004,8,3
10280,0.459016393442623,1.0,0.058823529411764705,1.0,2004-08-17,SHIPPED,3,8,2004,CLASSIC CARS,0.9999999999999999,S10_1949,AMICA MODELS & CO.,011-4988555,VIA MONTE BIANCO 34,TORINO,10100,ITALY,EMEA,ACCORTI,PAOLO,LARGE,2004,8,3
10281,0.6229508196721312,0.4511761487964989,0.7647058823529411,0.28761580841204243,2004-08-19,SHIPPED,3,8,2004,VINTAGE CARS,0.09392265193370164,S18_4668,DIECAST CLASSICS INC.,2155551555,7586 POMPTON ST.,ALLENTOWN,70267,USA,DESCONOCIDO,YU,KYUNG,SMALL,2004,8,3
10281,0.3770491803278689,0.7651805251641137,0.4117647058823529,0.25658299616783997,2004-08-19,SHIPPED,3,8,2004,TRUCKS AND BUSES,0.34806629834254144,S32_1268,DIECAST CLASSICS INC.,2155551555,7586 POMPTON ST.,ALLENTOWN,70267,USA,DESCONOCIDO,YU,KYUNG,SMALL,2004,8,3
10281,0.4918032786885246,0.6932439824945293,0.6470588235294117,0.30876318453504575,2004-08-19,SHIPPED,3,8,2004,TRUCKS AND BUSES,0.1712707182320442,S32_3522,DIECAST CLASSICS INC.,2155551555,7586 POMPTON ST.,ALLENTOWN,70267,USA,DESCONOCIDO,YU,KYUNG,SMALL,2004,8,3
10281,0.2295081967213115,0.18845733041575485,0.058823529411764705,0.04424457667494128,2004-08-19,SHIPPED,3,8,2004,CLASSIC CARS,0.011049723756906105,S24_2840,DIECAST CLASSICS INC.,2155551555,7586 POMPTON ST.,ALLENTOWN,70267,USA,DESCONOCIDO,YU,KYUNG,SMALL,2004,8,3
10281,0.3114754098360656,1.0,0.2941176470588235,0.30702317671703827,2004-08-19,SHIPPED,3,8,2004,TRUCKS AND BUSES,0.5193370165745856,S24_2300,DIECAST CLASSICS INC.,2155551555,7586 POMPTON ST.,ALLENTOWN,70267,USA,DESCONOCIDO,YU,KYUNG,SMALL,2004,8,3
10281,0.3114754098360656,0.9902899343544858,0.5294117647058824,0.2672983438520058,2004-08-19,SHIPPED,3,8,2004,TRUCKS AND BUSES,0.4861878453038674,S18_4600,DIECAST CLASSICS INC.,2155551555,7586 POMPTON ST.,ALLENTOWN,70267,USA,DESCONOCIDO,YU,KYUNG,SMALL,2004,8,3
10281,0.4098360655737705,0.387171772428884,0.1176470588235294,0.16421290372157205,2004-08-19,SHIPPED,3,8,2004,TRUCKS AND BUSES,0.11602209944751385,S32_2509,DIECAST CLASSICS INC.,2155551555,7586 POMPTON ST.,ALLENTOWN,70267,USA,DESCONOCIDO,YU,KYUNG,SMALL,2004,8,3
10281,0.34426229508196726,0.8082603938730855,0.5882352941176471,0.24581018278768763,2004-08-19,SHIPPED,3,8,2004,CLASSIC CARS,0.37569060773480667,S700_2824,DIECAST CLASSICS INC.,2155551555,7586 POMPTON ST.,ALLENTOWN,70267,USA,DESCONOCIDO,YU,KYUNG,SMALL,2004,8,3
10281,0.3114754098360656,1.0,0.7058823529411764,0.32827212011666873,2004-08-19,SHIPPED,3,8,2004,TRUCKS AND BUSES,0.569060773480663,S12_1666,DIECAST CLASSICS INC.,2155551555,7586 POMPTON ST.,ALLENTOWN,70267,USA,DESCONOCIDO,YU,KYUNG,SMALL,2004,8,3
10281,0.6885245901639344,1.0,0.1764705882352941,0.7071367716974765,2004-08-19,SHIPPED,3,8,2004,TRUCKS AND BUSES,0.4917127071823204,S18_2319,DIECAST CLASSICS INC.,2155551555,7586 POMPTON ST.,ALLENTOWN,70267,USA,DESCONOCIDO,YU,KYUNG,MEDIUM,2004,8,3
10281,0.5737704918032788,1.0,0.0,0.6368067782793034,2004-08-19,SHIPPED,3,8,2004,TRUCKS AND BUSES,0.4696132596685083,S12_4473,DIECAST CLASSICS INC.,2155551555,7586 POMPTON ST.,ALLENTOWN,70267,USA,DESCONOCIDO,YU,KYUNG,MEDIUM,2004,8,3
10281,0.3770491803278689,0.42190919037199115,0.3529411764705882,0.1593056005666385,2004-08-19,SHIPPED,3,8,2004,TRUCKS AND BUSES,0.14917127071823205,S18_2432,DIECAST CLASSICS INC.,2155551555,7586 POMPTON ST.,ALLENTOWN,70267,USA,DESCONOCIDO,YU,KYUNG,SMALL,2004,8,3
10281,0.3114754098360656,1.0,0.23529411764705882,0.49569107510966925,2004-08-19,SHIPPED,3,8,2004,CLASSIC CARS,0.7513812154696132,S18_3232,DIECAST CLASSICS INC.,2155551555,7586 POMPTON ST.,ALLENTOWN,70267,USA,DESCONOCIDO,YU,KYUNG,MEDIUM,2004,8,3
10281,0.6229508196721312,1.0,0.47058823529411764,0.8738140182887919,2004-08-19,SHIPPED,3,8,2004,CLASSIC CARS,0.6298342541436464,S10_4962,DIECAST CLASSICS INC.,2155551555,7586 POMPTON ST.,ALLENTOWN,70267,USA,DESCONOCIDO,YU,KYUNG,LARGE,2004,8,3
10283,0.5245901639344263,0.8547592997811815,0.5882352941176471,0.3894717499306737,2004-08-20,SHIPPED,3,8,2004,SHIPS,0.3646408839779005,S700_3962,"ROYAL CANADIAN COLLECTABLES, LTD.",(604) 555-4555,23 TSAWASSEN BLVD.,TSAWASSEN,T2F 8M4,CANADA,DESCONOCIDO,LINCOLN,ELIZABETH,MEDIUM,2004,8,3
10283,0.4426229508196722,0.6301969365426695,0.23529411764705882,0.25733272303873256,2004-08-20,SHIPPED,3,8,2004,VINTAGE CARS,0.27624309392265195,S24_3816,"ROYAL CANADIAN COLLECTABLES, LTD.",(604) 555-4555,23 TSAWASSEN BLVD.,TSAWASSEN,T2F 8M4,CANADA,DESCONOCIDO,LINCOLN,ELIZABETH,SMALL,2004,8,3
10283,0.3114754098360656,1.0,0.2941176470588235,0.3354219218266073,2004-08-20,SHIPPED,3,8,2004,CLASSIC CARS,0.569060773480663,S10_4757,"ROYAL CANADIAN COLLECTABLES, LTD.",(604) 555-4555,23 TSAWASSEN BLVD.,TSAWASSEN,T2F 8M4,CANADA,DESCONOCIDO,LINCOLN,ELIZABETH,SMALL,2004,8,3
10282,0.4918032786885246,1.0,0.1176470588235294,0.49350871507371985,2004-08-20,SHIPPED,3,8,2004,TRAINS,0.37016574585635353,S18_3259,MINI GIFTS DISTRIBUTORS LTD.,4155551450,5677 STRONG ST.,SAN RAFAEL,97562,USA,DESCONOCIDO,NELSON,VALARIE,MEDIUM,2004,8,3
10283,0.6721311475409837,0.5318654266958424,0.3529411764705882,0.34867778783798686,2004-08-20,SHIPPED,3,8,2004,SHIPS,0.2154696132596685,S700_2610,"ROYAL CANADIAN COLLECTABLES, LTD.",(604) 555-4555,23 TSAWASSEN BLVD.,TSAWASSEN,T2F 8M4,CANADA,DESCONOCIDO,LINCOLN,ELIZABETH,MEDIUM,2004,8,3
10283,0.2459016393442623,0.9734682713347922,0.1764705882352941,0.21076947235131588,2004-08-20,SHIPPED,3,8,2004,SHIPS,0.2928176795580111,S18_3029,"ROYAL CANADIAN COLLECTABLES, LTD.",(604) 555-4555,23 TSAWASSEN BLVD.,TSAWASSEN,T2F 8M4,CANADA,DESCONOCIDO,LINCOLN,ELIZABETH,SMALL,2004,8,3
10282,0.29508196721311475,1.0,0.1764705882352941,0.44057078136641403,2004-08-20,SHIPPED,3,8,2004,CLASSIC CARS,0.7734806629834254,S12_3891,MINI GIFTS DISTRIBUTORS LTD.,4155551450,5677 STRONG ST.,SAN RAFAEL,97562,USA,DESCONOCIDO,NELSON,VALARIE,MEDIUM,2004,8,3
10282,0.5245901639344263,1.0,0.6470588235294117,0.5116571837131527,2004-08-20,SHIPPED,3,8,2004,TRUCKS AND BUSES,0.4530386740331491,S50_1392,MINI GIFTS DISTRIBUTORS LTD.,4155551450,5677 STRONG ST.,SAN RAFAEL,97562,USA,DESCONOCIDO,NELSON,VALARIE,MEDIUM,2004,8,3
10283,0.459016393442623,1.0,0.7647058823529411,0.41412052427424506,2004-08-20,SHIPPED,3,8,2004,VINTAGE CARS,0.2983425414364641,S18_4522,"ROYAL CANADIAN COLLECTABLES, LTD.",(604) 555-4555,23 TSAWASSEN BLVD.,TSAWASSEN,T2F 8M4,CANADA,DESCONOCIDO,LINCOLN,ELIZABETH,MEDIUM,2004,8,3
10282,0.5081967213114754,0.5456783369803063,0.3529411764705882,0.26577617111413293,2004-08-20,SHIPPED,3,8,2004,TRAINS,0.13812154696132595,S50_1514,MINI GIFTS DISTRIBUTORS LTD.,4155551450,5677 STRONG ST.,SAN RAFAEL,97562,USA,DESCONOCIDO,NELSON,VALARIE,SMALL,2004,8,3
10282,0.4918032786885246,0.4481673960612691,0.47058823529411764,0.22254860361699785,2004-08-20,SHIPPED,3,8,2004,TRAINS,0.16022099447513816,S32_3207,MINI GIFTS DISTRIBUTORS LTD.,4155551450,5677 STRONG ST.,SAN RAFAEL,97562,USA,DESCONOCIDO,NELSON,VALARIE,SMALL,2004,8,3
10282,0.5737704918032788,1.0,0.23529411764705882,0.8805802698883095,2004-08-20,SHIPPED,3,8,2004,CLASSIC CARS,0.9613259668508286,S12_1108,MINI GIFTS DISTRIBUTORS LTD.,4155551450,5677 STRONG ST.,SAN RAFAEL,97562,USA,DESCONOCIDO,NELSON,VALARIE,LARGE,2004,8,3
10283,0.6557377049180328,1.0,0.1176470588235294,0.7100902411888718,2004-08-20,SHIPPED,3,8,2004,VINTAGE CARS,0.39779005524861877,S18_3856,"ROYAL CANADIAN COLLECTABLES, LTD.",(604) 555-4555,23 TSAWASSEN BLVD.,TSAWASSEN,T2F 8M4,CANADA,DESCONOCIDO,LINCOLN,ELIZABETH,MEDIUM,2004,8,3
10283,0.459016393442623,0.9034463894967177,0.4117647058823529,0.3578682899612107,2004-08-20,SHIPPED,3,8,2004,VINTAGE CARS,0.30386740331491713,S24_3151,"ROYAL CANADIAN COLLECTABLES, LTD.",(604) 555-4555,23 TSAWASSEN BLVD.,TSAWASSEN,T2F 8M4,CANADA,DESCONOCIDO,LINCOLN,ELIZABETH,MEDIUM,2004,8,3
10282,0.4098360655737705,1.0,0.4117647058823529,0.5603132548637028,2004-08-20,SHIPPED,3,8,2004,CLASSIC CARS,0.6077348066298343,S18_4027,MINI GIFTS DISTRIBUTORS LTD.,4155551450,5677 STRONG ST.,SAN RAFAEL,97562,USA,DESCONOCIDO,NELSON,VALARIE,MEDIUM,2004,8,3
10282,0.34426229508196726,1.0,0.2941176470588235,0.5188871701151653,2004-08-20,SHIPPED,3,8,2004,CLASSIC CARS,0.6519337016574586,S12_3148,MINI GIFTS DISTRIBUTORS LTD.,4155551450,5677 STRONG ST.,SAN RAFAEL,97562,USA,DESCONOCIDO,NELSON,VALARIE,MEDIUM,2004,8,3
10282,0.6065573770491803,1.0,0.0,0.8303659428884531,2004-08-20,SHIPPED,3,8,2004,VINTAGE CARS,0.569060773480663,S18_3140,MINI GIFTS DISTRIBUTORS LTD.,4155551450,5677 STRONG ST.,SAN RAFAEL,97562,USA,DESCONOCIDO,NELSON,VALARIE,MEDIUM,2004,8,3
10282,0.27868852459016397,1.0,0.7058823529411764,0.36838183950365677,2004-08-20,SHIPPED,3,8,2004,CLASSIC CARS,0.718232044198895,S18_2238,MINI GIFTS DISTRIBUTORS LTD.,4155551450,5677 STRONG ST.,SAN RAFAEL,97562,USA,DESCONOCIDO,NELSON,VALARIE,MEDIUM,2004,8,3
10283,0.4426229508196722,0.3342450765864332,0.6470588235294117,0.16189690253216574,2004-08-20,SHIPPED,3,8,2004,SHIPS,0.11602209944751385,S72_3212,"ROYAL CANADIAN COLLECTABLES, LTD.",(604) 555-4555,23 TSAWASSEN BLVD.,TSAWASSEN,T2F 8M4,CANADA,DESCONOCIDO,LINCOLN,ELIZABETH,SMALL,2004,8,3
10283,0.639344262295082,0.7082877461706782,0.47058823529411764,0.40867732009394975,2004-08-20,SHIPPED,3,8,2004,SHIPS,0.18232044198895025,S700_1138,"ROYAL CANADIAN COLLECTABLES, LTD.",(604) 555-4555,23 TSAWASSEN BLVD.,TSAWASSEN,T2F 8M4,CANADA,DESCONOCIDO,LINCOLN,ELIZABETH,MEDIUM,2004,8,3
10283,0.6065573770491803,0.4202680525164114,0.0,0.2666274652616527,2004-08-20,SHIPPED,3,8,2004,PLANES,0.08839779005524862,S72_1253,"ROYAL CANADIAN COLLECTABLES, LTD.",(604) 555-4555,23 TSAWASSEN BLVD.,TSAWASSEN,T2F 8M4,CANADA,DESCONOCIDO,LINCOLN,ELIZABETH,SMALL,2004,8,3
10283,0.2295081967213115,0.9198577680525164,0.058823529411764705,0.18718715441232975,2004-08-20,SHIPPED,3,8,2004,SHIPS,0.3149171270718232,S700_2047,"ROYAL CANADIAN COLLECTABLES, LTD.",(604) 555-4555,23 TSAWASSEN BLVD.,TSAWASSEN,T2F 8M4,CANADA,DESCONOCIDO,LINCOLN,ELIZABETH,SMALL,2004,8,3
10283,0.26229508196721313,0.8379376367614881,0.5294117647058824,0.19473787958263866,2004-08-20,SHIPPED,3,8,2004,SHIPS,0.37016574585635353,S700_3505,"ROYAL CANADIAN COLLECTABLES, LTD.",(604) 555-4555,23 TSAWASSEN BLVD.,TSAWASSEN,T2F 8M4,CANADA,DESCONOCIDO,LINCOLN,ELIZABETH,SMALL,2004,8,3
10282,0.3770491803278689,0.2727024070021882,0.5882352941176471,0.11702287602444297,2004-08-20,SHIPPED,3,8,2004,CLASSIC CARS,0.13259668508287292,S24_1444,MINI GIFTS DISTRIBUTORS LTD.,4155551450,5677 STRONG ST.,SAN RAFAEL,97562,USA,DESCONOCIDO,NELSON,VALARIE,SMALL,2004,8,3
10282,0.6065573770491803,0.8168763676148796,0.058823529411764705,0.43327798362227665,2004-08-20,SHIPPED,3,8,2004,SHIPS,0.2928176795580111,S700_1938,MINI GIFTS DISTRIBUTORS LTD.,4155551450,5677 STRONG ST.,SAN RAFAEL,97562,USA,DESCONOCIDO,NELSON,VALARIE,MEDIUM,2004,8,3
10283,0.5901639344262295,1.0,0.7058823529411764,0.6460520732754444,2004-08-20,SHIPPED,3,8,2004,SHIPS,0.4917127071823204,S24_2011,"ROYAL CANADIAN COLLECTABLES, LTD.",(604) 555-4555,23 TSAWASSEN BLVD.,TSAWASSEN,T2F 8M4,CANADA,DESCONOCIDO,LINCOLN,ELIZABETH,MEDIUM,2004,8,3
10282,0.5409836065573771,1.0,0.5294117647058824,0.5766963238659714,2004-08-20,SHIPPED,3,8,2004,CLASSIC CARS,0.4696132596685083,S24_4048,MINI GIFTS DISTRIBUTORS LTD.,4155551450,5677 STRONG ST.,SAN RAFAEL,97562,USA,DESCONOCIDO,NELSON,VALARIE,MEDIUM,2004,8,3
10284,0.29508196721311475,0.7691466083150986,0.2941176470588235,0.2021656548917674,2004-08-21,SHIPPED,3,8,2004,PLANES,0.3204419889502762,S700_1691,"NORWAY GIFTS BY MAIL, CO.",+47 2212 1555,"DRAMMENSVEIEN 126 A, PB 744 SENTRUM",OSLO,N 0106,NORWAY,EMEA,KLAEBOE,JAN,SMALL,2004,8,3
10284,0.3934426229508197,0.6442833698030634,0.6470588235294117,0.23221085901192412,2004-08-21,SHIPPED,3,8,2004,PLANES,0.19337016574585636,S24_2841,"NORWAY GIFTS BY MAIL, CO.",+47 2212 1555,"DRAMMENSVEIEN 126 A, PB 744 SENTRUM",OSLO,N 0106,NORWAY,EMEA,KLAEBOE,JAN,SMALL,2004,8,3
10284,0.2459016393442623,0.3977024070021882,0.5294117647058824,0.09261732858016297,2004-08-21,SHIPPED,3,8,2004,PLANES,0.19337016574585636,S24_3949,"NORWAY GIFTS BY MAIL, CO.",+47 2212 1555,"DRAMMENSVEIEN 126 A, PB 744 SENTRUM",OSLO,N 0106,NORWAY,EMEA,KLAEBOE,JAN,SMALL,2004,8,3
10284,0.2459016393442623,0.6033916849015317,0.058823529411764705,0.13482655048795728,2004-08-21,SHIPPED,3,8,2004,PLANES,0.2154696132596685,S24_4278,"NORWAY GIFTS BY MAIL, CO.",+47 2212 1555,"DRAMMENSVEIEN 126 A, PB 744 SENTRUM",OSLO,N 0106,NORWAY,EMEA,KLAEBOE,JAN,SMALL,2004,8,3
10284,0.42622950819672134,0.5132658643326039,0.47058823529411764,0.21101804489674547,2004-08-21,SHIPPED,3,8,2004,PLANES,0.22651933701657456,S700_4002,"NORWAY GIFTS BY MAIL, CO.",+47 2212 1555,"DRAMMENSVEIEN 126 A, PB 744 SENTRUM",OSLO,N 0106,NORWAY,EMEA,KLAEBOE,JAN,SMALL,2004,8,3
10284,0.26229508196721313,1.0,0.1176470588235294,0.24439625938411474,2004-08-21,SHIPPED,3,8,2004,PLANES,0.419889502762431,S24_1785,"NORWAY GIFTS BY MAIL, CO.",+47 2212 1555,"DRAMMENSVEIEN 126 A, PB 744 SENTRUM",OSLO,N 0106,NORWAY,EMEA,KLAEBOE,JAN,SMALL,2004,8,3
10284,0.4426229508196722,0.3425875273522976,0.23529411764705882,0.16458709895125107,2004-08-21,SHIPPED,3,8,2004,VINTAGE CARS,0.05524861878453041,S50_1341,"NORWAY GIFTS BY MAIL, CO.",+47 2212 1555,"DRAMMENSVEIEN 126 A, PB 744 SENTRUM",OSLO,N 0106,NORWAY,EMEA,KLAEBOE,JAN,SMALL,2004,8,3
10284,0.4098360655737705,0.6144693654266958,0.0,0.2330674988055822,2004-08-21,SHIPPED,3,8,2004,PLANES,0.281767955801105,S18_2581,"NORWAY GIFTS BY MAIL, CO.",+47 2212 1555,"DRAMMENSVEIEN 126 A, PB 744 SENTRUM",OSLO,N 0106,NORWAY,EMEA,KLAEBOE,JAN,SMALL,2004,8,3
10284,0.5409836065573771,0.612554704595186,0.7058823529411764,0.309111987945568,2004-08-21,SHIPPED,3,8,2004,VINTAGE CARS,0.17679558011049723,S24_3420,"NORWAY GIFTS BY MAIL, CO.",+47 2212 1555,"DRAMMENSVEIEN 126 A, PB 744 SENTRUM",OSLO,N 0106,NORWAY,EMEA,KLAEBOE,JAN,SMALL,2004,8,3
10284,0.639344262295082,1.0,0.4117647058823529,0.5472364679979553,2004-08-21,SHIPPED,3,8,2004,PLANES,0.3646408839779005,S700_2466,"NORWAY GIFTS BY MAIL, CO.",+47 2212 1555,"DRAMMENSVEIEN 126 A, PB 744 SENTRUM",OSLO,N 0106,NORWAY,EMEA,KLAEBOE,JAN,MEDIUM,2004,8,3
10284,0.639344262295082,1.0,0.5882352941176471,0.7037168945805172,2004-08-21,SHIPPED,3,8,2004,PLANES,0.6850828729281768,S18_1662,"NORWAY GIFTS BY MAIL, CO.",+47 2212 1555,"DRAMMENSVEIEN 126 A, PB 744 SENTRUM",OSLO,N 0106,NORWAY,EMEA,KLAEBOE,JAN,MEDIUM,2004,8,3
10284,0.3114754098360656,0.5842450765864332,0.3529411764705882,0.16810319769869933,2004-08-21,SHIPPED,3,8,2004,PLANES,0.2596685082872928,S700_3167,"NORWAY GIFTS BY MAIL, CO.",+47 2212 1555,"DRAMMENSVEIEN 126 A, PB 744 SENTRUM",OSLO,N 0106,NORWAY,EMEA,KLAEBOE,JAN,SMALL,2004,8,3
10284,0.7213114754098361,0.7519146608315099,0.1764705882352941,0.48256083178253917,2004-08-21,SHIPPED,3,8,2004,VINTAGE CARS,0.19337016574585636,S32_4289,"NORWAY GIFTS BY MAIL, CO.",+47 2212 1555,"DRAMMENSVEIEN 126 A, PB 744 SENTRUM",OSLO,N 0106,NORWAY,EMEA,KLAEBOE,JAN,MEDIUM,2004,8,3
10285,0.5245901639344263,0.44693654266958427,0.1176470588235294,0.2380349404795713,2004-08-27,SHIPPED,3,8,2004,MOTORCYCLES,0.19889502762430938,S24_2360,MARTA'S REPLICAS CO.,6175558555,39323 SPINNAKER DR.,CAMBRIDGE,51247,USA,DESCONOCIDO,HERNANDEZ,MARTA,SMALL,2004,8,3
10285,0.7049180327868853,1.0,0.23529411764705882,0.852869776719043,2004-08-27,SHIPPED,3,8,2004,MOTORCYCLES,0.6464088397790055,S12_2823,MARTA'S REPLICAS CO.,6175558555,39323 SPINNAKER DR.,CAMBRIDGE,51247,USA,DESCONOCIDO,HERNANDEZ,MARTA,MEDIUM,2004,8,3
10285,0.2295081967213115,0.3033369803063458,0.5294117647058824,0.06669629045568293,2004-08-27,SHIPPED,3,8,2004,MOTORCYCLES,0.14917127071823205,S18_2625,MARTA'S REPLICAS CO.,6175558555,39323 SPINNAKER DR.,CAMBRIDGE,51247,USA,DESCONOCIDO,HERNANDEZ,MARTA,SMALL,2004,8,3
10285,0.5409836065573771,0.5908096280087527,0.5882352941176471,0.30082490001971207,2004-08-27,SHIPPED,3,8,2004,MOTORCYCLES,0.23756906077348067,S24_2000,MARTA'S REPLICAS CO.,6175558555,39323 SPINNAKER DR.,CAMBRIDGE,51247,USA,DESCONOCIDO,HERNANDEZ,MARTA,SMALL,2004,8,3
10285,0.3278688524590164,1.0,0.1764705882352941,0.28306933637144227,2004-08-27,SHIPPED,3,8,2004,MOTORCYCLES,0.3812154696132597,S32_4485,MARTA'S REPLICAS CO.,6175558555,39323 SPINNAKER DR.,CAMBRIDGE,51247,USA,DESCONOCIDO,HERNANDEZ,MARTA,SMALL,2004,8,3
10285,0.4918032786885246,1.0,0.2941176470588235,0.4834535546876305,2004-08-27,SHIPPED,3,8,2004,MOTORCYCLES,0.3425414364640884,S10_1678,MARTA'S REPLICAS CO.,6175558555,39323 SPINNAKER DR.,CAMBRIDGE,51247,USA,DESCONOCIDO,HERNANDEZ,MARTA,MEDIUM,2004,8,3
10285,0.34426229508196726,1.0,0.4117647058823529,0.662317538062671,2004-08-27,SHIPPED,3,8,2004,MOTORCYCLES,0.8839779005524863,S10_4698,MARTA'S REPLICAS CO.,6175558555,39323 SPINNAKER DR.,CAMBRIDGE,51247,USA,DESCONOCIDO,HERNANDEZ,MARTA,MEDIUM,2004,8,3
10285,0.639344262295082,1.0,0.7058823529411764,0.656267603045682,2004-08-27,SHIPPED,3,8,2004,PLANES,0.4696132596685083,S700_2834,MARTA'S REPLICAS CO.,6175558555,39323 SPINNAKER DR.,CAMBRIDGE,51247,USA,DESCONOCIDO,HERNANDEZ,MARTA,MEDIUM,2004,8,3
10285,0.5081967213114754,0.19351750547045954,0.0,0.13844956215817097,2004-08-27,SHIPPED,3,8,2004,MOTORCYCLES,0.03867403314917128,S32_2206,MARTA'S REPLICAS CO.,6175558555,39323 SPINNAKER DR.,CAMBRIDGE,51247,USA,DESCONOCIDO,HERNANDEZ,MARTA,SMALL,2004,8,3
10285,0.5081967213114754,0.9848194748358863,0.6470588235294117,0.4245512163015479,2004-08-27,SHIPPED,3,8,2004,MOTORCYCLES,0.3646408839779005,S32_1374,MARTA'S REPLICAS CO.,6175558555,39323 SPINNAKER DR.,CAMBRIDGE,51247,USA,DESCONOCIDO,HERNANDEZ,MARTA,MEDIUM,2004,8,3
10285,0.6721311475409837,1.0,0.47058823529411764,0.8021756779782767,2004-08-27,SHIPPED,3,8,2004,MOTORCYCLES,0.4696132596685083,S10_2016,MARTA'S REPLICAS CO.,6175558555,39323 SPINNAKER DR.,CAMBRIDGE,51247,USA,DESCONOCIDO,HERNANDEZ,MARTA,MEDIUM,2004,8,3
10285,0.5409836065573771,0.711706783369803,0.058823529411764705,0.3468990240854769,2004-08-27,SHIPPED,3,8,2004,MOTORCYCLES,0.26519337016574585,S50_4713,MARTA'S REPLICAS CO.,6175558555,39323 SPINNAKER DR.,CAMBRIDGE,51247,USA,DESCONOCIDO,HERNANDEZ,MARTA,MEDIUM,2004,8,3
10285,0.459016393442623,1.0,0.3529411764705882,0.4322957211443692,2004-08-27,SHIPPED,3,8,2004,MOTORCYCLES,0.43646408839779005,S24_1578,MARTA'S REPLICAS CO.,6175558555,39323 SPINNAKER DR.,CAMBRIDGE,51247,USA,DESCONOCIDO,HERNANDEZ,MARTA,MEDIUM,2004,8,3
10286,0.5245901639344263,0.4146608315098469,0.0,0.22605000183756585,2004-08-28,SHIPPED,3,8,2004,MOTORCYCLES,0.16022099447513816,S18_3782,"LA CORNE D'ABONDANCE, CO.",(1) 42.34.2555,"265, BOULEVARD CHARONNE",PARIS,75012,FRANCE,EMEA,BERTRAND,MARIE,SMALL,2004,8,3
10287,0.6065573770491803,0.600109409190372,0.8235294117647058,0.3421948554837977,2004-08-30,SHIPPED,3,8,2004,CLASSIC CARS,0.2596685082872928,S18_3278,"VIDA SPORT, LTD",0897-034555,GRENZACHERWEG 237,GENSVE,1203,SWITZERLAND,EMEA,HOLZ,MICHAEL,MEDIUM,2004,8,3
10287,0.5573770491803279,1.0,0.7647058823529411,0.8391956138973437,2004-08-30,SHIPPED,3,8,2004,CLASSIC CARS,0.6243093922651933,S18_3482,"VIDA SPORT, LTD",0897-034555,GRENZACHERWEG 237,GENSVE,1203,SWITZERLAND,EMEA,HOLZ,MICHAEL,MEDIUM,2004,8,3
10287,0.29508196721311475,1.0,0.1176470588235294,0.4055140339916274,2004-08-30,SHIPPED,3,8,2004,CLASSIC CARS,0.6022099447513812,S18_1984,"VIDA SPORT, LTD",0897-034555,GRENZACHERWEG 237,GENSVE,1203,SWITZERLAND,EMEA,HOLZ,MICHAEL,MEDIUM,2004,8,3
10287,0.6229508196721312,1.0,0.0,0.6108509934549246,2004-08-30,SHIPPED,3,8,2004,CLASSIC CARS,0.5469613259668508,S18_2870,"VIDA SPORT, LTD",0897-034555,GRENZACHERWEG 237,GENSVE,1203,SWITZERLAND,EMEA,HOLZ,MICHAEL,MEDIUM,2004,8,3
10287,0.4918032786885246,1.0,0.23529411764705882,0.71770511411284,2004-08-30,SHIPPED,3,8,2004,CLASSIC CARS,0.7513812154696132,S18_3232,"VIDA SPORT, LTD",0897-034555,GRENZACHERWEG 237,GENSVE,1203,SWITZERLAND,EMEA,HOLZ,MICHAEL,MEDIUM,2004,8,3
10287,0.5737704918032788,0.5819201312910285,0.7058823529411764,0.31599450734859297,2004-08-30,SHIPPED,3,8,2004,CLASSIC CARS,0.2541436464088398,S12_3990,"VIDA SPORT, LTD",0897-034555,GRENZACHERWEG 237,GENSVE,1203,SWITZERLAND,EMEA,HOLZ,MICHAEL,SMALL,2004,8,3
10287,0.4918032786885246,1.0,0.3529411764705882,0.5098663922568315,2004-08-30,SHIPPED,3,8,2004,CLASSIC CARS,0.5911602209944752,S24_3856,"VIDA SPORT, LTD",0897-034555,GRENZACHERWEG 237,GENSVE,1203,SWITZERLAND,EMEA,HOLZ,MICHAEL,MEDIUM,2004,8,3
10287,0.27868852459016397,1.0,0.47058823529411764,0.29307504953075253,2004-08-30,SHIPPED,3,8,2004,CLASSIC CARS,0.4530386740331491,S12_4675,"VIDA SPORT, LTD",0897-034555,GRENZACHERWEG 237,GENSVE,1203,SWITZERLAND,EMEA,HOLZ,MICHAEL,SMALL,2004,8,3
10287,0.5573770491803279,0.837527352297593,0.8823529411764706,0.40662592838838796,2004-08-30,SHIPPED,3,8,2004,CLASSIC CARS,0.2596685082872928,S24_4620,"VIDA SPORT, LTD",0897-034555,GRENZACHERWEG 237,GENSVE,1203,SWITZERLAND,EMEA,HOLZ,MICHAEL,MEDIUM,2004,8,3
10287,0.459016393442623,1.0,0.9411764705882353,0.510267315717202,2004-08-30,SHIPPED,3,8,2004,CLASSIC CARS,0.6353591160220994,S18_4721,"VIDA SPORT, LTD",0897-034555,GRENZACHERWEG 237,GENSVE,1203,SWITZERLAND,EMEA,HOLZ,MICHAEL,MEDIUM,2004,8,3
10287,0.4918032786885246,0.174644420131291,0.2941176470588235,0.1263269731281051,2004-08-30,SHIPPED,3,8,2004,CLASSIC CARS,0.022099447513812154,S24_2972,"VIDA SPORT, LTD",0897-034555,GRENZACHERWEG 237,GENSVE,1203,SWITZERLAND,EMEA,HOLZ,MICHAEL,SMALL,2004,8,3
10287,0.5737704918032788,1.0,0.1764705882352941,0.8041442121686952,2004-08-30,SHIPPED,3,8,2004,CLASSIC CARS,0.5966850828729282,S18_1129,"VIDA SPORT, LTD",0897-034555,GRENZACHERWEG 237,GENSVE,1203,SWITZERLAND,EMEA,HOLZ,MICHAEL,MEDIUM,2004,8,3
10287,0.639344262295082,1.0,0.5294117647058824,0.571231737101123,2004-08-30,SHIPPED,3,8,2004,CLASSIC CARS,0.4640883977900553,S12_3380,"VIDA SPORT, LTD",0897-034555,GRENZACHERWEG 237,GENSVE,1203,SWITZERLAND,EMEA,HOLZ,MICHAEL,MEDIUM,2004,8,3
10287,0.6229508196721312,0.7591630196936543,0.4117647058823529,0.4200381545493119,2004-08-30,SHIPPED,3,8,2004,CLASSIC CARS,0.2430939226519337,S18_1889,"VIDA SPORT, LTD",0897-034555,GRENZACHERWEG 237,GENSVE,1203,SWITZERLAND,EMEA,HOLZ,MICHAEL,MEDIUM,2004,8,3
10287,0.34426229508196726,1.0,0.058823529411764705,0.511634464717065,2004-08-30,SHIPPED,3,8,2004,CLASSIC CARS,0.5966850828729282,S18_3685,"VIDA SPORT, LTD",0897-034555,GRENZACHERWEG 237,GENSVE,1203,SWITZERLAND,EMEA,HOLZ,MICHAEL,MEDIUM,2004,8,3
10287,0.2459016393442623,1.0,0.6470588235294117,0.3942561032244269,2004-08-30,SHIPPED,3,8,2004,CLASSIC CARS,0.8895027624309392,S12_1099,"VIDA SPORT, LTD",0897-034555,GRENZACHERWEG 237,GENSVE,1203,SWITZERLAND,EMEA,HOLZ,MICHAEL,MEDIUM,2004,8,3
10287,0.2295081967213115,0.56195295404814,0.5882352941176471,0.11723937469304299,2004-08-30,SHIPPED,3,8,2004,CLASSIC CARS,0.15469613259668508,S24_3371,"VIDA SPORT, LTD",0897-034555,GRENZACHERWEG 237,GENSVE,1203,SWITZERLAND,EMEA,HOLZ,MICHAEL,SMALL,2004,8,3
10288,0.4918032786885246,0.536925601750547,0.5882352941176471,0.2537725227106435,2004-09-01,SHIPPED,3,9,2004,CLASSIC CARS,0.22099447513812154,S24_1046,HANDJI GIFTS& CO,+65 224 1555,VILLAGE CLOSE - 106 LINDEN ROAD SANDOWN,SINGAPORE,69045,SINGAPORE,APAC,VICTORINO,WENDY,SMALL,2004,9,3
10288,0.5737704918032788,1.0,0.6470588235294117,0.5868356781787384,2004-09-01,SHIPPED,3,9,2004,CLASSIC CARS,0.4088397790055248,S24_3432,HANDJI GIFTS& CO,+65 224 1555,VILLAGE CLOSE - 106 LINDEN ROAD SANDOWN,SINGAPORE,69045,SINGAPORE,APAC,VICTORINO,WENDY,MEDIUM,2004,9,3
10288,0.4426229508196722,0.1879102844638949,0.1176470588235294,0.11470821124657127,2004-09-01,SHIPPED,3,9,2004,VINTAGE CARS,0.04419889502762431,S24_3969,HANDJI GIFTS& CO,+65 224 1555,VILLAGE CLOSE - 106 LINDEN ROAD SANDOWN,SINGAPORE,69045,SINGAPORE,APAC,VICTORINO,WENDY,SMALL,2004,9,3
10288,0.459016393442623,0.5690645514223194,0.5294117647058824,0.24677239909257653,2004-09-01,SHIPPED,3,9,2004,CLASSIC CARS,0.287292817679558,S24_3191,HANDJI GIFTS& CO,+65 224 1555,VILLAGE CLOSE - 106 LINDEN ROAD SANDOWN,SINGAPORE,69045,SINGAPORE,APAC,VICTORINO,WENDY,SMALL,2004,9,3
10288,0.47540983606557385,0.7400164113785557,0.2941176470588235,0.31439348633018055,2004-09-01,SHIPPED,3,9,2004,VINTAGE CARS,0.32596685082872934,S18_4409,HANDJI GIFTS& CO,+65 224 1555,VILLAGE CLOSE - 106 LINDEN ROAD SANDOWN,SINGAPORE,69045,SINGAPORE,APAC,VICTORINO,WENDY,SMALL,2004,9,3
10288,0.42622950819672134,1.0,0.23529411764705882,0.72073609547324,2004-09-01,SHIPPED,3,9,2004,VINTAGE CARS,0.7569060773480663,S18_1749,HANDJI GIFTS& CO,+65 224 1555,VILLAGE CLOSE - 106 LINDEN ROAD SANDOWN,SINGAPORE,69045,SINGAPORE,APAC,VICTORINO,WENDY,MEDIUM,2004,9,3
10288,0.36065573770491804,0.4768873085339168,0.1764705882352941,0.16663314501067458,2004-09-01,SHIPPED,3,9,2004,VINTAGE CARS,0.14917127071823205,S18_2248,HANDJI GIFTS& CO,+65 224 1555,VILLAGE CLOSE - 106 LINDEN ROAD SANDOWN,SINGAPORE,69045,SINGAPORE,APAC,VICTORINO,WENDY,SMALL,2004,9,3
10288,0.6885245901639344,1.0,0.4117647058823529,0.8094524387839992,2004-09-01,SHIPPED,3,9,2004,CLASSIC CARS,0.4640883977900553,S24_2887,HANDJI GIFTS& CO,+65 224 1555,VILLAGE CLOSE - 106 LINDEN ROAD SANDOWN,SINGAPORE,69045,SINGAPORE,APAC,VICTORINO,WENDY,MEDIUM,2004,9,3
10288,0.7213114754098361,0.34792122538293213,0.7058823529411764,0.2851728481268522,2004-09-01,SHIPPED,3,9,2004,CLASSIC CARS,0.09392265193370164,S24_1628,HANDJI GIFTS& CO,+65 224 1555,VILLAGE CLOSE - 106 LINDEN ROAD SANDOWN,SINGAPORE,69045,SINGAPORE,APAC,VICTORINO,WENDY,SMALL,2004,9,3
10288,0.4098360655737705,1.0,0.058823529411764705,0.4464670290569278,2004-09-01,SHIPPED,3,9,2004,VINTAGE CARS,0.5193370165745856,S18_2325,HANDJI GIFTS& CO,+65 224 1555,VILLAGE CLOSE - 106 LINDEN ROAD SANDOWN,SINGAPORE,69045,SINGAPORE,APAC,VICTORINO,WENDY,MEDIUM,2004,9,3
10288,0.47540983606557385,0.738375273522976,0.47058823529411764,0.31383219348566194,2004-09-01,SHIPPED,3,9,2004,CLASSIC CARS,0.3149171270718232,S24_2766,HANDJI GIFTS& CO,+65 224 1555,VILLAGE CLOSE - 106 LINDEN ROAD SANDOWN,SINGAPORE,69045,SINGAPORE,APAC,VICTORINO,WENDY,SMALL,2004,9,3
10288,0.2295081967213115,1.0,0.7647058823529411,0.3280449301557922,2004-09-01,SHIPPED,3,9,2004,CLASSIC CARS,0.5027624309392266,S18_1589,HANDJI GIFTS& CO,+65 224 1555,VILLAGE CLOSE - 106 LINDEN ROAD SANDOWN,SINGAPORE,69045,SINGAPORE,APAC,VICTORINO,WENDY,SMALL,2004,9,3
10288,0.3770491803278689,0.1544037199124727,0.0,0.08349899267980582,2004-09-01,SHIPPED,3,9,2004,VINTAGE CARS,0.0,S24_1937,HANDJI GIFTS& CO,+65 224 1555,VILLAGE CLOSE - 106 LINDEN ROAD SANDOWN,SINGAPORE,69045,SINGAPORE,APAC,VICTORINO,WENDY,SMALL,2004,9,3
10288,0.27868852459016397,0.6363512035010941,0.3529411764705882,0.1612113234149324,2004-09-01,SHIPPED,3,9,2004,CLASSIC CARS,0.2099447513812155,S18_4933,HANDJI GIFTS& CO,+65 224 1555,VILLAGE CLOSE - 106 LINDEN ROAD SANDOWN,SINGAPORE,69045,SINGAPORE,APAC,VICTORINO,WENDY,SMALL,2004,9,3
10289,0.29508196721311475,0.3992067833698031,0.0,0.11540581806761574,2004-09-03,SHIPPED,3,9,2004,VINTAGE CARS,0.11049723756906077,S18_1367,HERKKU GIFTS,+47 2267 3215,"DRAMMEN 121, PR 744 SENTRUM",BERGEN,N 5804,NORWAY,EMEA,OEZTAN,VEYSEL,SMALL,2004,9,3
10289,0.639344262295082,0.2940371991247265,0.1764705882352941,0.2265177458746646,2004-09-03,SHIPPED,3,9,2004,VINTAGE CARS,0.06077348066298344,S24_2022,HERKKU GIFTS,+47 2267 3215,"DRAMMEN 121, PR 744 SENTRUM",BERGEN,N 5804,NORWAY,EMEA,OEZTAN,VEYSEL,SMALL,2004,9,3
10289,0.6065573770491803,1.0,0.1176470588235294,1.0,2004-09-03,SHIPPED,3,9,2004,VINTAGE CARS,0.7458563535911602,S18_2795,HERKKU GIFTS,+47 2267 3215,"DRAMMEN 121, PR 744 SENTRUM",BERGEN,N 5804,NORWAY,EMEA,OEZTAN,VEYSEL,LARGE,2004,9,3
10289,0.5245901639344263,1.0,0.058823529411764705,0.5460377068514478,2004-09-03,SHIPPED,3,9,2004,VINTAGE CARS,0.3812154696132597,S18_1342,HERKKU GIFTS,+47 2267 3215,"DRAMMEN 121, PR 744 SENTRUM",BERGEN,N 5804,NORWAY,EMEA,OEZTAN,VEYSEL,MEDIUM,2004,9,3
10290,0.639344262295082,1.0,0.0,0.6266794516703473,2004-09-07,SHIPPED,3,9,2004,VINTAGE CARS,0.35359116022099446,S24_4258,AUTO-MOTO CLASSICS INC.,6175558428,16780 POMPTON ST.,BRICKHAVEN,58339,USA,DESCONOCIDO,TAYLOR,LESLIE,MEDIUM,2004,9,3
10290,0.3278688524590164,0.9484409190371992,0.058823529411764705,0.2699350838097084,2004-09-07,SHIPPED,3,9,2004,VINTAGE CARS,0.3646408839779005,S18_3320,AUTO-MOTO CLASSICS INC.,6175558428,16780 POMPTON ST.,BRICKHAVEN,58339,USA,DESCONOCIDO,TAYLOR,LESLIE,SMALL,2004,9,3
10292,0.3278688524590164,1.0,0.3529411764705882,0.5442950262103712,2004-09-08,SHIPPED,3,9,2004,CLASSIC CARS,0.718232044198895,S18_2238,LAND OF TOYS INC.,2125557818,897 LONG AIRPORT AVENUE,NYC,10022,USA,DESCONOCIDO,YU,KWAI,MEDIUM,2004,9,3
10291,0.5081967213114754,1.0,0.5882352941176471,0.8892562535707246,2004-09-08,SHIPPED,3,9,2004,CLASSIC CARS,0.9999999999999999,S10_1949,SCANDINAVIAN GIFT IDEAS,0695-34 6555,?KERGATAN 24,BORAS,S-844 67,SWEDEN,EMEA,LARSSON,MARIA,LARGE,2004,9,3
10291,0.5081967213114754,0.3242614879649891,0.7647058823529411,0.1857211109589087,2004-09-08,SHIPPED,3,9,2004,VINTAGE CARS,0.16022099447513816,S18_2957,SCANDINAVIAN GIFT IDEAS,0695-34 6555,?KERGATAN 24,BORAS,S-844 67,SWEDEN,EMEA,LARSSON,MARIA,SMALL,2004,9,3
10291,0.6885245901639344,1.0,0.23529411764705882,0.6423475405016221,2004-09-08,SHIPPED,3,9,2004,TRUCKS AND BUSES,0.4861878453038674,S18_4600,SCANDINAVIAN GIFT IDEAS,0695-34 6555,?KERGATAN 24,BORAS,S-844 67,SWEDEN,EMEA,LARSSON,MARIA,MEDIUM,2004,9,3
10291,0.3278688524590164,0.7783096280087529,0.1176470588235294,0.22671018913564245,2004-09-08,SHIPPED,3,9,2004,TRUCKS AND BUSES,0.34806629834254144,S32_1268,SCANDINAVIAN GIFT IDEAS,0695-34 6555,?KERGATAN 24,BORAS,S-844 67,SWEDEN,EMEA,LARSSON,MARIA,SMALL,2004,9,3
10292,0.6229508196721312,1.0,0.058823529411764705,0.8898669936420222,2004-09-08,SHIPPED,3,9,2004,CLASSIC CARS,0.6077348066298343,S18_4027,LAND OF TOYS INC.,2125557818,897 LONG AIRPORT AVENUE,NYC,10022,USA,DESCONOCIDO,YU,KWAI,LARGE,2004,9,3
10292,0.47540983606557385,0.38553063457330417,0.0,0.19315423191417563,2004-09-08,SHIPPED,3,9,2004,TRAINS,0.13812154696132595,S50_1514,LAND OF TOYS INC.,2125557818,897 LONG AIRPORT AVENUE,NYC,10022,USA,DESCONOCIDO,YU,KWAI,SMALL,2004,9,3
10292,0.2459016393442623,1.0,0.6470588235294117,0.31575929891850896,2004-09-08,SHIPPED,3,9,2004,CLASSIC CARS,0.7513812154696132,S18_3232,LAND OF TOYS INC.,2125557818,897 LONG AIRPORT AVENUE,NYC,10022,USA,DESCONOCIDO,YU,KWAI,SMALL,2004,9,3
10291,0.3278688524590164,0.42190919037199115,0.058823529411764705,0.13616028919945608,2004-09-08,SHIPPED,3,9,2004,TRUCKS AND BUSES,0.14917127071823205,S18_2432,SCANDINAVIAN GIFT IDEAS,0695-34 6555,?KERGATAN 24,BORAS,S-844 67,SWEDEN,EMEA,LARSSON,MARIA,SMALL,2004,9,3
10292,0.5409836065573771,0.043490153172866475,0.47058823529411764,0.0922404605274148,2004-09-08,SHIPPED,3,9,2004,CLASSIC CARS,0.011049723756906105,S24_2840,LAND OF TOYS INC.,2125557818,897 LONG AIRPORT AVENUE,NYC,10022,USA,DESCONOCIDO,YU,KWAI,SMALL,2004,9,3
10291,0.36065573770491804,1.0,0.2941176470588235,0.3708314818465198,2004-09-08,SHIPPED,3,9,2004,CLASSIC CARS,0.37569060773480667,S700_2824,SCANDINAVIAN GIFT IDEAS,0695-34 6555,?KERGATAN 24,BORAS,S-844 67,SWEDEN,EMEA,LARSSON,MARIA,MEDIUM,2004,9,3
10291,0.27868852459016397,1.0,0.7058823529411764,0.31861788319094986,2004-09-08,SHIPPED,3,9,2004,VINTAGE CARS,0.39226519337016574,S18_3136,SCANDINAVIAN GIFT IDEAS,0695-34 6555,?KERGATAN 24,BORAS,S-844 67,SWEDEN,EMEA,LARSSON,MARIA,SMALL,2004,9,3
10292,0.7213114754098361,0.2687363238512035,0.5294117647058824,0.24648373420110992,2004-09-08,SHIPPED,3,9,2004,TRUCKS AND BUSES,0.11602209944751385,S32_2509,LAND OF TOYS INC.,2125557818,897 LONG AIRPORT AVENUE,NYC,10022,USA,DESCONOCIDO,YU,KWAI,SMALL,2004,9,3
10291,0.3770491803278689,0.34108315098468267,0.47058823529411764,0.1364008432756783,2004-09-08,SHIPPED,3,9,2004,VINTAGE CARS,0.09392265193370164,S18_4668,SCANDINAVIAN GIFT IDEAS,0695-34 6555,?KERGATAN 24,BORAS,S-844 67,SWEDEN,EMEA,LARSSON,MARIA,SMALL,2004,9,3
10291,0.3934426229508197,1.0,0.1764705882352941,0.4508745142979329,2004-09-08,SHIPPED,3,9,2004,CLASSIC CARS,0.6298342541436464,S10_4962,SCANDINAVIAN GIFT IDEAS,0695-34 6555,?KERGATAN 24,BORAS,S-844 67,SWEDEN,EMEA,LARSSON,MARIA,MEDIUM,2004,9,3
10291,0.5737704918032788,1.0,0.5294117647058824,0.562069299620125,2004-09-08,SHIPPED,3,9,2004,TRUCKS AND BUSES,0.45856353591160215,S18_1097,SCANDINAVIAN GIFT IDEAS,0695-34 6555,?KERGATAN 24,BORAS,S-844 67,SWEDEN,EMEA,LARSSON,MARIA,MEDIUM,2004,9,3
10292,0.5573770491803279,0.36747811816192555,0.23529411764705882,0.2228960706159855,2004-09-08,SHIPPED,3,9,2004,CLASSIC CARS,0.13259668508287292,S24_1444,LAND OF TOYS INC.,2125557818,897 LONG AIRPORT AVENUE,NYC,10022,USA,DESCONOCIDO,YU,KWAI,SMALL,2004,9,3
10291,0.6721311475409837,1.0,0.6470588235294117,0.6991650768937787,2004-09-08,SHIPPED,3,9,2004,VINTAGE CARS,0.37569060773480667,S18_2949,SCANDINAVIAN GIFT IDEAS,0695-34 6555,?KERGATAN 24,BORAS,S-844 67,SWEDEN,EMEA,LARSSON,MARIA,MEDIUM,2004,9,3
10291,0.42622950819672134,0.6136487964989059,0.3529411764705882,0.2424076790206776,2004-09-08,SHIPPED,3,9,2004,TRUCKS AND BUSES,0.1712707182320442,S32_3522,SCANDINAVIAN GIFT IDEAS,0695-34 6555,?KERGATAN 24,BORAS,S-844 67,SWEDEN,EMEA,LARSSON,MARIA,SMALL,2004,9,3
10292,0.5737704918032788,1.0,0.2941176470588235,0.6015201681205711,2004-09-08,SHIPPED,3,9,2004,TRUCKS AND BUSES,0.4530386740331491,S50_1392,LAND OF TOYS INC.,2125557818,897 LONG AIRPORT AVENUE,NYC,10022,USA,DESCONOCIDO,YU,KWAI,MEDIUM,2004,9,3
10292,0.34426229508196726,1.0,0.1764705882352941,0.44773127436862914,2004-09-08,SHIPPED,3,9,2004,CLASSIC CARS,0.4696132596685083,S24_4048,LAND OF TOYS INC.,2125557818,897 LONG AIRPORT AVENUE,NYC,10022,USA,DESCONOCIDO,YU,KWAI,MEDIUM,2004,9,3
10292,0.5737704918032788,1.0,0.5882352941176471,0.540809664928218,2004-09-08,SHIPPED,3,9,2004,TRUCKS AND BUSES,0.4917127071823204,S18_2319,LAND OF TOYS INC.,2125557818,897 LONG AIRPORT AVENUE,NYC,10022,USA,DESCONOCIDO,YU,KWAI,MEDIUM,2004,9,3
10291,0.5737704918032788,1.0,0.4117647058823529,0.7892405507351935,2004-09-08,SHIPPED,3,9,2004,TRUCKS AND BUSES,0.569060773480663,S12_1666,SCANDINAVIAN GIFT IDEAS,0695-34 6555,?KERGATAN 24,BORAS,S-844 67,SWEDEN,EMEA,LARSSON,MARIA,MEDIUM,2004,9,3
10291,0.6885245901639344,1.0,0.0,0.6569732283359337,2004-09-08,SHIPPED,3,9,2004,TRUCKS AND BUSES,0.5193370165745856,S24_2300,SCANDINAVIAN GIFT IDEAS,0695-34 6555,?KERGATAN 24,BORAS,S-844 67,SWEDEN,EMEA,LARSSON,MARIA,MEDIUM,2004,9,3
10292,0.4098360655737705,0.5586706783369804,0.1176470588235294,0.21616456571636672,2004-09-08,SHIPPED,3,9,2004,TRAINS,0.16022099447513816,S32_3207,LAND OF TOYS INC.,2125557818,897 LONG AIRPORT AVENUE,NYC,10022,USA,DESCONOCIDO,YU,KWAI,SMALL,2004,9,3
10292,0.2459016393442623,1.0,0.4117647058823529,0.23156537224072782,2004-09-08,SHIPPED,3,9,2004,TRUCKS AND BUSES,0.4696132596685083,S12_4473,LAND OF TOYS INC.,2125557818,897 LONG AIRPORT AVENUE,NYC,10022,USA,DESCONOCIDO,YU,KWAI,SMALL,2004,9,3
10293,0.42622950819672134,0.45377461706783373,0.0,0.1924151963355596,2004-09-09,SHIPPED,3,9,2004,SHIPS,0.11602209944751385,S72_3212,AMICA MODELS & CO.,011-4988555,VIA MONTE BIANCO 34,TORINO,10100,ITALY,EMEA,ACCORTI,PAOLO,SMALL,2004,9,3
10293,0.29508196721311475,1.0,0.47058823529411764,0.5025054375244312,2004-09-09,SHIPPED,3,9,2004,CLASSIC CARS,0.6519337016574586,S12_3148,AMICA MODELS & CO.,011-4988555,VIA MONTE BIANCO 34,TORINO,10100,ITALY,EMEA,ACCORTI,PAOLO,MEDIUM,2004,9,3
10293,0.6557377049180328,1.0,0.4117647058823529,1.0,2004-09-09,SHIPPED,3,9,2004,CLASSIC CARS,0.9613259668508286,S12_1108,AMICA MODELS & CO.,011-4988555,VIA MONTE BIANCO 34,TORINO,10100,ITALY,EMEA,ACCORTI,PAOLO,LARGE,2004,9,3
10293,0.639344262295082,1.0,0.3529411764705882,1.0,2004-09-09,SHIPPED,3,9,2004,CLASSIC CARS,0.7734806629834254,S12_3891,AMICA MODELS & CO.,011-4988555,VIA MONTE BIANCO 34,TORINO,10100,ITALY,EMEA,ACCORTI,PAOLO,LARGE,2004,9,3
10293,0.26229508196721313,1.0,0.2941176470588235,0.2587439736192363,2004-09-09,SHIPPED,3,9,2004,TRAINS,0.37016574585635353,S18_3259,AMICA MODELS & CO.,011-4988555,VIA MONTE BIANCO 34,TORINO,10100,ITALY,EMEA,ACCORTI,PAOLO,SMALL,2004,9,3
10293,0.29508196721311475,1.0,0.1764705882352941,0.3123394218015496,2004-09-09,SHIPPED,3,9,2004,VINTAGE CARS,0.569060773480663,S18_3140,AMICA MODELS & CO.,011-4988555,VIA MONTE BIANCO 34,TORINO,10100,ITALY,EMEA,ACCORTI,PAOLO,SMALL,2004,9,3
10293,0.7049180327868853,1.0,0.1176470588235294,0.5965647541503931,2004-09-09,SHIPPED,3,9,2004,VINTAGE CARS,0.2983425414364641,S18_4522,AMICA MODELS & CO.,011-4988555,VIA MONTE BIANCO 34,TORINO,10100,ITALY,EMEA,ACCORTI,PAOLO,MEDIUM,2004,9,3
10293,0.3770491803278689,0.6155634573304157,0.23529411764705882,0.21418400382213698,2004-09-09,SHIPPED,3,9,2004,SHIPS,0.2928176795580111,S700_1938,AMICA MODELS & CO.,011-4988555,VIA MONTE BIANCO 34,TORINO,10100,ITALY,EMEA,ACCORTI,PAOLO,SMALL,2004,9,3
10293,0.2459016393442623,1.0,0.058823529411764705,0.32872516362688725,2004-09-09,SHIPPED,3,9,2004,SHIPS,0.4917127071823204,S24_2011,AMICA MODELS & CO.,011-4988555,VIA MONTE BIANCO 34,TORINO,10100,ITALY,EMEA,ACCORTI,PAOLO,SMALL,2004,9,3
10295,0.3278688524590164,0.6627461706783371,0.1764705882352941,0.19734922772118446,2004-09-10,SHIPPED,3,9,2004,SHIPS,0.18232044198895025,S700_1138,GIFTS4ALLAGES.COM,6175559555,8616 SPINNAKER DR.,BOSTON,51003,USA,DESCONOCIDO,YOSHIDO,JURI,SMALL,2004,9,3
10295,0.29508196721311475,1.0,0.0,0.39358255181100466,2004-09-10,SHIPPED,3,9,2004,CLASSIC CARS,0.569060773480663,S10_4757,GIFTS4ALLAGES.COM,6175559555,8616 SPINNAKER DR.,BOSTON,51003,USA,DESCONOCIDO,YOSHIDO,JURI,MEDIUM,2004,9,3
10295,0.6557377049180328,0.7944474835886215,0.1176470588235294,0.4579200759081752,2004-09-10,SHIPPED,3,9,2004,VINTAGE CARS,0.30386740331491713,S24_3151,GIFTS4ALLAGES.COM,6175559555,8616 SPINNAKER DR.,BOSTON,51003,USA,DESCONOCIDO,YOSHIDO,JURI,MEDIUM,2004,9,3
10294,0.639344262295082,1.0,0.0,0.5626920673952338,2004-09-10,SHIPPED,3,9,2004,SHIPS,0.3646408839779005,S700_3962,ONLINE MINI COLLECTABLES,6175557555,7635 SPINNAKER DR.,BRICKHAVEN,58339,USA,DESCONOCIDO,BARAJAS,MIGUEL,MEDIUM,2004,9,3
10295,0.459016393442623,1.0,0.23529411764705882,0.39980755673902224,2004-09-10,SHIPPED,3,9,2004,SHIPS,0.37016574585635353,S700_3505,GIFTS4ALLAGES.COM,6175559555,8616 SPINNAKER DR.,BOSTON,51003,USA,DESCONOCIDO,YOSHIDO,JURI,MEDIUM,2004,9,3
10295,0.6229508196721312,0.4331236323851203,0.058823529411764705,0.2798539302192717,2004-09-10,SHIPPED,3,9,2004,SHIPS,0.2154696132596685,S700_2610,GIFTS4ALLAGES.COM,6175559555,8616 SPINNAKER DR.,BOSTON,51003,USA,DESCONOCIDO,YOSHIDO,JURI,SMALL,2004,9,3
10296,0.2459016393442623,0.2504102844638949,0.5294117647058824,0.06239170890283954,2004-09-15,SHIPPED,3,9,2004,PLANES,0.08839779005524862,S72_1253,"BAVARIAN COLLECTABLES IMPORTS, CO.",+49 89 61 08 9555,HANSASTR. 15,MUNICH,80686,GERMANY,EMEA,DONNERMEYER,MICHAEL,SMALL,2004,9,3
10296,0.26229508196721313,0.737417943107221,0.1176470588235294,0.17312810506867485,2004-09-15,SHIPPED,3,9,2004,PLANES,0.2596685082872928,S700_3167,"BAVARIAN COLLECTABLES IMPORTS, CO.",+49 89 61 08 9555,HANSASTR. 15,MUNICH,80686,GERMANY,EMEA,DONNERMEYER,MICHAEL,SMALL,2004,9,3
10296,0.42622950819672134,0.612281181619256,0.2941176470588235,0.24198002732961593,2004-09-15,SHIPPED,3,9,2004,PLANES,0.19337016574585636,S24_3949,"BAVARIAN COLLECTABLES IMPORTS, CO.",+49 89 61 08 9555,HANSASTR. 15,MUNICH,80686,GERMANY,EMEA,DONNERMEYER,MICHAEL,SMALL,2004,9,3
10296,0.2459016393442623,0.6068107221006565,0.4117647058823529,0.13552816654360544,2004-09-15,SHIPPED,3,9,2004,PLANES,0.19337016574585636,S24_2841,"BAVARIAN COLLECTABLES IMPORTS, CO.",+49 89 61 08 9555,HANSASTR. 15,MUNICH,80686,GERMANY,EMEA,DONNERMEYER,MICHAEL,SMALL,2004,9,3
10296,0.29508196721311475,1.0,0.1764705882352941,0.2617909919180512,2004-09-15,SHIPPED,3,9,2004,PLANES,0.3646408839779005,S700_2466,"BAVARIAN COLLECTABLES IMPORTS, CO.",+49 89 61 08 9555,HANSASTR. 15,MUNICH,80686,GERMANY,EMEA,DONNERMEYER,MICHAEL,SMALL,2004,9,3
10296,0.6721311475409837,0.8170131291028446,0.23529411764705882,0.47963943616797355,2004-09-15,SHIPPED,3,9,2004,PLANES,0.22651933701657456,S700_4002,"BAVARIAN COLLECTABLES IMPORTS, CO.",+49 89 61 08 9555,HANSASTR. 15,MUNICH,80686,GERMANY,EMEA,DONNERMEYER,MICHAEL,MEDIUM,2004,9,3
10296,0.4918032786885246,1.0,0.3529411764705882,0.6942270362735501,2004-09-15,SHIPPED,3,9,2004,PLANES,0.6850828729281768,S18_1662,"BAVARIAN COLLECTABLES IMPORTS, CO.",+49 89 61 08 9555,HANSASTR. 15,MUNICH,80686,GERMANY,EMEA,DONNERMEYER,MICHAEL,MEDIUM,2004,9,3
10296,0.5901639344262295,1.0,0.058823529411764705,0.5097701706263428,2004-09-15,SHIPPED,3,9,2004,PLANES,0.3204419889502762,S700_1691,"BAVARIAN COLLECTABLES IMPORTS, CO.",+49 89 61 08 9555,HANSASTR. 15,MUNICH,80686,GERMANY,EMEA,DONNERMEYER,MICHAEL,MEDIUM,2004,9,3
10296,0.3278688524590164,0.2948577680525164,0.0,0.10388060499350171,2004-09-15,SHIPPED,3,9,2004,VINTAGE CARS,0.05524861878453041,S50_1341,"BAVARIAN COLLECTABLES IMPORTS, CO.",+49 89 61 08 9555,HANSASTR. 15,MUNICH,80686,GERMANY,EMEA,DONNERMEYER,MICHAEL,SMALL,2004,9,3
10296,0.2459016393442623,0.949945295404814,0.7058823529411764,0.20594235388845644,2004-09-15,SHIPPED,3,9,2004,SHIPS,0.2928176795580111,S18_3029,"BAVARIAN COLLECTABLES IMPORTS, CO.",+49 89 61 08 9555,HANSASTR. 15,MUNICH,80686,GERMANY,EMEA,DONNERMEYER,MICHAEL,SMALL,2004,9,3
10296,0.26229508196721313,0.6875,0.7647058823529411,0.16239672044609416,2004-09-15,SHIPPED,3,9,2004,VINTAGE CARS,0.27624309392265195,S24_3816,"BAVARIAN COLLECTABLES IMPORTS, CO.",+49 89 61 08 9555,HANSASTR. 15,MUNICH,80686,GERMANY,EMEA,DONNERMEYER,MICHAEL,SMALL,2004,9,3
10296,0.26229508196721313,0.7907549234135667,0.6470588235294117,0.1845945160352679,2004-09-15,SHIPPED,3,9,2004,VINTAGE CARS,0.39779005524861877,S18_3856,"BAVARIAN COLLECTABLES IMPORTS, CO.",+49 89 61 08 9555,HANSASTR. 15,MUNICH,80686,GERMANY,EMEA,DONNERMEYER,MICHAEL,SMALL,2004,9,3
10296,0.4098360655737705,0.3698030634573304,0.47058823529411764,0.15895145150997797,2004-09-15,SHIPPED,3,9,2004,VINTAGE CARS,0.17679558011049723,S24_3420,"BAVARIAN COLLECTABLES IMPORTS, CO.",+49 89 61 08 9555,HANSASTR. 15,MUNICH,80686,GERMANY,EMEA,DONNERMEYER,MICHAEL,SMALL,2004,9,3
10296,0.459016393442623,1.0,0.5882352941176471,0.40035281264512596,2004-09-15,SHIPPED,3,9,2004,SHIPS,0.3149171270718232,S700_2047,"BAVARIAN COLLECTABLES IMPORTS, CO.",+49 89 61 08 9555,HANSASTR. 15,MUNICH,80686,GERMANY,EMEA,DONNERMEYER,MICHAEL,MEDIUM,2004,9,3
10297,0.42622950819672134,1.0,0.2941176470588235,0.4783858821485488,2004-09-16,SHIPPED,3,9,2004,PLANES,0.419889502762431,S24_1785,"CLOVER COLLECTIONS, CO.",+353 1862 1555,25 MAIDEN LANE,DUBLIN,2,IRELAND,EMEA,CASSIDY,DEAN,MEDIUM,2004,9,3
10297,0.47540983606557385,1.0,0.1176470588235294,0.4683280489393904,2004-09-16,SHIPPED,3,9,2004,PLANES,0.4696132596685083,S700_2834,"CLOVER COLLECTIONS, CO.",+353 1862 1555,25 MAIDEN LANE,DUBLIN,2,IRELAND,EMEA,CASSIDY,DEAN,MEDIUM,2004,9,3
10297,0.3114754098360656,0.764633479212254,0.1764705882352941,0.21217136805107767,2004-09-16,SHIPPED,3,9,2004,PLANES,0.281767955801105,S18_2581,"CLOVER COLLECTIONS, CO.",+353 1862 1555,25 MAIDEN LANE,DUBLIN,2,IRELAND,EMEA,CASSIDY,DEAN,SMALL,2004,9,3
10297,0.3278688524590164,1.0,0.058823529411764705,0.31736432917152513,2004-09-16,SHIPPED,3,9,2004,MOTORCYCLES,0.3646408839779005,S32_1374,"CLOVER COLLECTIONS, CO.",+353 1862 1555,25 MAIDEN LANE,DUBLIN,2,IRELAND,EMEA,CASSIDY,DEAN,SMALL,2004,9,3
10297,0.36065573770491804,0.723741794310722,0.3529411764705882,0.23417538396773907,2004-09-16,SHIPPED,3,9,2004,VINTAGE CARS,0.19337016574585636,S32_4289,"CLOVER COLLECTIONS, CO.",+353 1862 1555,25 MAIDEN LANE,DUBLIN,2,IRELAND,EMEA,CASSIDY,DEAN,SMALL,2004,9,3
10297,0.27868852459016397,0.6232221006564552,0.23529411764705882,0.15826052674660634,2004-09-16,SHIPPED,3,9,2004,PLANES,0.2154696132596685,S24_4278,"CLOVER COLLECTIONS, CO.",+353 1862 1555,25 MAIDEN LANE,DUBLIN,2,IRELAND,EMEA,CASSIDY,DEAN,SMALL,2004,9,3
10297,0.42622950819672134,0.5283096280087528,0.0,0.21572221349842474,2004-09-16,SHIPPED,3,9,2004,MOTORCYCLES,0.23756906077348067,S24_2000,"CLOVER COLLECTIONS, CO.",+353 1862 1555,25 MAIDEN LANE,DUBLIN,2,IRELAND,EMEA,CASSIDY,DEAN,SMALL,2004,9,3
10298,0.42622950819672134,0.2951312910284464,0.058823529411764705,0.1428076001723971,2004-09-27,SHIPPED,3,9,2004,MOTORCYCLES,0.14917127071823205,S18_2625,ATELIER GRAPHIQUE,40.32.2555,"54, RUE ROYALE",NANTES,44000,FRANCE,EMEA,SCHMITT,CARINE,SMALL,2004,9,3
10298,0.5409836065573771,0.949945295404814,0.0,0.4376921509209546,2004-09-27,SHIPPED,3,9,2004,MOTORCYCLES,0.4696132596685083,S10_2016,ATELIER GRAPHIQUE,40.32.2555,"54, RUE ROYALE",NANTES,44000,FRANCE,EMEA,SCHMITT,CARINE,MEDIUM,2004,9,3
10299,0.6229508196721312,0.7339989059080962,0.23529411764705882,0.40921856676544976,2004-09-30,SHIPPED,3,9,2004,MOTORCYCLES,0.26519337016574585,S50_4713,"TOYS OF FINLAND, CO.",90-224 8555,KESKUSKATU 45,HELSINKI,21240,FINLAND,EMEA,KARTTUNEN,MATTI,MEDIUM,2004,9,3
10299,0.5245901639344263,1.0,0.3529411764705882,0.521204507716106,2004-09-30,SHIPPED,3,9,2004,MOTORCYCLES,0.3812154696132597,S32_4485,"TOYS OF FINLAND, CO.",90-224 8555,KESKUSKATU 45,HELSINKI,21240,FINLAND,EMEA,KARTTUNEN,MATTI,MEDIUM,2004,9,3
10299,0.6721311475409837,1.0,0.5294117647058824,0.6646816500673218,2004-09-30,SHIPPED,3,9,2004,MOTORCYCLES,0.43646408839779005,S24_1578,"TOYS OF FINLAND, CO.",90-224 8555,KESKUSKATU 45,HELSINKI,21240,FINLAND,EMEA,KARTTUNEN,MATTI,MEDIUM,2004,9,3
10299,0.29508196721311475,1.0,0.4117647058823529,0.4911192112499123,2004-09-30,SHIPPED,3,9,2004,MOTORCYCLES,0.6464088397790055,S12_2823,"TOYS OF FINLAND, CO.",90-224 8555,KESKUSKATU 45,HELSINKI,21240,FINLAND,EMEA,KARTTUNEN,MATTI,MEDIUM,2004,9,3
10299,0.42622950819672134,0.7379649890590809,0.0,0.2812812177381903,2004-09-30,SHIPPED,3,9,2004,CLASSIC CARS,0.2596685082872928,S24_4620,"TOYS OF FINLAND, CO.",90-224 8555,KESKUSKATU 45,HELSINKI,21240,FINLAND,EMEA,KARTTUNEN,MATTI,SMALL,2004,9,3
10299,0.5409836065573771,0.39756564551422324,0.1176470588235294,0.2271792695842758,2004-09-30,SHIPPED,3,9,2004,MOTORCYCLES,0.16022099447513816,S18_3782,"TOYS OF FINLAND, CO.",90-224 8555,KESKUSKATU 45,HELSINKI,21240,FINLAND,EMEA,KARTTUNEN,MATTI,SMALL,2004,9,3
10299,0.7049180327868853,1.0,0.058823529411764705,0.9976552659626006,2004-09-30,SHIPPED,3,9,2004,CLASSIC CARS,0.6353591160220994,S18_4721,"TOYS OF FINLAND, CO.",90-224 8555,KESKUSKATU 45,HELSINKI,21240,FINLAND,EMEA,KARTTUNEN,MATTI,LARGE,2004,9,3
10299,0.4426229508196722,0.5417122538293215,0.2941176470588235,0.22879900036417217,2004-09-30,SHIPPED,3,9,2004,MOTORCYCLES,0.19889502762430938,S24_2360,"TOYS OF FINLAND, CO.",90-224 8555,KESKUSKATU 45,HELSINKI,21240,FINLAND,EMEA,KARTTUNEN,MATTI,SMALL,2004,9,3
10299,0.3770491803278689,1.0,0.5882352941176471,0.8287368572278148,2004-09-30,SHIPPED,3,9,2004,MOTORCYCLES,0.8839779005524863,S10_4698,"TOYS OF FINLAND, CO.",90-224 8555,KESKUSKATU 45,HELSINKI,21240,FINLAND,EMEA,KARTTUNEN,MATTI,MEDIUM,2004,9,3
10299,0.27868852459016397,1.0,0.47058823529411764,0.2826857862610212,2004-09-30,SHIPPED,3,9,2004,MOTORCYCLES,0.3425414364640884,S10_1678,"TOYS OF FINLAND, CO.",90-224 8555,KESKUSKATU 45,HELSINKI,21240,FINLAND,EMEA,KARTTUNEN,MATTI,SMALL,2004,9,3
10299,0.29508196721311475,0.21006564551422324,0.1764705882352941,0.07104764641223618,2004-09-30,SHIPPED,3,9,2004,MOTORCYCLES,0.03867403314917128,S32_2206,"TOYS OF FINLAND, CO.",90-224 8555,KESKUSKATU 45,HELSINKI,21240,FINLAND,EMEA,KARTTUNEN,MATTI,SMALL,2004,9,3
10303,0.6557377049180328,0.30306345733041573,0.058823529411764705,0.23704065029785276,2004-10-06,SHIPPED,4,10,2004,VINTAGE CARS,0.14917127071823205,S18_2248,"IBERIA GIFT IMPORTS, CORP.",(95) 555 82 82,"C/ ROMERO, 33",SEVILLA,41101,SPAIN,EMEA,ROEL,JOSE PEDRO,SMALL,2004,10,4
10303,0.29508196721311475,0.18230306345733038,0.0,0.0645366494158211,2004-10-06,SHIPPED,4,10,2004,VINTAGE CARS,0.04419889502762431,S24_3969,"IBERIA GIFT IMPORTS, CORP.",(95) 555 82 82,"C/ ROMERO, 33",SEVILLA,41101,SPAIN,EMEA,ROEL,JOSE PEDRO,SMALL,2004,10,4
10304,0.27868852459016397,0.04540481400437635,0.8823529411764706,0.02839473587496534,2004-10-11,SHIPPED,4,10,2004,VINTAGE CARS,0.0,S24_1937,AUTO ASSOC. & CIE.,30.59.8555,"67, AVENUE DE L'EUROPE",VERSAILLES,78000,FRANCE,EMEA,TONINI,DANIEL,SMALL,2004,10,4
10304,0.5409836065573771,1.0,0.1176470588235294,0.7903364081935391,2004-10-11,SHIPPED,4,10,2004,TRUCKS AND BUSES,0.569060773480663,S12_1666,AUTO ASSOC. & CIE.,30.59.8555,"67, AVENUE DE L'EUROPE",VERSAILLES,78000,FRANCE,EMEA,TONINI,DANIEL,MEDIUM,2004,10,4
10304,0.4426229508196722,1.0,0.5294117647058824,0.3822725009939561,2004-10-11,SHIPPED,4,10,2004,VINTAGE CARS,0.35359116022099446,S24_4258,AUTO ASSOC. & CIE.,30.59.8555,"67, AVENUE DE L'EUROPE",VERSAILLES,78000,FRANCE,EMEA,TONINI,DANIEL,MEDIUM,2004,10,4
10304,0.5081967213114754,0.2959518599562364,0.6470588235294117,0.17548553501565273,2004-10-11,SHIPPED,4,10,2004,VINTAGE CARS,0.11049723756906077,S18_1367,AUTO ASSOC. & CIE.,30.59.8555,"67, AVENUE DE L'EUROPE",VERSAILLES,78000,FRANCE,EMEA,TONINI,DANIEL,SMALL,2004,10,4
10304,0.5081967213114754,0.9391411378555798,0.7058823529411764,0.4080358425573571,2004-10-11,SHIPPED,4,10,2004,VINTAGE CARS,0.3812154696132597,S18_1342,AUTO ASSOC. & CIE.,30.59.8555,"67, AVENUE DE L'EUROPE",VERSAILLES,78000,FRANCE,EMEA,TONINI,DANIEL,MEDIUM,2004,10,4
10304,0.6557377049180328,1.0,0.3529411764705882,0.5521611445028383,2004-10-11,SHIPPED,4,10,2004,VINTAGE CARS,0.37569060773480667,S18_2949,AUTO ASSOC. & CIE.,30.59.8555,"67, AVENUE DE L'EUROPE",VERSAILLES,78000,FRANCE,EMEA,TONINI,DANIEL,MEDIUM,2004,10,4
10304,0.29508196721311475,1.0,0.9411764705882353,0.26175891804122164,2004-10-11,SHIPPED,4,10,2004,VINTAGE CARS,0.5193370165745856,S18_2325,AUTO ASSOC. & CIE.,30.59.8555,"67, AVENUE DE L'EUROPE",VERSAILLES,78000,FRANCE,EMEA,TONINI,DANIEL,SMALL,2004,10,4
10304,0.5245901639344263,1.0,0.5882352941176471,0.4645807509964619,2004-10-11,SHIPPED,4,10,2004,VINTAGE CARS,0.3646408839779005,S18_3320,AUTO ASSOC. & CIE.,30.59.8555,"67, AVENUE DE L'EUROPE",VERSAILLES,78000,FRANCE,EMEA,TONINI,DANIEL,MEDIUM,2004,10,4
10304,0.6721311475409837,1.0,0.2941176470588235,1.0,2004-10-11,SHIPPED,4,10,2004,CLASSIC CARS,0.9999999999999999,S10_1949,AUTO ASSOC. & CIE.,30.59.8555,"67, AVENUE DE L'EUROPE",VERSAILLES,78000,FRANCE,EMEA,TONINI,DANIEL,LARGE,2004,10,4
10304,0.6557377049180328,0.9726477024070022,0.23529411764705882,0.5380219104671092,2004-10-11,SHIPPED,4,10,2004,TRUCKS AND BUSES,0.45856353591160215,S18_1097,AUTO ASSOC. & CIE.,30.59.8555,"67, AVENUE DE L'EUROPE",VERSAILLES,78000,FRANCE,EMEA,TONINI,DANIEL,MEDIUM,2004,10,4
10304,0.459016393442623,0.3066192560175054,0.1764705882352941,0.1595768921081558,2004-10-11,SHIPPED,4,10,2004,VINTAGE CARS,0.09392265193370164,S18_4668,AUTO ASSOC. & CIE.,30.59.8555,"67, AVENUE DE L'EUROPE",VERSAILLES,78000,FRANCE,EMEA,TONINI,DANIEL,SMALL,2004,10,4
10304,0.6229508196721312,0.17149890590809636,0.8235294117647058,0.16736549853161783,2004-10-11,SHIPPED,4,10,2004,VINTAGE CARS,0.06077348066298344,S24_2022,AUTO ASSOC. & CIE.,30.59.8555,"67, AVENUE DE L'EUROPE",VERSAILLES,78000,FRANCE,EMEA,TONINI,DANIEL,SMALL,2004,10,4
10304,0.3278688524590164,0.8067560175054704,0.4117647058823529,0.2339375027145859,2004-10-11,SHIPPED,4,10,2004,VINTAGE CARS,0.39226519337016574,S18_3136,AUTO ASSOC. & CIE.,30.59.8555,"67, AVENUE DE L'EUROPE",VERSAILLES,78000,FRANCE,EMEA,TONINI,DANIEL,SMALL,2004,10,4
10304,0.29508196721311475,0.5207877461706782,0.47058823529411764,0.14391949456915762,2004-10-11,SHIPPED,4,10,2004,VINTAGE CARS,0.16022099447513816,S18_2957,AUTO ASSOC. & CIE.,30.59.8555,"67, AVENUE DE L'EUROPE",VERSAILLES,78000,FRANCE,EMEA,TONINI,DANIEL,SMALL,2004,10,4
10304,0.5573770491803279,1.0,0.0,0.49792956443007064,2004-10-11,SHIPPED,4,10,2004,CLASSIC CARS,0.37569060773480667,S700_2824,AUTO ASSOC. & CIE.,30.59.8555,"67, AVENUE DE L'EUROPE",VERSAILLES,78000,FRANCE,EMEA,TONINI,DANIEL,MEDIUM,2004,10,4
10304,0.4918032786885246,0.6312910284463896,0.058823529411764705,0.2869689852293115,2004-10-11,SHIPPED,4,10,2004,TRUCKS AND BUSES,0.1712707182320442,S32_3522,AUTO ASSOC. & CIE.,30.59.8555,"67, AVENUE DE L'EUROPE",VERSAILLES,78000,FRANCE,EMEA,TONINI,DANIEL,SMALL,2004,10,4
10304,0.2295081967213115,1.0,0.7647058823529411,0.4136821812909067,2004-10-11,SHIPPED,4,10,2004,VINTAGE CARS,0.7458563535911602,S18_2795,AUTO ASSOC. & CIE.,30.59.8555,"67, AVENUE DE L'EUROPE",VERSAILLES,78000,FRANCE,EMEA,TONINI,DANIEL,MEDIUM,2004,10,4
10305,0.5737704918032788,0.36378555798687084,0.5882352941176471,0.22859987504552148,2004-10-13,SHIPPED,4,10,2004,TRUCKS AND BUSES,0.14917127071823205,S18_2432,MARTA'S REPLICAS CO.,6175558555,39323 SPINNAKER DR.,CAMBRIDGE,51247,USA,DESCONOCIDO,HERNANDEZ,MARTA,SMALL,2004,10,4
10305,0.26229508196721313,0.9902899343544858,0.7647058823529411,0.22749065347183012,2004-10-13,SHIPPED,4,10,2004,TRUCKS AND BUSES,0.4861878453038674,S18_4600,MARTA'S REPLICAS CO.,6175558555,39323 SPINNAKER DR.,CAMBRIDGE,51247,USA,DESCONOCIDO,HERNANDEZ,MARTA,SMALL,2004,10,4
10305,0.5245901639344263,1.0,0.7058823529411764,0.8283947358749654,2004-10-13,SHIPPED,4,10,2004,CLASSIC CARS,0.6298342541436464,S10_4962,MARTA'S REPLICAS CO.,6175558555,39323 SPINNAKER DR.,CAMBRIDGE,51247,USA,DESCONOCIDO,HERNANDEZ,MARTA,MEDIUM,2004,10,4
10305,0.5901639344262295,1.0,0.1176470588235294,0.5527652025164629,2004-10-13,SHIPPED,4,10,2004,TRUCKS AND BUSES,0.4530386740331491,S50_1392,MARTA'S REPLICAS CO.,6175558555,39323 SPINNAKER DR.,CAMBRIDGE,51247,USA,DESCONOCIDO,HERNANDEZ,MARTA,MEDIUM,2004,10,4
10305,0.5245901639344263,1.0,0.23529411764705882,0.5734608715407823,2004-10-13,SHIPPED,4,10,2004,TRUCKS AND BUSES,0.4696132596685083,S12_4473,MARTA'S REPLICAS CO.,6175558555,39323 SPINNAKER DR.,CAMBRIDGE,51247,USA,DESCONOCIDO,HERNANDEZ,MARTA,MEDIUM,2004,10,4
10305,0.4918032786885246,1.0,0.4117647058823529,0.5791940770240788,2004-10-13,SHIPPED,4,10,2004,TRUCKS AND BUSES,0.4917127071823204,S18_2319,MARTA'S REPLICAS CO.,6175558555,39323 SPINNAKER DR.,CAMBRIDGE,51247,USA,DESCONOCIDO,HERNANDEZ,MARTA,MEDIUM,2004,10,4
10305,0.639344262295082,0.4782549234135668,0.058823529411764705,0.3075243310425012,2004-10-13,SHIPPED,4,10,2004,CLASSIC CARS,0.13259668508287292,S24_1444,MARTA'S REPLICAS CO.,6175558555,39323 SPINNAKER DR.,CAMBRIDGE,51247,USA,DESCONOCIDO,HERNANDEZ,MARTA,SMALL,2004,10,4
10305,0.6885245901639344,0.06277352297592997,0.2941176470588235,0.13744057144957217,2004-10-13,SHIPPED,4,10,2004,CLASSIC CARS,0.011049723756906105,S24_2840,MARTA'S REPLICAS CO.,6175558555,39323 SPINNAKER DR.,CAMBRIDGE,51247,USA,DESCONOCIDO,HERNANDEZ,MARTA,SMALL,2004,10,4
10305,0.34426229508196726,1.0,0.1764705882352941,0.46137069049042967,2004-10-13,SHIPPED,4,10,2004,CLASSIC CARS,0.718232044198895,S18_2238,MARTA'S REPLICAS CO.,6175558555,39323 SPINNAKER DR.,CAMBRIDGE,51247,USA,DESCONOCIDO,HERNANDEZ,MARTA,MEDIUM,2004,10,4
10305,0.36065573770491804,1.0,0.6470588235294117,0.3572107754862032,2004-10-13,SHIPPED,4,10,2004,TRUCKS AND BUSES,0.34806629834254144,S32_1268,MARTA'S REPLICAS CO.,6175558555,39323 SPINNAKER DR.,CAMBRIDGE,51247,USA,DESCONOCIDO,HERNANDEZ,MARTA,MEDIUM,2004,10,4
10305,0.29508196721311475,1.0,0.5294117647058824,0.3618294137496701,2004-10-13,SHIPPED,4,10,2004,TRUCKS AND BUSES,0.5193370165745856,S24_2300,MARTA'S REPLICAS CO.,6175558555,39323 SPINNAKER DR.,CAMBRIDGE,51247,USA,DESCONOCIDO,HERNANDEZ,MARTA,MEDIUM,2004,10,4
10305,0.5081967213114754,1.0,0.47058823529411764,0.931978657507793,2004-10-13,SHIPPED,4,10,2004,CLASSIC CARS,0.7513812154696132,S18_3232,MARTA'S REPLICAS CO.,6175558555,39323 SPINNAKER DR.,CAMBRIDGE,51247,USA,DESCONOCIDO,HERNANDEZ,MARTA,LARGE,2004,10,4
10305,0.4918032786885246,1.0,0.0,0.5558603316305223,2004-10-13,SHIPPED,4,10,2004,CLASSIC CARS,0.4696132596685083,S24_4048,MARTA'S REPLICAS CO.,6175558555,39323 SPINNAKER DR.,CAMBRIDGE,51247,USA,DESCONOCIDO,HERNANDEZ,MARTA,MEDIUM,2004,10,4
10305,0.5573770491803279,0.424234135667396,0.3529411764705882,0.24508050208981352,2004-10-13,SHIPPED,4,10,2004,TRUCKS AND BUSES,0.11602209944751385,S32_2509,MARTA'S REPLICAS CO.,6175558555,39323 SPINNAKER DR.,CAMBRIDGE,51247,USA,DESCONOCIDO,HERNANDEZ,MARTA,SMALL,2004,10,4
10306,0.6065573770491803,0.6604212253829322,0.0,0.3675372274138098,2004-10-14,SHIPPED,4,10,2004,SHIPS,0.2154696132596685,S700_2610,"AV STORES, CO.",(171) 555-1555,FAUNTLEROY CIRCUS,MANCHESTER,EC2 5NT,UK,EMEA,ASHWORTH,VICTORIA,MEDIUM,2004,10,4
10307,0.4098360655737705,0.773522975929978,0.3529411764705882,0.2812491438613607,2004-10-14,SHIPPED,4,10,2004,SHIPS,0.2928176795580111,S18_3029,"CLASSIC GIFT IDEAS, INC",2155554695,782 FIRST STREET,PHILADELPHIA,71270,USA,DESCONOCIDO,CERVANTES,FRANCISCA,SMALL,2004,10,4
10306,0.4098360655737705,0.7822757111597374,0.058823529411764705,0.2839005843459435,2004-10-14,SHIPPED,4,10,2004,VINTAGE CARS,0.30386740331491713,S24_3151,"AV STORES, CO.",(171) 555-1555,FAUNTLEROY CIRCUS,MANCHESTER,EC2 5NT,UK,EMEA,ASHWORTH,VICTORIA,SMALL,2004,10,4
10307,0.459016393442623,0.9693654266958425,0.23529411764705882,0.37976940218971034,2004-10-14,SHIPPED,4,10,2004,SHIPS,0.3149171270718232,S700_2047,"CLASSIC GIFT IDEAS, INC",2155554695,782 FIRST STREET,PHILADELPHIA,71270,USA,DESCONOCIDO,CERVANTES,FRANCISCA,MEDIUM,2004,10,4
10306,0.42622950819672134,1.0,0.47058823529411764,0.43793003217410775,2004-10-14,SHIPPED,4,10,2004,VINTAGE CARS,0.569060773480663,S18_3140,"AV STORES, CO.",(171) 555-1555,FAUNTLEROY CIRCUS,MANCHESTER,EC2 5NT,UK,EMEA,ASHWORTH,VICTORIA,MEDIUM,2004,10,4
10307,0.26229508196721313,0.612554704595186,0.1176470588235294,0.14628494298534292,2004-10-14,SHIPPED,4,10,2004,VINTAGE CARS,0.17679558011049723,S24_3420,"CLASSIC GIFT IDEAS, INC",2155554695,782 FIRST STREET,PHILADELPHIA,71270,USA,DESCONOCIDO,CERVANTES,FRANCISCA,SMALL,2004,10,4
10306,0.5245901639344263,0.8879923413566739,0.5294117647058824,0.40181217404087416,2004-10-14,SHIPPED,4,10,2004,SHIPS,0.2928176795580111,S700_1938,"AV STORES, CO.",(171) 555-1555,FAUNTLEROY CIRCUS,MANCHESTER,EC2 5NT,UK,EMEA,ASHWORTH,VICTORIA,MEDIUM,2004,10,4
10306,0.459016393442623,0.4576039387308535,0.8235294117647058,0.20974043546969856,2004-10-14,SHIPPED,4,10,2004,TRAINS,0.13812154696132595,S50_1514,"AV STORES, CO.",(171) 555-1555,FAUNTLEROY CIRCUS,MANCHESTER,EC2 5NT,UK,EMEA,ASHWORTH,VICTORIA,SMALL,2004,10,4
10307,0.6885245901639344,0.8196115973741795,0.2941176470588235,0.4924342401999272,2004-10-14,SHIPPED,4,10,2004,VINTAGE CARS,0.39779005524861877,S18_3856,"CLASSIC GIFT IDEAS, INC",2155554695,782 FIRST STREET,PHILADELPHIA,71270,USA,DESCONOCIDO,CERVANTES,FRANCISCA,MEDIUM,2004,10,4
10306,0.6557377049180328,0.32070568927789933,0.9411764705882353,0.24497091634397894,2004-10-14,SHIPPED,4,10,2004,TRAINS,0.16022099447513816,S32_3207,"AV STORES, CO.",(171) 555-1555,FAUNTLEROY CIRCUS,MANCHESTER,EC2 5NT,UK,EMEA,ASHWORTH,VICTORIA,SMALL,2004,10,4
10306,0.42622950819672134,0.8652899343544858,0.1764705882352941,0.32109559017603884,2004-10-14,SHIPPED,4,10,2004,SHIPS,0.37016574585635353,S700_3505,"AV STORES, CO.",(171) 555-1555,FAUNTLEROY CIRCUS,MANCHESTER,EC2 5NT,UK,EMEA,ASHWORTH,VICTORIA,SMALL,2004,10,4
10307,0.5409836065573771,1.0,0.0,0.9218352939604223,2004-10-14,SHIPPED,4,10,2004,PLANES,0.6850828729281768,S18_1662,"CLASSIC GIFT IDEAS, INC",2155554695,782 FIRST STREET,PHILADELPHIA,71270,USA,DESCONOCIDO,CERVANTES,FRANCISCA,LARGE,2004,10,4
10307,0.459016393442623,0.3658369803063458,0.1764705882352941,0.17925154272006522,2004-10-14,SHIPPED,4,10,2004,PLANES,0.08839779005524862,S72_1253,"CLASSIC GIFT IDEAS, INC",2155554695,782 FIRST STREET,PHILADELPHIA,71270,USA,DESCONOCIDO,CERVANTES,FRANCISCA,SMALL,2004,10,4
10306,0.4098360655737705,1.0,0.7058823529411764,0.8136915361716488,2004-10-14,SHIPPED,4,10,2004,CLASSIC CARS,0.9613259668508286,S12_1108,"AV STORES, CO.",(171) 555-1555,FAUNTLEROY CIRCUS,MANCHESTER,EC2 5NT,UK,EMEA,ASHWORTH,VICTORIA,MEDIUM,2004,10,4
10306,0.3770491803278689,1.0,0.3529411764705882,0.36420822628120103,2004-10-14,SHIPPED,4,10,2004,SHIPS,0.4917127071823204,S24_2011,"AV STORES, CO.",(171) 555-1555,FAUNTLEROY CIRCUS,MANCHESTER,EC2 5NT,UK,EMEA,ASHWORTH,VICTORIA,MEDIUM,2004,10,4
10307,0.26229508196721313,0.8825218818380745,0.4117647058823529,0.20432262310856003,2004-10-14,SHIPPED,4,10,2004,VINTAGE CARS,0.27624309392265195,S24_3816,"CLASSIC GIFT IDEAS, INC",2155554695,782 FIRST STREET,PHILADELPHIA,71270,USA,DESCONOCIDO,CERVANTES,FRANCISCA,SMALL,2004,10,4
10306,0.2295081967213115,1.0,0.6470588235294117,0.42113935765379595,2004-10-14,SHIPPED,4,10,2004,CLASSIC CARS,0.7734806629834254,S12_3891,"AV STORES, CO.",(171) 555-1555,FAUNTLEROY CIRCUS,MANCHESTER,EC2 5NT,UK,EMEA,ASHWORTH,VICTORIA,MEDIUM,2004,10,4
10306,0.3934426229508197,1.0,0.23529411764705882,0.40540979389193105,2004-10-14,SHIPPED,4,10,2004,SHIPS,0.3646408839779005,S700_3962,"AV STORES, CO.",(171) 555-1555,FAUNTLEROY CIRCUS,MANCHESTER,EC2 5NT,UK,EMEA,ASHWORTH,VICTORIA,MEDIUM,2004,10,4
10307,0.3114754098360656,0.6630196936542669,0.058823529411764705,0.1873475237964779,2004-10-14,SHIPPED,4,10,2004,PLANES,0.19337016574585636,S24_2841,"CLASSIC GIFT IDEAS, INC",2155554695,782 FIRST STREET,PHILADELPHIA,71270,USA,DESCONOCIDO,CERVANTES,FRANCISCA,SMALL,2004,10,4
10306,0.47540983606557385,0.4462527352297593,0.2941176470588235,0.21392206716136164,2004-10-14,SHIPPED,4,10,2004,SHIPS,0.11602209944751385,S72_3212,"AV STORES, CO.",(171) 555-1555,FAUNTLEROY CIRCUS,MANCHESTER,EC2 5NT,UK,EMEA,ASHWORTH,VICTORIA,SMALL,2004,10,4
10306,0.7213114754098361,0.3708971553610503,0.1176470588235294,0.296398705017223,2004-10-14,SHIPPED,4,10,2004,SHIPS,0.18232044198895025,S700_1138,"AV STORES, CO.",(171) 555-1555,FAUNTLEROY CIRCUS,MANCHESTER,EC2 5NT,UK,EMEA,ASHWORTH,VICTORIA,SMALL,2004,10,4
10306,0.27868852459016397,1.0,0.8823529411764706,0.4167626098780859,2004-10-14,SHIPPED,4,10,2004,CLASSIC CARS,0.6077348066298343,S18_4027,"AV STORES, CO.",(171) 555-1555,FAUNTLEROY CIRCUS,MANCHESTER,EC2 5NT,UK,EMEA,ASHWORTH,VICTORIA,MEDIUM,2004,10,4
10306,0.5573770491803279,0.8873085339168492,0.5882352941176471,0.42608408033169737,2004-10-14,SHIPPED,4,10,2004,TRAINS,0.37016574585635353,S18_3259,"AV STORES, CO.",(171) 555-1555,FAUNTLEROY CIRCUS,MANCHESTER,EC2 5NT,UK,EMEA,ASHWORTH,VICTORIA,MEDIUM,2004,10,4
10306,0.459016393442623,1.0,0.7647058823529411,0.60146136601305,2004-10-14,SHIPPED,4,10,2004,CLASSIC CARS,0.6519337016574586,S12_3148,"AV STORES, CO.",(171) 555-1555,FAUNTLEROY CIRCUS,MANCHESTER,EC2 5NT,UK,EMEA,ASHWORTH,VICTORIA,MEDIUM,2004,10,4
10306,0.5409836065573771,0.8687089715536105,0.4117647058823529,0.40673284131115334,2004-10-14,SHIPPED,4,10,2004,VINTAGE CARS,0.2983425414364641,S18_4522,"AV STORES, CO.",(171) 555-1555,FAUNTLEROY CIRCUS,MANCHESTER,EC2 5NT,UK,EMEA,ASHWORTH,VICTORIA,MEDIUM,2004,10,4
10307,0.26229508196721313,1.0,0.47058823529411764,0.29543648871233413,2004-10-14,SHIPPED,4,10,2004,CLASSIC CARS,0.569060773480663,S10_4757,"CLASSIC GIFT IDEAS, INC",2155554695,782 FIRST STREET,PHILADELPHIA,71270,USA,DESCONOCIDO,CERVANTES,FRANCISCA,SMALL,2004,10,4
10308,0.459016393442623,0.3447757111597375,0.1176470588235294,0.1722540919250674,2004-10-15,SHIPPED,4,10,2004,MOTORCYCLES,0.14917127071823205,S18_2625,MINI CLASSICS,9145554562,3758 NORTH PENDALE STREET,WHITE PLAINS,24067,USA,DESCONOCIDO,FRICK,STEVE,SMALL,2004,10,4
10308,0.6557377049180328,0.5355579868708973,0.5294117647058824,0.34154803230106684,2004-10-15,SHIPPED,4,10,2004,VINTAGE CARS,0.19337016574585636,S32_4289,MINI CLASSICS,9145554562,3758 NORTH PENDALE STREET,WHITE PLAINS,24067,USA,DESCONOCIDO,FRICK,STEVE,MEDIUM,2004,10,4
10308,0.29508196721311475,0.7252461706783369,0.23529411764705882,0.19186994042945582,2004-10-15,SHIPPED,4,10,2004,MOTORCYCLES,0.3646408839779005,S32_1374,MINI CLASSICS,9145554562,3758 NORTH PENDALE STREET,WHITE PLAINS,24067,USA,DESCONOCIDO,FRICK,STEVE,SMALL,2004,10,4
10308,0.459016393442623,1.0,0.058823529411764705,0.4760070696170179,2004-10-15,SHIPPED,4,10,2004,MOTORCYCLES,0.4696132596685083,S10_2016,MINI CLASSICS,9145554562,3758 NORTH PENDALE STREET,WHITE PLAINS,24067,USA,DESCONOCIDO,FRICK,STEVE,MEDIUM,2004,10,4
10308,0.47540983606557385,0.8461433260393874,0.7647058823529411,0.3506904236090462,2004-10-15,SHIPPED,4,10,2004,PLANES,0.3646408839779005,S700_2466,MINI CLASSICS,9145554562,3758 NORTH PENDALE STREET,WHITE PLAINS,24067,USA,DESCONOCIDO,FRICK,STEVE,MEDIUM,2004,10,4
10308,0.4098360655737705,1.0,0.2941176470588235,0.4713657123574634,2004-10-15,SHIPPED,4,10,2004,PLANES,0.4696132596685083,S700_2834,MINI CLASSICS,9145554562,3758 NORTH PENDALE STREET,WHITE PLAINS,24067,USA,DESCONOCIDO,FRICK,STEVE,MEDIUM,2004,10,4
10308,0.34426229508196726,0.764633479212254,0.3529411764705882,0.23429967024045384,2004-10-15,SHIPPED,4,10,2004,PLANES,0.281767955801105,S18_2581,MINI CLASSICS,9145554562,3758 NORTH PENDALE STREET,WHITE PLAINS,24067,USA,DESCONOCIDO,FRICK,STEVE,SMALL,2004,10,4
10309,0.7213114754098361,0.7907549234135667,0.1176470588235294,0.5015378755734041,2004-10-15,SHIPPED,4,10,2004,MOTORCYCLES,0.3812154696132597,S32_4485,BAANE MINI IMPORTS,07-98 9555,ERLING SKAKKES GATE 78,STAVERN,4110,NORWAY,EMEA,BERGULFSEN,JONAS,MEDIUM,2004,10,4
10308,0.2459016393442623,1.0,0.6470588235294117,0.2329124750675723,2004-10-15,SHIPPED,4,10,2004,PLANES,0.3204419889502762,S700_1691,MINI CLASSICS,9145554562,3758 NORTH PENDALE STREET,WHITE PLAINS,24067,USA,DESCONOCIDO,FRICK,STEVE,SMALL,2004,10,4
10309,0.2459016393442623,1.0,0.2941176470588235,0.28979950485952644,2004-10-15,SHIPPED,4,10,2004,MOTORCYCLES,0.43646408839779005,S24_1578,BAANE MINI IMPORTS,07-98 9555,ERLING SKAKKES GATE 78,STAVERN,4110,NORWAY,EMEA,BERGULFSEN,JONAS,SMALL,2004,10,4
10309,0.36065573770491804,0.8451859956236325,0.0,0.2674039203632367,2004-10-15,SHIPPED,4,10,2004,MOTORCYCLES,0.26519337016574585,S50_4713,BAANE MINI IMPORTS,07-98 9555,ERLING SKAKKES GATE 78,STAVERN,4110,NORWAY,EMEA,BERGULFSEN,JONAS,SMALL,2004,10,4
10308,0.2459016393442623,0.824945295404814,0.7058823529411764,0.1802912708939591,2004-10-15,SHIPPED,4,10,2004,PLANES,0.2596685082872928,S700_3167,MINI CLASSICS,9145554562,3758 NORTH PENDALE STREET,WHITE PLAINS,24067,USA,DESCONOCIDO,FRICK,STEVE,SMALL,2004,10,4
10308,0.5409836065573771,0.5638676148796499,0.8235294117647058,0.29055725019962647,2004-10-15,SHIPPED,4,10,2004,PLANES,0.22651933701657456,S700_4002,MINI CLASSICS,9145554562,3758 NORTH PENDALE STREET,WHITE PLAINS,24067,USA,DESCONOCIDO,FRICK,STEVE,SMALL,2004,10,4
10308,0.6065573770491803,0.6776531728665209,0.8823529411764706,0.374777905108099,2004-10-15,SHIPPED,4,10,2004,PLANES,0.19337016574585636,S24_3949,MINI CLASSICS,9145554562,3758 NORTH PENDALE STREET,WHITE PLAINS,24067,USA,DESCONOCIDO,FRICK,STEVE,MEDIUM,2004,10,4
10309,0.29508196721311475,0.399617067833698,0.058823529411764705,0.11550203969810466,2004-10-15,SHIPPED,4,10,2004,MOTORCYCLES,0.19889502762430938,S24_2360,BAANE MINI IMPORTS,07-98 9555,ERLING SKAKKES GATE 78,STAVERN,4110,NORWAY,EMEA,BERGULFSEN,JONAS,SMALL,2004,10,4
10308,0.2295081967213115,1.0,0.0,0.5463611184428132,2004-10-15,SHIPPED,4,10,2004,MOTORCYCLES,0.8839779005524863,S10_4698,MINI CLASSICS,9145554562,3758 NORTH PENDALE STREET,WHITE PLAINS,24067,USA,DESCONOCIDO,FRICK,STEVE,MEDIUM,2004,10,4
10308,0.6229508196721312,0.7718818380743981,0.4117647058823529,0.42550675054876397,2004-10-15,SHIPPED,4,10,2004,PLANES,0.2154696132596685,S24_4278,MINI CLASSICS,9145554562,3758 NORTH PENDALE STREET,WHITE PLAINS,24067,USA,DESCONOCIDO,FRICK,STEVE,MEDIUM,2004,10,4
10309,0.3278688524590164,1.0,0.1764705882352941,0.5583674396693717,2004-10-15,SHIPPED,4,10,2004,MOTORCYCLES,0.6464088397790055,S12_2823,BAANE MINI IMPORTS,07-98 9555,ERLING SKAKKES GATE 78,STAVERN,4110,NORWAY,EMEA,BERGULFSEN,JONAS,MEDIUM,2004,10,4
10309,0.5737704918032788,1.0,0.23529411764705882,0.5228376026113482,2004-10-15,SHIPPED,4,10,2004,MOTORCYCLES,0.3425414364640884,S10_1678,BAANE MINI IMPORTS,07-98 9555,ERLING SKAKKES GATE 78,STAVERN,4110,NORWAY,EMEA,BERGULFSEN,JONAS,MEDIUM,2004,10,4
10308,0.6721311475409837,0.4969912472647702,0.1764705882352941,0.33266089559618994,2004-10-15,SHIPPED,4,10,2004,MOTORCYCLES,0.23756906077348067,S24_2000,MINI CLASSICS,9145554562,3758 NORTH PENDALE STREET,WHITE PLAINS,24067,USA,DESCONOCIDO,FRICK,STEVE,SMALL,2004,10,4
10308,0.6721311475409837,0.22921225382932164,0.5882352941176471,0.20967628771603924,2004-10-15,SHIPPED,4,10,2004,VINTAGE CARS,0.05524861878453041,S50_1341,MINI CLASSICS,9145554562,3758 NORTH PENDALE STREET,WHITE PLAINS,24067,USA,DESCONOCIDO,FRICK,STEVE,SMALL,2004,10,4
10308,0.4098360655737705,1.0,0.47058823529411764,0.40246968851588155,2004-10-15,SHIPPED,4,10,2004,PLANES,0.419889502762431,S24_1785,MINI CLASSICS,9145554562,3758 NORTH PENDALE STREET,WHITE PLAINS,24067,USA,DESCONOCIDO,FRICK,STEVE,MEDIUM,2004,10,4
10310,0.6885245901639344,1.0,0.1176470588235294,1.0,2004-10-16,SHIPPED,4,10,2004,CLASSIC CARS,0.7513812154696132,S18_3232,"TOMS SPEZIALITTEN, LTD",0221-5554327,MEHRHEIMERSTR. 369,KOLN,50739,GERMANY,EMEA,PFALZHEIM,HENRIETTE,LARGE,2004,10,4
10311,0.6065573770491803,1.0,0.1176470588235294,0.5497034836907677,2004-10-16,SHIPPED,4,10,2004,CLASSIC CARS,0.4640883977900553,S24_2887,EURO SHOPPING CHANNEL,(91) 555 94 44,"C/ MORALZARZAL, 86",MADRID,28034,SPAIN,EMEA,FREYRE,DIEGO,MEDIUM,2004,10,4
10311,0.42622950819672134,1.0,0.5882352941176471,0.41889953192186,2004-10-16,SHIPPED,4,10,2004,CLASSIC CARS,0.5966850828729282,S18_3685,EURO SHOPPING CHANNEL,(91) 555 94 44,"C/ MORALZARZAL, 86",MADRID,28034,SPAIN,EMEA,FREYRE,DIEGO,MEDIUM,2004,10,4
10311,0.3114754098360656,0.548550328227571,0.058823529411764705,0.15938311243564343,2004-10-16,SHIPPED,4,10,2004,CLASSIC CARS,0.2099447513812155,S18_4933,EURO SHOPPING CHANNEL,(91) 555 94 44,"C/ MORALZARZAL, 86",MADRID,28034,SPAIN,EMEA,FREYRE,DIEGO,SMALL,2004,10,4
10311,0.3770491803278689,1.0,0.47058823529411764,0.32622741046877973,2004-10-16,SHIPPED,4,10,2004,CLASSIC CARS,0.5027624309392266,S18_1589,EURO SHOPPING CHANNEL,(91) 555 94 44,"C/ MORALZARZAL, 86",MADRID,28034,SPAIN,EMEA,FREYRE,DIEGO,SMALL,2004,10,4
10310,0.29508196721311475,1.0,0.0,0.3963729790951826,2004-10-16,SHIPPED,4,10,2004,CLASSIC CARS,0.6022099447513812,S18_1984,"TOMS SPEZIALITTEN, LTD",0221-5554327,MEHRHEIMERSTR. 369,KOLN,50739,GERMANY,EMEA,PFALZHEIM,HENRIETTE,MEDIUM,2004,10,4
10310,0.5245901639344263,0.4111050328227571,0.47058823529411764,0.2247296272414127,2004-10-16,SHIPPED,4,10,2004,CLASSIC CARS,0.15469613259668508,S24_3371,"TOMS SPEZIALITTEN, LTD",0221-5554327,MEHRHEIMERSTR. 369,KOLN,50739,GERMANY,EMEA,PFALZHEIM,HENRIETTE,SMALL,2004,10,4
10310,0.3114754098360656,1.0,0.3529411764705882,0.2703052698047837,2004-10-16,SHIPPED,4,10,2004,CLASSIC CARS,0.4530386740331491,S12_4675,"TOMS SPEZIALITTEN, LTD",0221-5554327,MEHRHEIMERSTR. 369,KOLN,50739,GERMANY,EMEA,PFALZHEIM,HENRIETTE,SMALL,2004,10,4
10311,0.6557377049180328,0.8918216630196938,0.3529411764705882,0.5016902264883449,2004-10-16,SHIPPED,4,10,2004,CLASSIC CARS,0.4088397790055248,S24_3432,EURO SHOPPING CHANNEL,(91) 555 94 44,"C/ MORALZARZAL, 86",MADRID,28034,SPAIN,EMEA,FREYRE,DIEGO,MEDIUM,2004,10,4
10310,0.7049180327868853,0.9591083150984683,0.7647058823529411,0.570829477229218,2004-10-16,SHIPPED,4,10,2004,CLASSIC CARS,0.2596685082872928,S24_4620,"TOMS SPEZIALITTEN, LTD",0221-5554327,MEHRHEIMERSTR. 369,KOLN,50739,GERMANY,EMEA,PFALZHEIM,HENRIETTE,MEDIUM,2004,10,4
10310,0.34426229508196726,0.7320842450765863,0.7058823529411764,0.2257118897193202,2004-10-16,SHIPPED,4,10,2004,CLASSIC CARS,0.2596685082872928,S18_3278,"TOMS SPEZIALITTEN, LTD",0221-5554327,MEHRHEIMERSTR. 369,KOLN,50739,GERMANY,EMEA,PFALZHEIM,HENRIETTE,SMALL,2004,10,4
10310,0.5573770491803279,1.0,0.8235294117647058,0.6514565215212373,2004-10-16,SHIPPED,4,10,2004,CLASSIC CARS,0.6353591160220994,S18_4721,"TOMS SPEZIALITTEN, LTD",0221-5554327,MEHRHEIMERSTR. 369,KOLN,50739,GERMANY,EMEA,PFALZHEIM,HENRIETTE,MEDIUM,2004,10,4
10310,0.4426229508196722,1.0,0.5294117647058824,0.8623182062684384,2004-10-16,SHIPPED,4,10,2004,CLASSIC CARS,0.8895027624309392,S12_1099,"TOMS SPEZIALITTEN, LTD",0221-5554327,MEHRHEIMERSTR. 369,KOLN,50739,GERMANY,EMEA,PFALZHEIM,HENRIETTE,MEDIUM,2004,10,4
10310,0.7049180327868853,1.0,0.6470588235294117,0.7729790951825706,2004-10-16,SHIPPED,4,10,2004,CLASSIC CARS,0.6243093922651933,S18_3482,"TOMS SPEZIALITTEN, LTD",0221-5554327,MEHRHEIMERSTR. 369,KOLN,50739,GERMANY,EMEA,PFALZHEIM,HENRIETTE,MEDIUM,2004,10,4
10311,0.36065573770491804,0.912472647702407,0.1764705882352941,0.28581432566344483,2004-10-16,SHIPPED,4,10,2004,CLASSIC CARS,0.3149171270718232,S24_2766,EURO SHOPPING CHANNEL,(91) 555 94 44,"C/ MORALZARZAL, 86",MADRID,28034,SPAIN,EMEA,FREYRE,DIEGO,SMALL,2004,10,4
10311,0.3278688524590164,0.8283643326039387,0.2941176470588235,0.2394274812985911,2004-10-16,SHIPPED,4,10,2004,CLASSIC CARS,0.22099447513812154,S24_1046,EURO SHOPPING CHANNEL,(91) 555 94 44,"C/ MORALZARZAL, 86",MADRID,28034,SPAIN,EMEA,FREYRE,DIEGO,SMALL,2004,10,4
10311,0.5737704918032788,0.7525984682713347,0.0,0.38437601274936606,2004-10-16,SHIPPED,4,10,2004,VINTAGE CARS,0.32596685082872934,S18_4409,EURO SHOPPING CHANNEL,(91) 555 94 44,"C/ MORALZARZAL, 86",MADRID,28034,SPAIN,EMEA,FREYRE,DIEGO,MEDIUM,2004,10,4
10310,0.639344262295082,1.0,0.23529411764705882,0.6702798779856268,2004-10-16,SHIPPED,4,10,2004,CLASSIC CARS,0.5911602209944752,S24_3856,"TOMS SPEZIALITTEN, LTD",0221-5554327,MEHRHEIMERSTR. 369,KOLN,50739,GERMANY,EMEA,PFALZHEIM,HENRIETTE,MEDIUM,2004,10,4
10310,0.4426229508196722,0.2055525164113785,0.1764705882352941,0.12039731514922705,2004-10-16,SHIPPED,4,10,2004,CLASSIC CARS,0.022099447513812154,S24_2972,"TOMS SPEZIALITTEN, LTD",0221-5554327,MEHRHEIMERSTR. 369,KOLN,50739,GERMANY,EMEA,PFALZHEIM,HENRIETTE,SMALL,2004,10,4
10310,0.5081967213114754,1.0,0.058823529411764705,0.7684072313228135,2004-10-16,SHIPPED,4,10,2004,CLASSIC CARS,0.5966850828729282,S18_1129,"TOMS SPEZIALITTEN, LTD",0221-5554327,MEHRHEIMERSTR. 369,KOLN,50739,GERMANY,EMEA,PFALZHEIM,HENRIETTE,MEDIUM,2004,10,4
10310,0.29508196721311475,1.0,0.4117647058823529,0.3498979315690474,2004-10-16,SHIPPED,4,10,2004,CLASSIC CARS,0.4640883977900553,S12_3380,"TOMS SPEZIALITTEN, LTD",0221-5554327,MEHRHEIMERSTR. 369,KOLN,50739,GERMANY,EMEA,PFALZHEIM,HENRIETTE,MEDIUM,2004,10,4
10310,0.2295081967213115,0.885530634573304,0.2941176470588235,0.1804783685087986,2004-10-16,SHIPPED,4,10,2004,CLASSIC CARS,0.2430939226519337,S18_1889,"TOMS SPEZIALITTEN, LTD",0221-5554327,MEHRHEIMERSTR. 369,KOLN,50739,GERMANY,EMEA,PFALZHEIM,HENRIETTE,SMALL,2004,10,4
10311,0.639344262295082,0.3066192560175054,0.4117647058823529,0.23205048962777597,2004-10-16,SHIPPED,4,10,2004,CLASSIC CARS,0.09392265193370164,S24_1628,EURO SHOPPING CHANNEL,(91) 555 94 44,"C/ MORALZARZAL, 86",MADRID,28034,SPAIN,EMEA,FREYRE,DIEGO,SMALL,2004,10,4
10311,0.6065573770491803,1.0,0.5294117647058824,0.6410164746131924,2004-10-16,SHIPPED,4,10,2004,CLASSIC CARS,0.5469613259668508,S18_2870,EURO SHOPPING CHANNEL,(91) 555 94 44,"C/ MORALZARZAL, 86",MADRID,28034,SPAIN,EMEA,FREYRE,DIEGO,MEDIUM,2004,10,4
10310,0.5901639344262295,0.550601750547046,0.8823529411764706,0.31241960649362366,2004-10-16,SHIPPED,4,10,2004,MOTORCYCLES,0.16022099447513816,S18_3782,"TOMS SPEZIALITTEN, LTD",0221-5554327,MEHRHEIMERSTR. 369,KOLN,50739,GERMANY,EMEA,PFALZHEIM,HENRIETTE,SMALL,2004,10,4
10311,0.3114754098360656,0.7680525164113787,0.23529411764705882,0.2130066252601826,2004-10-16,SHIPPED,4,10,2004,CLASSIC CARS,0.287292817679558,S24_3191,EURO SHOPPING CHANNEL,(91) 555 94 44,"C/ MORALZARZAL, 86",MADRID,28034,SPAIN,EMEA,FREYRE,DIEGO,SMALL,2004,10,4
10310,0.7049180327868853,0.7456236323851204,0.5882352941176471,0.4686086953616496,2004-10-16,SHIPPED,4,10,2004,CLASSIC CARS,0.2541436464088398,S12_3990,"TOMS SPEZIALITTEN, LTD",0221-5554327,MEHRHEIMERSTR. 369,KOLN,50739,GERMANY,EMEA,PFALZHEIM,HENRIETTE,MEDIUM,2004,10,4
10310,0.4918032786885246,0.22114332603938724,0.9411764705882353,0.14268465031121683,2004-10-16,SHIPPED,4,10,2004,MOTORCYCLES,0.03867403314917128,S32_2206,"TOMS SPEZIALITTEN, LTD",0221-5554327,MEHRHEIMERSTR. 369,KOLN,50739,GERMANY,EMEA,PFALZHEIM,HENRIETTE,SMALL,2004,10,4
10312,0.4098360655737705,0.11501641137855578,0.8235294117647058,0.08176967615407488,2004-10-21,SHIPPED,4,10,2004,VINTAGE CARS,0.04419889502762431,S24_3969,MINI GIFTS DISTRIBUTORS LTD.,4155551450,5677 STRONG ST.,SAN RAFAEL,97562,USA,DESCONOCIDO,NELSON,VALARIE,SMALL,2004,10,4
10312,0.4098360655737705,1.0,0.7647058823529411,0.5676047161963055,2004-10-21,SHIPPED,4,10,2004,VINTAGE CARS,0.5193370165745856,S18_2325,MINI GIFTS DISTRIBUTORS LTD.,4155551450,5677 STRONG ST.,SAN RAFAEL,97562,USA,DESCONOCIDO,NELSON,VALARIE,MEDIUM,2004,10,4
10312,0.47540983606557385,0.36706783369803064,0.2941176470588235,0.18683968741334206,2004-10-21,SHIPPED,4,10,2004,VINTAGE CARS,0.16022099447513816,S18_2957,MINI GIFTS DISTRIBUTORS LTD.,4155551450,5677 STRONG ST.,SAN RAFAEL,97562,USA,DESCONOCIDO,NELSON,VALARIE,SMALL,2004,10,4
10312,0.6885245901639344,1.0,0.1176470588235294,1.0,2004-10-21,SHIPPED,4,10,2004,CLASSIC CARS,0.9999999999999999,S10_1949,MINI GIFTS DISTRIBUTORS LTD.,4155551450,5677 STRONG ST.,SAN RAFAEL,97562,USA,DESCONOCIDO,NELSON,VALARIE,LARGE,2004,10,4
10312,0.5081967213114754,1.0,0.1764705882352941,0.43152327527738893,2004-10-21,SHIPPED,4,10,2004,VINTAGE CARS,0.37569060773480667,S18_2949,MINI GIFTS DISTRIBUTORS LTD.,4155551450,5677 STRONG ST.,SAN RAFAEL,97562,USA,DESCONOCIDO,NELSON,VALARIE,MEDIUM,2004,10,4
10312,0.3114754098360656,0.23700765864332607,0.47058823529411764,0.0832744755419984,2004-10-21,SHIPPED,4,10,2004,VINTAGE CARS,0.11049723756906077,S18_1367,MINI GIFTS DISTRIBUTORS LTD.,4155551450,5677 STRONG ST.,SAN RAFAEL,97562,USA,DESCONOCIDO,NELSON,VALARIE,SMALL,2004,10,4
10312,0.6229508196721312,1.0,0.3529411764705882,0.5883885883819063,2004-10-21,SHIPPED,4,10,2004,VINTAGE CARS,0.35359116022099446,S24_4258,MINI GIFTS DISTRIBUTORS LTD.,4155551450,5677 STRONG ST.,SAN RAFAEL,97562,USA,DESCONOCIDO,NELSON,VALARIE,MEDIUM,2004,10,4
10312,0.3114754098360656,1.0,0.5882352941176471,0.4542623175380627,2004-10-21,SHIPPED,4,10,2004,VINTAGE CARS,0.7458563535911602,S18_2795,MINI GIFTS DISTRIBUTORS LTD.,4155551450,5677 STRONG ST.,SAN RAFAEL,97562,USA,DESCONOCIDO,NELSON,VALARIE,MEDIUM,2004,10,4
10312,0.4426229508196722,1.0,0.4117647058823529,0.4081160272494312,2004-10-21,SHIPPED,4,10,2004,VINTAGE CARS,0.3646408839779005,S18_3320,MINI GIFTS DISTRIBUTORS LTD.,4155551450,5677 STRONG ST.,SAN RAFAEL,97562,USA,DESCONOCIDO,NELSON,VALARIE,MEDIUM,2004,10,4
10312,0.5409836065573771,0.4098741794310722,0.0,0.23187007407060933,2004-10-21,SHIPPED,4,10,2004,VINTAGE CARS,0.09392265193370164,S18_4668,MINI GIFTS DISTRIBUTORS LTD.,4155551450,5677 STRONG ST.,SAN RAFAEL,97562,USA,DESCONOCIDO,NELSON,VALARIE,SMALL,2004,10,4
10312,0.6065573770491803,0.8547592997811815,0.5294117647058824,0.44919598141051564,2004-10-21,SHIPPED,4,10,2004,VINTAGE CARS,0.3812154696132597,S18_1342,MINI GIFTS DISTRIBUTORS LTD.,4155551450,5677 STRONG ST.,SAN RAFAEL,97562,USA,DESCONOCIDO,NELSON,VALARIE,MEDIUM,2004,10,4
10312,0.27868852459016397,0.1470185995623633,0.6470588235294117,0.051232672589197115,2004-10-21,SHIPPED,4,10,2004,VINTAGE CARS,0.06077348066298344,S24_2022,MINI GIFTS DISTRIBUTORS LTD.,4155551450,5677 STRONG ST.,SAN RAFAEL,97562,USA,DESCONOCIDO,NELSON,VALARIE,SMALL,2004,10,4
10312,0.42622950819672134,1.0,0.058823529411764705,0.4943800553942581,2004-10-21,SHIPPED,4,10,2004,TRUCKS AND BUSES,0.45856353591160215,S18_1097,MINI GIFTS DISTRIBUTORS LTD.,4155551450,5677 STRONG ST.,SAN RAFAEL,97562,USA,DESCONOCIDO,NELSON,VALARIE,MEDIUM,2004,10,4
10312,0.5409836065573771,0.036378555798687096,0.7058823529411764,0.08953021793531099,2004-10-21,SHIPPED,4,10,2004,VINTAGE CARS,0.0,S24_1937,MINI GIFTS DISTRIBUTORS LTD.,4155551450,5677 STRONG ST.,SAN RAFAEL,97562,USA,DESCONOCIDO,NELSON,VALARIE,SMALL,2004,10,4
10312,0.6885245901639344,1.0,0.9411764705882353,1.0,2004-10-21,SHIPPED,4,10,2004,VINTAGE CARS,0.7569060773480663,S18_1749,MINI GIFTS DISTRIBUTORS LTD.,4155551450,5677 STRONG ST.,SAN RAFAEL,97562,USA,DESCONOCIDO,NELSON,VALARIE,LARGE,2004,10,4
10312,0.5245901639344263,1.0,0.23529411764705882,0.5312088844638819,2004-10-21,SHIPPED,4,10,2004,VINTAGE CARS,0.39226519337016574,S18_3136,MINI GIFTS DISTRIBUTORS LTD.,4155551450,5677 STRONG ST.,SAN RAFAEL,97562,USA,DESCONOCIDO,NELSON,VALARIE,MEDIUM,2004,10,4
10312,0.3934426229508197,0.4686816192560175,0.8823529411764706,0.1807322867003665,2004-10-21,SHIPPED,4,10,2004,VINTAGE CARS,0.14917127071823205,S18_2248,MINI GIFTS DISTRIBUTORS LTD.,4155551450,5677 STRONG ST.,SAN RAFAEL,97562,USA,DESCONOCIDO,NELSON,VALARIE,SMALL,2004,10,4
10313,0.3934426229508197,0.988101750547046,0.47058823529411764,0.33300301694903933,2004-10-22,SHIPPED,4,10,2004,CLASSIC CARS,0.37569060773480667,S700_2824,CANADIAN GIFT EXCHANGE NETWORK,(604) 555-3392,1900 OAK ST.,VANCOUVER,V3F 2K1,CANADA,DESCONOCIDO,TANNAMURI,YOSHI,SMALL,2004,10,4
10313,0.36065573770491804,1.0,0.4117647058823529,0.3206893210695302,2004-10-22,SHIPPED,4,10,2004,TRUCKS AND BUSES,0.4861878453038674,S18_4600,CANADIAN GIFT EXCHANGE NETWORK,(604) 555-3392,1900 OAK ST.,VANCOUVER,V3F 2K1,CANADA,DESCONOCIDO,TANNAMURI,YOSHI,SMALL,2004,10,4
10314,0.2295081967213115,1.0,0.0,0.30064849369714913,2004-10-22,SHIPPED,4,10,2004,VINTAGE CARS,0.569060773480663,S18_3140,HEINTZE COLLECTABLES,86 21 3555,SMAGSLOGET 45,AAARHUS,8200,DENMARK,EMEA,IBSEN,PALLE,SMALL,2004,10,4
10314,0.5901639344262295,1.0,0.7058823529411764,0.7075136397502247,2004-10-22,SHIPPED,4,10,2004,CLASSIC CARS,0.718232044198895,S18_2238,HEINTZE COLLECTABLES,86 21 3555,SMAGSLOGET 45,AAARHUS,8200,DENMARK,EMEA,IBSEN,PALLE,MEDIUM,2004,10,4
10313,0.34426229508196726,0.8309628008752736,0.2941176470588235,0.25179997928562126,2004-10-22,SHIPPED,4,10,2004,TRUCKS AND BUSES,0.34806629834254144,S32_1268,CANADIAN GIFT EXCHANGE NETWORK,(604) 555-3392,1900 OAK ST.,VANCOUVER,V3F 2K1,CANADA,DESCONOCIDO,TANNAMURI,YOSHI,SMALL,2004,10,4
10314,0.5245901639344263,0.4736050328227571,0.3529411764705882,0.24793774995071982,2004-10-22,SHIPPED,4,10,2004,TRAINS,0.13812154696132595,S50_1514,HEINTZE COLLECTABLES,86 21 3555,SMAGSLOGET 45,AAARHUS,8200,DENMARK,EMEA,IBSEN,PALLE,SMALL,2004,10,4
10314,0.4918032786885246,1.0,0.1764705882352941,0.8595357974534679,2004-10-22,SHIPPED,4,10,2004,CLASSIC CARS,0.7734806629834254,S12_3891,HEINTZE COLLECTABLES,86 21 3555,SMAGSLOGET 45,AAARHUS,8200,DENMARK,EMEA,IBSEN,PALLE,MEDIUM,2004,10,4
10313,0.3770491803278689,1.0,0.058823529411764705,0.3921900109919849,2004-10-22,SHIPPED,4,10,2004,TRUCKS AND BUSES,0.4917127071823204,S18_2319,CANADIAN GIFT EXCHANGE NETWORK,(604) 555-3392,1900 OAK ST.,VANCOUVER,V3F 2K1,CANADA,DESCONOCIDO,TANNAMURI,YOSHI,MEDIUM,2004,10,4
10313,0.459016393442623,0.4015317286652079,0.5294117647058824,0.19111085867782124,2004-10-22,SHIPPED,4,10,2004,TRUCKS AND BUSES,0.1712707182320442,S32_3522,CANADIAN GIFT EXCHANGE NETWORK,(604) 555-3392,1900 OAK ST.,VANCOUVER,V3F 2K1,CANADA,DESCONOCIDO,TANNAMURI,YOSHI,SMALL,2004,10,4
10314,0.3770491803278689,1.0,0.4117647058823529,0.49776117657671504,2004-10-22,SHIPPED,4,10,2004,CLASSIC CARS,0.6077348066298343,S18_4027,HEINTZE COLLECTABLES,86 21 3555,SMAGSLOGET 45,AAARHUS,8200,DENMARK,EMEA,IBSEN,PALLE,MEDIUM,2004,10,4
10313,0.5573770491803279,1.0,0.3529411764705882,0.8280232134683555,2004-10-22,SHIPPED,4,10,2004,CLASSIC CARS,0.6298342541436464,S10_4962,CANADIAN GIFT EXCHANGE NETWORK,(604) 555-3392,1900 OAK ST.,VANCOUVER,V3F 2K1,CANADA,DESCONOCIDO,TANNAMURI,YOSHI,MEDIUM,2004,10,4
10314,0.36065573770491804,1.0,0.6470588235294117,0.39036447283576503,2004-10-22,SHIPPED,4,10,2004,TRUCKS AND BUSES,0.4530386740331491,S50_1392,HEINTZE COLLECTABLES,86 21 3555,SMAGSLOGET 45,AAARHUS,8200,DENMARK,EMEA,IBSEN,PALLE,MEDIUM,2004,10,4
10313,0.5901639344262295,1.0,0.1764705882352941,0.6815257810490163,2004-10-22,SHIPPED,4,10,2004,TRUCKS AND BUSES,0.5193370165745856,S24_2300,CANADIAN GIFT EXCHANGE NETWORK,(604) 555-3392,1900 OAK ST.,VANCOUVER,V3F 2K1,CANADA,DESCONOCIDO,TANNAMURI,YOSHI,MEDIUM,2004,10,4
10313,0.459016393442623,0.35544310722100647,0.23529411764705882,0.1757982553147416,2004-10-22,SHIPPED,4,10,2004,TRUCKS AND BUSES,0.14917127071823205,S18_2432,CANADIAN GIFT EXCHANGE NETWORK,(604) 555-3392,1900 OAK ST.,VANCOUVER,V3F 2K1,CANADA,DESCONOCIDO,TANNAMURI,YOSHI,SMALL,2004,10,4
10314,0.27868852459016397,0.6747811816192559,0.058823529411764705,0.16984855116284509,2004-10-22,SHIPPED,4,10,2004,SHIPS,0.2928176795580111,S700_1938,HEINTZE COLLECTABLES,86 21 3555,SMAGSLOGET 45,AAARHUS,8200,DENMARK,EMEA,IBSEN,PALLE,SMALL,2004,10,4
10314,0.27868852459016397,1.0,0.1176470588235294,0.26722484121760454,2004-10-22,SHIPPED,4,10,2004,TRAINS,0.37016574585635353,S18_3259,HEINTZE COLLECTABLES,86 21 3555,SMAGSLOGET 45,AAARHUS,8200,DENMARK,EMEA,IBSEN,PALLE,SMALL,2004,10,4
10314,0.5245901639344263,1.0,0.23529411764705882,1.0,2004-10-22,SHIPPED,4,10,2004,CLASSIC CARS,0.9613259668508286,S12_1108,HEINTZE COLLECTABLES,86 21 3555,SMAGSLOGET 45,AAARHUS,8200,DENMARK,EMEA,IBSEN,PALLE,LARGE,2004,10,4
10314,0.5245901639344263,1.0,0.5294117647058824,0.470166951210956,2004-10-22,SHIPPED,4,10,2004,CLASSIC CARS,0.4696132596685083,S24_4048,HEINTZE COLLECTABLES,86 21 3555,SMAGSLOGET 45,AAARHUS,8200,DENMARK,EMEA,IBSEN,PALLE,MEDIUM,2004,10,4
10314,0.6557377049180328,1.0,0.2941176470588235,0.7900076509560354,2004-10-22,SHIPPED,4,10,2004,CLASSIC CARS,0.6519337016574586,S12_3148,HEINTZE COLLECTABLES,86 21 3555,SMAGSLOGET 45,AAARHUS,8200,DENMARK,EMEA,IBSEN,PALLE,MEDIUM,2004,10,4
10313,0.5245901639344263,0.2539660831509847,0.0,0.16637922681910666,2004-10-22,SHIPPED,4,10,2004,TRUCKS AND BUSES,0.11602209944751385,S32_2509,CANADIAN GIFT EXCHANGE NETWORK,(604) 555-3392,1900 OAK ST.,VANCOUVER,V3F 2K1,CANADA,DESCONOCIDO,TANNAMURI,YOSHI,SMALL,2004,10,4
10313,0.2459016393442623,1.0,0.5882352941176471,0.292269193375408,2004-10-22,SHIPPED,4,10,2004,TRUCKS AND BUSES,0.569060773480663,S12_1666,CANADIAN GIFT EXCHANGE NETWORK,(604) 555-3392,1900 OAK ST.,VANCOUVER,V3F 2K1,CANADA,DESCONOCIDO,TANNAMURI,YOSHI,SMALL,2004,10,4
10314,0.639344262295082,1.0,0.7647058823529411,0.7622316736215751,2004-10-22,SHIPPED,4,10,2004,TRUCKS AND BUSES,0.4696132596685083,S12_4473,HEINTZE COLLECTABLES,86 21 3555,SMAGSLOGET 45,AAARHUS,8200,DENMARK,EMEA,IBSEN,PALLE,MEDIUM,2004,10,4
10314,0.6229508196721312,0.35968271334792123,0.5882352941176471,0.24827719848050012,2004-10-22,SHIPPED,4,10,2004,CLASSIC CARS,0.13259668508287292,S24_1444,HEINTZE COLLECTABLES,86 21 3555,SMAGSLOGET 45,AAARHUS,8200,DENMARK,EMEA,IBSEN,PALLE,SMALL,2004,10,4
10314,0.47540983606557385,0.5417122538293215,0.47058823529411764,0.2465706009508568,2004-10-22,SHIPPED,4,10,2004,TRAINS,0.16022099447513816,S32_3207,HEINTZE COLLECTABLES,86 21 3555,SMAGSLOGET 45,AAARHUS,8200,DENMARK,EMEA,IBSEN,PALLE,SMALL,2004,10,4
10314,0.5409836065573771,0.14018052516411383,0.8235294117647058,0.12908933577005702,2004-10-22,SHIPPED,4,10,2004,CLASSIC CARS,0.011049723756906105,S24_2840,HEINTZE COLLECTABLES,86 21 3555,SMAGSLOGET 45,AAARHUS,8200,DENMARK,EMEA,IBSEN,PALLE,SMALL,2004,10,4
10313,0.3114754098360656,1.0,0.1176470588235294,0.5466083545767084,2004-10-22,SHIPPED,4,10,2004,CLASSIC CARS,0.7513812154696132,S18_3232,CANADIAN GIFT EXCHANGE NETWORK,(604) 555-3392,1900 OAK ST.,VANCOUVER,V3F 2K1,CANADA,DESCONOCIDO,TANNAMURI,YOSHI,MEDIUM,2004,10,4
10315,0.5737704918032788,0.48030634573304154,0.058823529411764705,0.27528340277104935,2004-10-29,SHIPPED,4,10,2004,SHIPS,0.18232044198895025,S700_1138,LA ROCHELLE GIFTS,40.67.8555,"67, RUE DES CINQUANTE OTAGES",NANTES,44000,FRANCE,EMEA,LABRUNE,JANINE,SMALL,2004,10,4
10315,0.47540983606557385,1.0,0.2941176470588235,0.498871734561941,2004-10-29,SHIPPED,4,10,2004,SHIPS,0.4917127071823204,S24_2011,LA ROCHELLE GIFTS,40.67.8555,"67, RUE DES CINQUANTE OTAGES",NANTES,44000,FRANCE,EMEA,LABRUNE,JANINE,MEDIUM,2004,10,4
10315,0.29508196721311475,0.8186542669584245,0.0,0.21377639830409378,2004-10-29,SHIPPED,4,10,2004,VINTAGE CARS,0.30386740331491713,S24_3151,LA ROCHELLE GIFTS,40.67.8555,"67, RUE DES CINQUANTE OTAGES",NANTES,44000,FRANCE,EMEA,LABRUNE,JANINE,SMALL,2004,10,4
10315,0.4098360655737705,0.8105853391684903,0.1176470588235294,0.2924763371632661,2004-10-29,SHIPPED,4,10,2004,SHIPS,0.37016574585635353,S700_3505,LA ROCHELLE GIFTS,40.67.8555,"67, RUE DES CINQUANTE OTAGES",NANTES,44000,FRANCE,EMEA,LABRUNE,JANINE,SMALL,2004,10,4
10315,0.5081967213114754,0.8819748358862145,0.1764705882352941,0.3873669017637291,2004-10-29,SHIPPED,4,10,2004,SHIPS,0.3646408839779005,S700_3962,LA ROCHELLE GIFTS,40.67.8555,"67, RUE DES CINQUANTE OTAGES",NANTES,44000,FRANCE,EMEA,LABRUNE,JANINE,MEDIUM,2004,10,4
10315,0.5573770491803279,0.39400984682713347,0.23529411764705882,0.23326662412423282,2004-10-29,SHIPPED,4,10,2004,SHIPS,0.11602209944751385,S72_3212,LA ROCHELLE GIFTS,40.67.8555,"67, RUE DES CINQUANTE OTAGES",NANTES,44000,FRANCE,EMEA,LABRUNE,JANINE,SMALL,2004,10,4
10315,0.4918032786885246,1.0,0.3529411764705882,0.4169644080198056,2004-10-29,SHIPPED,4,10,2004,VINTAGE CARS,0.2983425414364641,S18_4522,LA ROCHELLE GIFTS,40.67.8555,"67, RUE DES CINQUANTE OTAGES",NANTES,44000,FRANCE,EMEA,LABRUNE,JANINE,MEDIUM,2004,10,4
10348,0.6721311475409837,1.0,0.1764705882352941,0.577248261829748,2004-11-01,SHIPPED,4,11,2004,CLASSIC CARS,0.6519337016574586,S12_3148,"CORRIDA AUTO REPLICAS, LTD",(91) 555 22 82,"C/ ARAQUIL, 67",MADRID,28023,SPAIN,EMEA,SOMMER,MART¡N,MEDIUM,2004,11,4
10316,0.3114754098360656,0.8940098468271336,0.8823529411764706,0.24377750084360977,2004-11-01,SHIPPED,4,11,2004,VINTAGE CARS,0.27624309392265195,S24_3816,GIFTSBYMAIL.CO.UK,(198) 555-8888,GARDEN HOUSE CROWTHER WAY,COWES,PO31 7PJ,UK,EMEA,BENNETT,HELEN,SMALL,2004,11,4
10316,0.3114754098360656,1.0,0.0,0.319418393700156,2004-11-01,SHIPPED,4,11,2004,PLANES,0.419889502762431,S24_1785,GIFTSBYMAIL.CO.UK,(198) 555-8888,GARDEN HOUSE CROWTHER WAY,COWES,PO31 7PJ,UK,EMEA,BENNETT,HELEN,SMALL,2004,11,4
10316,0.27868852459016397,1.0,0.2941176470588235,0.29725534481088106,2004-11-01,SHIPPED,4,11,2004,PLANES,0.3646408839779005,S700_2466,GIFTSBYMAIL.CO.UK,(198) 555-8888,GARDEN HOUSE CROWTHER WAY,COWES,PO31 7PJ,UK,EMEA,BENNETT,HELEN,SMALL,2004,11,4
10348,0.6885245901639344,0.3484682713347921,0.4117647058823529,0.2714452288437702,2004-11-01,SHIPPED,4,11,2004,CLASSIC CARS,0.9613259668508286,S12_1108,"CORRIDA AUTO REPLICAS, LTD",(91) 555 22 82,"C/ ARAQUIL, 67",MADRID,28023,SPAIN,EMEA,SOMMER,MART¡N,SMALL,2004,11,4
10316,0.639344262295082,0.9075492341356672,0.7058823529411764,0.49629914235789774,2004-11-01,SHIPPED,4,11,2004,SHIPS,0.3149171270718232,S700_2047,GIFTSBYMAIL.CO.UK,(198) 555-8888,GARDEN HOUSE CROWTHER WAY,COWES,PO31 7PJ,UK,EMEA,BENNETT,HELEN,MEDIUM,2004,11,4
10348,0.4098360655737705,1.0,0.23529411764705882,0.3551994761266784,2004-11-01,SHIPPED,4,11,2004,TRUCKS AND BUSES,0.1712707182320442,S32_3522,"CORRIDA AUTO REPLICAS, LTD",(91) 555 22 82,"C/ ARAQUIL, 67",MADRID,28023,SPAIN,EMEA,SOMMER,MART¡N,MEDIUM,2004,11,4
10316,0.459016393442623,0.23003282275711168,0.6470588235294117,0.13413161648998193,2004-11-01,SHIPPED,4,11,2004,PLANES,0.08839779005524862,S72_1253,GIFTSBYMAIL.CO.UK,(198) 555-8888,GARDEN HOUSE CROWTHER WAY,COWES,PO31 7PJ,UK,EMEA,BENNETT,HELEN,SMALL,2004,11,4
10316,0.3934426229508197,0.6962527352297594,0.4117647058823529,0.24744595050599882,2004-11-01,SHIPPED,4,11,2004,PLANES,0.19337016574585636,S24_3949,GIFTSBYMAIL.CO.UK,(198) 555-8888,GARDEN HOUSE CROWTHER WAY,COWES,PO31 7PJ,UK,EMEA,BENNETT,HELEN,SMALL,2004,11,4
10316,0.6721311475409837,0.8196115973741795,0.7647058823529411,0.4808328516683428,2004-11-01,SHIPPED,4,11,2004,VINTAGE CARS,0.39779005524861877,S18_3856,GIFTSBYMAIL.CO.UK,(198) 555-8888,GARDEN HOUSE CROWTHER WAY,COWES,PO31 7PJ,UK,EMEA,BENNETT,HELEN,MEDIUM,2004,11,4
10316,0.459016393442623,0.5036925601750547,0.5294117647058824,0.22505303883277816,2004-11-01,SHIPPED,4,11,2004,PLANES,0.19337016574585636,S24_2841,GIFTSBYMAIL.CO.UK,(198) 555-8888,GARDEN HOUSE CROWTHER WAY,COWES,PO31 7PJ,UK,EMEA,BENNETT,HELEN,SMALL,2004,11,4
10316,0.459016393442623,0.7567013129102844,0.1764705882352941,0.30911332435710254,2004-11-01,SHIPPED,4,11,2004,PLANES,0.3204419889502762,S700_1691,GIFTSBYMAIL.CO.UK,(198) 555-8888,GARDEN HOUSE CROWTHER WAY,COWES,PO31 7PJ,UK,EMEA,BENNETT,HELEN,SMALL,2004,11,4
10316,0.2459016393442623,0.926422319474836,0.8235294117647058,0.20111523542559695,2004-11-01,SHIPPED,4,11,2004,SHIPS,0.2928176795580111,S18_3029,GIFTSBYMAIL.CO.UK,(198) 555-8888,GARDEN HOUSE CROWTHER WAY,COWES,PO31 7PJ,UK,EMEA,BENNETT,HELEN,SMALL,2004,11,4
10316,0.29508196721311475,0.4414660831509847,0.058823529411764705,0.12531664600797168,2004-11-01,SHIPPED,4,11,2004,VINTAGE CARS,0.19337016574585636,S32_4289,GIFTSBYMAIL.CO.UK,(198) 555-8888,GARDEN HOUSE CROWTHER WAY,COWES,PO31 7PJ,UK,EMEA,BENNETT,HELEN,SMALL,2004,11,4
10348,0.5409836065573771,0.32043216630196936,0.058823529411764705,0.19778356146991904,2004-11-01,SHIPPED,4,11,2004,VINTAGE CARS,0.35359116022099446,S24_4258,"CORRIDA AUTO REPLICAS, LTD",(91) 555 22 82,"C/ ARAQUIL, 67",MADRID,28023,SPAIN,EMEA,SOMMER,MART¡N,SMALL,2004,11,4
10316,0.6885245901639344,0.6608315098468271,0.23529411764705882,0.4179586982015242,2004-11-01,SHIPPED,4,11,2004,PLANES,0.2596685082872928,S700_3167,GIFTSBYMAIL.CO.UK,(198) 555-8888,GARDEN HOUSE CROWTHER WAY,COWES,PO31 7PJ,UK,EMEA,BENNETT,HELEN,MEDIUM,2004,11,4
10316,0.6721311475409837,0.6844912472647704,0.5882352941176471,0.4187752456491452,2004-11-01,SHIPPED,4,11,2004,VINTAGE CARS,0.17679558011049723,S24_3420,GIFTSBYMAIL.CO.UK,(198) 555-8888,GARDEN HOUSE CROWTHER WAY,COWES,PO31 7PJ,UK,EMEA,BENNETT,HELEN,MEDIUM,2004,11,4
10348,0.5901639344262295,1.0,0.1176470588235294,0.7891256193432206,2004-11-01,SHIPPED,4,11,2004,TRUCKS AND BUSES,0.34806629834254144,S32_1268,"CORRIDA AUTO REPLICAS, LTD",(91) 555 22 82,"C/ ARAQUIL, 67",MADRID,28023,SPAIN,EMEA,SOMMER,MART¡N,MEDIUM,2004,11,4
10316,0.6885245901639344,0.650574398249453,1.0,0.41314761667707955,2004-11-01,SHIPPED,4,11,2004,SHIPS,0.2154696132596685,S700_2610,GIFTSBYMAIL.CO.UK,(198) 555-8888,GARDEN HOUSE CROWTHER WAY,COWES,PO31 7PJ,UK,EMEA,BENNETT,HELEN,MEDIUM,2004,11,4
10316,0.459016393442623,0.28295951859956237,0.1176470588235294,0.1517161194618271,2004-11-01,SHIPPED,4,11,2004,VINTAGE CARS,0.05524861878453041,S50_1341,GIFTSBYMAIL.CO.UK,(198) 555-8888,GARDEN HOUSE CROWTHER WAY,COWES,PO31 7PJ,UK,EMEA,BENNETT,HELEN,SMALL,2004,11,4
10316,0.6229508196721312,0.48290481400437635,0.3529411764705882,0.3012578973569121,2004-11-01,SHIPPED,4,11,2004,PLANES,0.22651933701657456,S700_4002,GIFTSBYMAIL.CO.UK,(198) 555-8888,GARDEN HOUSE CROWTHER WAY,COWES,PO31 7PJ,UK,EMEA,BENNETT,HELEN,SMALL,2004,11,4
10348,0.3770491803278689,1.0,0.2941176470588235,0.8858631046844566,2004-11-01,SHIPPED,4,11,2004,VINTAGE CARS,0.09392265193370164,S18_4668,"CORRIDA AUTO REPLICAS, LTD",(91) 555 22 82,"C/ ARAQUIL, 67",MADRID,28023,SPAIN,EMEA,SOMMER,MART¡N,LARGE,2004,11,4
10316,0.34426229508196726,1.0,0.47058823529411764,0.4305917964377951,2004-11-01,SHIPPED,4,11,2004,PLANES,0.6850828729281768,S18_1662,GIFTSBYMAIL.CO.UK,(198) 555-8888,GARDEN HOUSE CROWTHER WAY,COWES,PO31 7PJ,UK,EMEA,BENNETT,HELEN,MEDIUM,2004,11,4
10348,0.5081967213114754,1.0,0.0,0.7349314587934209,2004-11-01,SHIPPED,4,11,2004,TRUCKS AND BUSES,0.5193370165745856,S24_2300,"CORRIDA AUTO REPLICAS, LTD",(91) 555 22 82,"C/ ARAQUIL, 67",MADRID,28023,SPAIN,EMEA,SOMMER,MART¡N,MEDIUM,2004,11,4
10316,0.4426229508196722,1.0,0.9411764705882353,0.4873665676608455,2004-11-01,SHIPPED,4,11,2004,CLASSIC CARS,0.569060773480663,S10_4757,GIFTSBYMAIL.CO.UK,(198) 555-8888,GARDEN HOUSE CROWTHER WAY,COWES,PO31 7PJ,UK,EMEA,BENNETT,HELEN,MEDIUM,2004,11,4
10348,0.42622950819672134,0.7651805251641137,0.3529411764705882,0.28979148639031904,2004-11-01,SHIPPED,4,11,2004,CLASSIC CARS,0.37569060773480667,S700_2824,"CORRIDA AUTO REPLICAS, LTD",(91) 555 22 82,"C/ ARAQUIL, 67",MADRID,28023,SPAIN,EMEA,SOMMER,MART¡N,SMALL,2004,11,4
10318,0.5901639344262295,0.35311816192560175,0.23529411764705882,0.23136891974514634,2004-11-02,SHIPPED,4,11,2004,MOTORCYCLES,0.14917127071823205,S18_2625,DIECAST CLASSICS INC.,2155551555,7586 POMPTON ST.,ALLENTOWN,70267,USA,DESCONOCIDO,YU,KYUNG,SMALL,2004,11,4
10318,0.4098360655737705,1.0,0.47058823529411764,0.35205089055123634,2004-11-02,SHIPPED,4,11,2004,PLANES,0.281767955801105,S18_2581,DIECAST CLASSICS INC.,2155551555,7586 POMPTON ST.,ALLENTOWN,70267,USA,DESCONOCIDO,YU,KYUNG,MEDIUM,2004,11,4
10318,0.7213114754098361,1.0,0.4117647058823529,0.8869589621428023,2004-11-02,SHIPPED,4,11,2004,PLANES,0.4696132596685083,S700_2834,DIECAST CLASSICS INC.,2155551555,7586 POMPTON ST.,ALLENTOWN,70267,USA,DESCONOCIDO,YU,KYUNG,LARGE,2004,11,4
10318,0.6721311475409837,1.0,0.3529411764705882,0.6445820205874196,2004-11-02,SHIPPED,4,11,2004,MOTORCYCLES,0.3646408839779005,S32_1374,DIECAST CLASSICS INC.,2155551555,7586 POMPTON ST.,ALLENTOWN,70267,USA,DESCONOCIDO,YU,KYUNG,MEDIUM,2004,11,4
10317,0.47540983606557385,0.7718818380743981,0.0,0.32529192239458216,2004-11-02,SHIPPED,4,11,2004,PLANES,0.2154696132596685,S24_4278,TECHNICS STORES INC.,6505556809,9408 FURTH CIRCLE,BURLINGAME,94217,USA,DESCONOCIDO,HIRANO,JURI,SMALL,2004,11,4
10318,0.6885245901639344,1.0,0.058823529411764705,0.7958531150082356,2004-11-02,SHIPPED,4,11,2004,MOTORCYCLES,0.43646408839779005,S24_1578,DIECAST CLASSICS INC.,2155551555,7586 POMPTON ST.,ALLENTOWN,70267,USA,DESCONOCIDO,YU,KYUNG,MEDIUM,2004,11,4
10318,0.6557377049180328,0.9280634573304156,0.0,0.5179810830947282,2004-11-02,SHIPPED,4,11,2004,MOTORCYCLES,0.3425414364640884,S10_1678,DIECAST CLASSICS INC.,2155551555,7586 POMPTON ST.,ALLENTOWN,70267,USA,DESCONOCIDO,YU,KYUNG,MEDIUM,2004,11,4
10318,0.3278688524590164,0.8198851203501094,0.2941176470588235,0.23727318590486757,2004-11-02,SHIPPED,4,11,2004,MOTORCYCLES,0.23756906077348067,S24_2000,DIECAST CLASSICS INC.,2155551555,7586 POMPTON ST.,ALLENTOWN,70267,USA,DESCONOCIDO,YU,KYUNG,SMALL,2004,11,4
10318,0.5081967213114754,1.0,0.1176470588235294,0.9602130239986102,2004-11-02,SHIPPED,4,11,2004,MOTORCYCLES,0.8839779005524863,S10_4698,DIECAST CLASSICS INC.,2155551555,7586 POMPTON ST.,ALLENTOWN,70267,USA,DESCONOCIDO,YU,KYUNG,LARGE,2004,11,4
10318,0.639344262295082,1.0,0.1764705882352941,0.6794810714011272,2004-11-02,SHIPPED,4,11,2004,MOTORCYCLES,0.4696132596685083,S10_2016,DIECAST CLASSICS INC.,2155551555,7586 POMPTON ST.,ALLENTOWN,70267,USA,DESCONOCIDO,YU,KYUNG,MEDIUM,2004,11,4
10320,0.4098360655737705,1.0,0.1176470588235294,0.8544988623796812,2004-11-03,SHIPPED,4,11,2004,CLASSIC CARS,0.8895027624309392,S12_1099,"VOLVO MODEL REPLICAS, CO",0921-12 3555,BERGUVSVGEN  8,LULE,S-958 22,SWEDEN,EMEA,BERGLUND,CHRISTINA,MEDIUM,2004,11,4
10319,0.6065573770491803,0.8042943107221006,0.058823529411764705,0.42799113959152585,2004-11-03,SHIPPED,4,11,2004,CLASSIC CARS,0.2596685082872928,S24_4620,MICROSCALE INC.,2125551957,5290 NORTH PENDALE STREET,NYC,10022,USA,DESCONOCIDO,KUO,KEE,MEDIUM,2004,11,4
10320,0.3114754098360656,1.0,0.23529411764705882,0.4021088574015482,2004-11-03,SHIPPED,4,11,2004,CLASSIC CARS,0.6243093922651933,S18_3482,"VOLVO MODEL REPLICAS, CO",0921-12 3555,BERGUVSVGEN  8,LULE,S-958 22,SWEDEN,EMEA,BERGLUND,CHRISTINA,MEDIUM,2004,11,4
10319,0.3770491803278689,0.15508752735229758,0.23529411764705882,0.08369277235231817,2004-11-03,SHIPPED,4,11,2004,MOTORCYCLES,0.03867403314917128,S32_2206,MICROSCALE INC.,2125551957,5290 NORTH PENDALE STREET,NYC,10022,USA,DESCONOCIDO,KUO,KEE,SMALL,2004,11,4
10319,0.26229508196721313,1.0,0.4117647058823529,0.2866161725841856,2004-11-03,SHIPPED,4,11,2004,MOTORCYCLES,0.3812154696132597,S32_4485,MICROSCALE INC.,2125551957,5290 NORTH PENDALE STREET,NYC,10022,USA,DESCONOCIDO,KUO,KEE,SMALL,2004,11,4
10319,0.6557377049180328,0.6441466083150986,0.0,0.3903591271896268,2004-11-03,SHIPPED,4,11,2004,CLASSIC CARS,0.2596685082872928,S18_3278,MICROSCALE INC.,2125551957,5290 NORTH PENDALE STREET,NYC,10022,USA,DESCONOCIDO,KUO,KEE,MEDIUM,2004,11,4
10320,0.47540983606557385,1.0,0.0,0.5837672772953704,2004-11-03,SHIPPED,4,11,2004,CLASSIC CARS,0.4640883977900553,S12_3380,"VOLVO MODEL REPLICAS, CO",0921-12 3555,BERGUVSVGEN  8,LULE,S-958 22,SWEDEN,EMEA,BERGLUND,CHRISTINA,MEDIUM,2004,11,4
10319,0.6229508196721312,0.4400984682713348,0.1764705882352941,0.2828528377028422,2004-11-03,SHIPPED,4,11,2004,MOTORCYCLES,0.16022099447513816,S18_3782,MICROSCALE INC.,2125551957,5290 NORTH PENDALE STREET,NYC,10022,USA,DESCONOCIDO,KUO,KEE,SMALL,2004,11,4
10319,0.3934426229508197,1.0,0.47058823529411764,0.4850732854675269,2004-11-03,SHIPPED,4,11,2004,MOTORCYCLES,0.6464088397790055,S12_2823,MICROSCALE INC.,2125551957,5290 NORTH PENDALE STREET,NYC,10022,USA,DESCONOCIDO,KUO,KEE,MEDIUM,2004,11,4
10319,0.639344262295082,1.0,0.1176470588235294,0.991479708261362,2004-11-03,SHIPPED,4,11,2004,CLASSIC CARS,0.6353591160220994,S18_4721,MICROSCALE INC.,2125551957,5290 NORTH PENDALE STREET,NYC,10022,USA,DESCONOCIDO,KUO,KEE,LARGE,2004,11,4
10320,0.3278688524590164,0.4697757111597374,0.058823529411764705,0.14832163416402447,2004-11-03,SHIPPED,4,11,2004,CLASSIC CARS,0.15469613259668508,S24_3371,"VOLVO MODEL REPLICAS, CO",0921-12 3555,BERGUVSVGEN  8,LULE,S-958 22,SWEDEN,EMEA,BERGLUND,CHRISTINA,SMALL,2004,11,4
10319,0.4098360655737705,0.750136761487965,0.3529411764705882,0.274164826316616,2004-11-03,SHIPPED,4,11,2004,MOTORCYCLES,0.19889502762430938,S24_2360,MICROSCALE INC.,2125551957,5290 NORTH PENDALE STREET,NYC,10022,USA,DESCONOCIDO,KUO,KEE,SMALL,2004,11,4
10320,0.5245901639344263,0.6364879649890591,0.1764705882352941,0.30842106318219636,2004-11-03,SHIPPED,4,11,2004,CLASSIC CARS,0.2541436464088398,S12_3990,"VOLVO MODEL REPLICAS, CO",0921-12 3555,BERGUVSVGEN  8,LULE,S-958 22,SWEDEN,EMEA,BERGLUND,CHRISTINA,SMALL,2004,11,4
10319,0.639344262295082,0.6894146608315099,0.2941176470588235,0.4003782044642828,2004-11-03,SHIPPED,4,11,2004,MOTORCYCLES,0.26519337016574585,S50_4713,MICROSCALE INC.,2125551957,5290 NORTH PENDALE STREET,NYC,10022,USA,DESCONOCIDO,KUO,KEE,MEDIUM,2004,11,4
10321,0.3934426229508197,0.62664113785558,0.0,0.22703894637314614,2004-11-04,SHIPPED,4,11,2004,CLASSIC CARS,0.3149171270718232,S24_2766,FUNGIFTIDEAS.COM,5085552555,1785 FIRST STREET,NEW BEDFORD,50553,USA,DESCONOCIDO,BENITEZ,VIOLETA,SMALL,2004,11,4
10321,0.3934426229508197,0.5972374179431071,0.1176470588235294,0.21841909197518283,2004-11-04,SHIPPED,4,11,2004,CLASSIC CARS,0.22099447513812154,S24_1046,FUNGIFTIDEAS.COM,5085552555,1785 FIRST STREET,NEW BEDFORD,50553,USA,DESCONOCIDO,BENITEZ,VIOLETA,SMALL,2004,11,4
10321,0.5737704918032788,1.0,0.5294117647058824,0.7111059139551434,2004-11-04,SHIPPED,4,11,2004,CLASSIC CARS,0.5966850828729282,S18_1129,FUNGIFTIDEAS.COM,5085552555,1785 FIRST STREET,NEW BEDFORD,50553,USA,DESCONOCIDO,BENITEZ,VIOLETA,MEDIUM,2004,11,4
10321,0.4426229508196722,1.0,0.5882352941176471,0.6973341930914206,2004-11-04,SHIPPED,4,11,2004,CLASSIC CARS,0.7513812154696132,S18_3232,FUNGIFTIDEAS.COM,5085552555,1785 FIRST STREET,NEW BEDFORD,50553,USA,DESCONOCIDO,BENITEZ,VIOLETA,MEDIUM,2004,11,4
10322,0.6065573770491803,0.812636761487965,0.7647058823529411,0.4314965470466976,2004-11-04,SHIPPED,4,11,2004,VINTAGE CARS,0.3812154696132597,S18_1342,ONLINE DIECAST CREATIONS CO.,6035558647,2304 LONG AIRPORT AVENUE,NASHUA,62005,USA,DESCONOCIDO,YOUNG,VALARIE,MEDIUM,2004,11,4
10322,0.3934426229508197,1.0,0.1764705882352941,0.4033249918980051,2004-11-04,SHIPPED,4,11,2004,VINTAGE CARS,0.06077348066298344,S24_2022,ONLINE DIECAST CREATIONS CO.,6035558647,2304 LONG AIRPORT AVENUE,NASHUA,62005,USA,DESCONOCIDO,YOUNG,VALARIE,MEDIUM,2004,11,4
10321,0.6885245901639344,0.2103391684901531,0.23529411764705882,0.2066559976479157,2004-11-04,SHIPPED,4,11,2004,CLASSIC CARS,0.09392265193370164,S24_1628,FUNGIFTIDEAS.COM,5085552555,1785 FIRST STREET,NEW BEDFORD,50553,USA,DESCONOCIDO,BENITEZ,VIOLETA,SMALL,2004,11,4
10321,0.36065573770491804,1.0,0.4117647058823529,0.5012385193896609,2004-11-04,SHIPPED,4,11,2004,CLASSIC CARS,0.5966850828729282,S18_3685,FUNGIFTIDEAS.COM,5085552555,1785 FIRST STREET,NEW BEDFORD,50553,USA,DESCONOCIDO,BENITEZ,VIOLETA,MEDIUM,2004,11,4
10322,0.5737704918032788,0.42122538293216627,0.23529411764705882,0.2516128816707817,2004-11-04,SHIPPED,4,11,2004,VINTAGE CARS,0.11049723756906077,S18_1367,ONLINE DIECAST CREATIONS CO.,6035558647,2304 LONG AIRPORT AVENUE,NASHUA,62005,USA,DESCONOCIDO,YOUNG,VALARIE,SMALL,2004,11,4
10322,0.5573770491803279,1.0,0.0,0.7374679678860308,2004-11-04,SHIPPED,4,11,2004,CLASSIC CARS,0.9999999999999999,S10_1949,ONLINE DIECAST CREATIONS CO.,6035558647,2304 LONG AIRPORT AVENUE,NASHUA,62005,USA,DESCONOCIDO,YOUNG,VALARIE,MEDIUM,2004,11,4
10321,0.6229508196721312,1.0,0.2941176470588235,0.5355842958280573,2004-11-04,SHIPPED,4,11,2004,CLASSIC CARS,0.5027624309392266,S18_1589,FUNGIFTIDEAS.COM,5085552555,1785 FIRST STREET,NEW BEDFORD,50553,USA,DESCONOCIDO,BENITEZ,VIOLETA,MEDIUM,2004,11,4
10321,0.29508196721311475,1.0,0.8235294117647058,0.33447039681399493,2004-11-04,SHIPPED,4,11,2004,CLASSIC CARS,0.4530386740331491,S12_4675,FUNGIFTIDEAS.COM,5085552555,1785 FIRST STREET,NEW BEDFORD,50553,USA,DESCONOCIDO,BENITEZ,VIOLETA,SMALL,2004,11,4
10321,0.5081967213114754,0.08684354485776802,0.6470588235294117,0.09988072527053982,2004-11-04,SHIPPED,4,11,2004,CLASSIC CARS,0.022099447513812154,S24_2972,FUNGIFTIDEAS.COM,5085552555,1785 FIRST STREET,NEW BEDFORD,50553,USA,DESCONOCIDO,BENITEZ,VIOLETA,SMALL,2004,11,4
10322,0.26229508196721313,1.0,0.5294117647058824,0.2363991727612601,2004-11-04,SHIPPED,4,11,2004,TRUCKS AND BUSES,0.45856353591160215,S18_1097,ONLINE DIECAST CREATIONS CO.,6035558647,2304 LONG AIRPORT AVENUE,NASHUA,62005,USA,DESCONOCIDO,YOUNG,VALARIE,SMALL,2004,11,4
10322,0.4918032786885246,1.0,0.058823529411764705,0.7103441593804396,2004-11-04,SHIPPED,4,11,2004,VINTAGE CARS,0.7458563535911602,S18_2795,ONLINE DIECAST CREATIONS CO.,6035558647,2304 LONG AIRPORT AVENUE,NASHUA,62005,USA,DESCONOCIDO,YOUNG,VALARIE,MEDIUM,2004,11,4
10322,0.34426229508196726,1.0,0.47058823529411764,0.5749242421711342,2004-11-04,SHIPPED,4,11,2004,TRUCKS AND BUSES,0.569060773480663,S12_1666,ONLINE DIECAST CREATIONS CO.,6035558647,2304 LONG AIRPORT AVENUE,NASHUA,62005,USA,DESCONOCIDO,YOUNG,VALARIE,MEDIUM,2004,11,4
10322,0.7213114754098361,1.0,0.2941176470588235,1.0,2004-11-04,SHIPPED,4,11,2004,VINTAGE CARS,0.5193370165745856,S18_2325,ONLINE DIECAST CREATIONS CO.,6035558647,2304 LONG AIRPORT AVENUE,NASHUA,62005,USA,DESCONOCIDO,YOUNG,VALARIE,LARGE,2004,11,4
10321,0.2459016393442623,0.862554704595186,0.1764705882352941,0.18800904750608904,2004-11-04,SHIPPED,4,11,2004,CLASSIC CARS,0.4088397790055248,S24_3432,FUNGIFTIDEAS.COM,5085552555,1785 FIRST STREET,NEW BEDFORD,50553,USA,DESCONOCIDO,BENITEZ,VIOLETA,SMALL,2004,11,4
10322,0.47540983606557385,0.4695021881838074,0.5882352941176471,0.22187371579204102,2004-11-04,SHIPPED,4,11,2004,TRUCKS AND BUSES,0.14917127071823205,S18_2432,ONLINE DIECAST CREATIONS CO.,6035558647,2304 LONG AIRPORT AVENUE,NASHUA,62005,USA,DESCONOCIDO,YOUNG,VALARIE,SMALL,2004,11,4
10321,0.3114754098360656,1.0,0.47058823529411764,0.43458365769154955,2004-11-04,SHIPPED,4,11,2004,CLASSIC CARS,0.6022099447513812,S18_1984,FUNGIFTIDEAS.COM,5085552555,1785 FIRST STREET,NEW BEDFORD,50553,USA,DESCONOCIDO,BENITEZ,VIOLETA,MEDIUM,2004,11,4
10321,0.34426229508196726,1.0,0.3529411764705882,0.3166052474198905,2004-11-04,SHIPPED,4,11,2004,CLASSIC CARS,0.5469613259668508,S18_2870,FUNGIFTIDEAS.COM,5085552555,1785 FIRST STREET,NEW BEDFORD,50553,USA,DESCONOCIDO,BENITEZ,VIOLETA,SMALL,2004,11,4
10321,0.3278688524590164,1.0,0.7058823529411764,0.47719914870585256,2004-11-04,SHIPPED,4,11,2004,CLASSIC CARS,0.5911602209944752,S24_3856,FUNGIFTIDEAS.COM,5085552555,1785 FIRST STREET,NEW BEDFORD,50553,USA,DESCONOCIDO,BENITEZ,VIOLETA,MEDIUM,2004,11,4
10322,0.4426229508196722,1.0,0.6470588235294117,0.40661657350764596,2004-11-04,SHIPPED,4,11,2004,VINTAGE CARS,0.37569060773480667,S18_2949,ONLINE DIECAST CREATIONS CO.,6035558647,2304 LONG AIRPORT AVENUE,NASHUA,62005,USA,DESCONOCIDO,YOUNG,VALARIE,MEDIUM,2004,11,4
10322,0.6557377049180328,0.4801695842450766,0.4117647058823529,0.3166506854120658,2004-11-04,SHIPPED,4,11,2004,CLASSIC CARS,0.6298342541436464,S10_4962,ONLINE DIECAST CREATIONS CO.,6035558647,2304 LONG AIRPORT AVENUE,NASHUA,62005,USA,DESCONOCIDO,YOUNG,VALARIE,SMALL,2004,11,4
10322,0.2295081967213115,1.0,0.1176470588235294,0.28624197735450657,2004-11-04,SHIPPED,4,11,2004,VINTAGE CARS,0.0,S24_1937,ONLINE DIECAST CREATIONS CO.,6035558647,2304 LONG AIRPORT AVENUE,NASHUA,62005,USA,DESCONOCIDO,YOUNG,VALARIE,SMALL,2004,11,4
10322,0.5737704918032788,0.04089168490153172,0.7058823529411764,0.09923390208780894,2004-11-04,SHIPPED,4,11,2004,VINTAGE CARS,0.16022099447513816,S18_2957,ONLINE DIECAST CREATIONS CO.,6035558647,2304 LONG AIRPORT AVENUE,NASHUA,62005,USA,DESCONOCIDO,YOUNG,VALARIE,SMALL,2004,11,4
10321,0.5409836065573771,0.7914387308533917,0.058823529411764705,0.37728501314694846,2004-11-04,SHIPPED,4,11,2004,CLASSIC CARS,0.287292817679558,S24_3191,FUNGIFTIDEAS.COM,5085552555,1785 FIRST STREET,NEW BEDFORD,50553,USA,DESCONOCIDO,BENITEZ,VIOLETA,MEDIUM,2004,11,4
10321,0.5081967213114754,0.7065098468271336,0.7647058823529411,0.32392610980625375,2004-11-04,SHIPPED,4,11,2004,CLASSIC CARS,0.2430939226519337,S18_1889,FUNGIFTIDEAS.COM,5085552555,1785 FIRST STREET,NEW BEDFORD,50553,USA,DESCONOCIDO,BENITEZ,VIOLETA,SMALL,2004,11,4
10322,0.6885245901639344,0.2757111597374179,0.3529411764705882,0.2373186238970429,2004-11-04,SHIPPED,4,11,2004,VINTAGE CARS,0.39226519337016574,S18_3136,ONLINE DIECAST CREATIONS CO.,6035558647,2304 LONG AIRPORT AVENUE,NASHUA,62005,USA,DESCONOCIDO,YOUNG,VALARIE,SMALL,2004,11,4
10323,0.4426229508196722,0.8806072210065645,0.058823529411764705,0.33808271719193206,2004-11-05,SHIPPED,4,11,2004,VINTAGE CARS,0.3646408839779005,S18_3320,"BLAUER SEE AUTO, CO.",+49 69 66 90 2555,LYONERSTR. 34,FRANKFURT,60528,GERMANY,EMEA,KEITEL,ROLAND,MEDIUM,2004,11,4
10324,0.4426229508196722,0.14496717724288832,0.5294117647058824,0.10086031492537811,2004-11-05,SHIPPED,4,11,2004,TRUCKS AND BUSES,0.4917127071823204,S18_2319,VITACHROME INC.,2125551500,2678 KINGSTON RD.,NYC,10022,USA,DESCONOCIDO,FRICK,MICHAEL,SMALL,2004,11,4
10324,0.3278688524590164,0.4307986870897156,0.3529411764705882,0.13841882469287595,2004-11-05,SHIPPED,4,11,2004,TRUCKS AND BUSES,0.4696132596685083,S12_4473,VITACHROME INC.,2125551500,2678 KINGSTON RD.,NYC,10022,USA,DESCONOCIDO,FRICK,MICHAEL,SMALL,2004,11,4
10324,0.459016393442623,1.0,0.23529411764705882,0.5033153029143795,2004-11-05,SHIPPED,4,11,2004,CLASSIC CARS,0.37569060773480667,S700_2824,VITACHROME INC.,2125551500,2678 KINGSTON RD.,NYC,10022,USA,DESCONOCIDO,FRICK,MICHAEL,MEDIUM,2004,11,4
10325,0.5245901639344263,1.0,0.1176470588235294,1.0,2004-11-05,SHIPPED,4,11,2004,TRUCKS AND BUSES,0.11602209944751385,S32_2509,BAANE MINI IMPORTS,07-98 9555,ERLING SKAKKES GATE 78,STAVERN,4110,NORWAY,EMEA,BERGULFSEN,JONAS,LARGE,2004,11,4
10325,0.6721311475409837,0.5203774617067835,0.2941176470588235,0.34340163509951255,2004-11-05,SHIPPED,4,11,2004,CLASSIC CARS,0.569060773480663,S10_4757,BAANE MINI IMPORTS,07-98 9555,ERLING SKAKKES GATE 78,STAVERN,4110,NORWAY,EMEA,BERGULFSEN,JONAS,MEDIUM,2004,11,4
10324,0.4098360655737705,1.0,0.058823529411764705,0.4461355989963549,2004-11-05,SHIPPED,4,11,2004,TRUCKS AND BUSES,0.5193370165745856,S24_2300,VITACHROME INC.,2125551500,2678 KINGSTON RD.,NYC,10022,USA,DESCONOCIDO,FRICK,MICHAEL,MEDIUM,2004,11,4
10324,0.3114754098360656,0.5782275711159737,0.7647058823529411,0.16663314501067458,2004-11-05,SHIPPED,4,11,2004,CLASSIC CARS,0.13259668508287292,S24_1444,VITACHROME INC.,2125551500,2678 KINGSTON RD.,NYC,10022,USA,DESCONOCIDO,FRICK,MICHAEL,SMALL,2004,11,4
10325,0.6229508196721312,1.0,0.23529411764705882,0.6473083001179384,2004-11-05,SHIPPED,4,11,2004,CLASSIC CARS,0.4696132596685083,S24_4048,BAANE MINI IMPORTS,07-98 9555,ERLING SKAKKES GATE 78,STAVERN,4110,NORWAY,EMEA,BERGULFSEN,JONAS,MEDIUM,2004,11,4
10325,0.29508196721311475,1.0,0.0,0.280842874754852,2004-11-05,SHIPPED,4,11,2004,CLASSIC CARS,0.7734806629834254,S12_3891,BAANE MINI IMPORTS,07-98 9555,ERLING SKAKKES GATE 78,STAVERN,4110,NORWAY,EMEA,BERGULFSEN,JONAS,SMALL,2004,11,4
10324,0.34426229508196726,1.0,0.6470588235294117,0.3572709140052588,2004-11-05,SHIPPED,4,11,2004,CLASSIC CARS,0.7513812154696132,S18_3232,VITACHROME INC.,2125551500,2678 KINGSTON RD.,NYC,10022,USA,DESCONOCIDO,FRICK,MICHAEL,MEDIUM,2004,11,4
10324,0.6721311475409837,1.0,0.4117647058823529,0.8987795221660558,2004-11-05,SHIPPED,4,11,2004,CLASSIC CARS,0.718232044198895,S18_2238,VITACHROME INC.,2125551500,2678 KINGSTON RD.,NYC,10022,USA,DESCONOCIDO,FRICK,MICHAEL,LARGE,2004,11,4
10325,0.5901639344262295,0.5076586433260394,0.4117647058823529,0.2947950111757415,2004-11-05,SHIPPED,4,11,2004,CLASSIC CARS,0.9613259668508286,S12_1108,BAANE MINI IMPORTS,07-98 9555,ERLING SKAKKES GATE 78,STAVERN,4110,NORWAY,EMEA,BERGULFSEN,JONAS,SMALL,2004,11,4
10325,0.36065573770491804,1.0,0.058823529411764705,0.6542095292824472,2004-11-05,SHIPPED,4,11,2004,TRAINS,0.16022099447513816,S32_3207,BAANE MINI IMPORTS,07-98 9555,ERLING SKAKKES GATE 78,STAVERN,4110,NORWAY,EMEA,BERGULFSEN,JONAS,MEDIUM,2004,11,4
10325,0.6229508196721312,1.0,0.3529411764705882,0.7284552084969046,2004-11-05,SHIPPED,4,11,2004,TRAINS,0.13812154696132595,S50_1514,BAANE MINI IMPORTS,07-98 9555,ERLING SKAKKES GATE 78,STAVERN,4110,NORWAY,EMEA,BERGULFSEN,JONAS,MEDIUM,2004,11,4
10325,0.5245901639344263,1.0,0.1764705882352941,0.6292213064090957,2004-11-05,SHIPPED,4,11,2004,TRUCKS AND BUSES,0.4530386740331491,S50_1392,BAANE MINI IMPORTS,07-98 9555,ERLING SKAKKES GATE 78,STAVERN,4110,NORWAY,EMEA,BERGULFSEN,JONAS,MEDIUM,2004,11,4
10324,0.6885245901639344,1.0,0.1764705882352941,1.0,2004-11-05,SHIPPED,4,11,2004,TRUCKS AND BUSES,0.1712707182320442,S32_3522,VITACHROME INC.,2125551500,2678 KINGSTON RD.,NYC,10022,USA,DESCONOCIDO,FRICK,MICHAEL,LARGE,2004,11,4
10324,0.5245901639344263,1.0,0.2941176470588235,0.8486066239237712,2004-11-05,SHIPPED,4,11,2004,VINTAGE CARS,0.09392265193370164,S18_4668,VITACHROME INC.,2125551500,2678 KINGSTON RD.,NYC,10022,USA,DESCONOCIDO,FRICK,MICHAEL,MEDIUM,2004,11,4
10323,0.6721311475409837,1.0,0.0,0.764551684045585,2004-11-05,SHIPPED,4,11,2004,TRUCKS AND BUSES,0.4861878453038674,S18_4600,"BLAUER SEE AUTO, CO.",+49 69 66 90 2555,LYONERSTR. 34,FRANKFURT,60528,GERMANY,EMEA,KEITEL,ROLAND,MEDIUM,2004,11,4
10325,0.29508196721311475,0.5776805251641138,0.47058823529411764,0.1572622273302841,2004-11-05,SHIPPED,4,11,2004,VINTAGE CARS,0.569060773480663,S18_3140,BAANE MINI IMPORTS,07-98 9555,ERLING SKAKKES GATE 78,STAVERN,4110,NORWAY,EMEA,BERGULFSEN,JONAS,SMALL,2004,11,4
10324,0.3934426229508197,1.0,0.47058823529411764,0.3816751250380042,2004-11-05,SHIPPED,4,11,2004,CLASSIC CARS,0.011049723756906105,S24_2840,VITACHROME INC.,2125551500,2678 KINGSTON RD.,NYC,10022,USA,DESCONOCIDO,FRICK,MICHAEL,MEDIUM,2004,11,4
10324,0.7049180327868853,1.0,0.7058823529411764,0.6545182403469325,2004-11-05,SHIPPED,4,11,2004,CLASSIC CARS,0.6077348066298343,S18_4027,VITACHROME INC.,2125551500,2678 KINGSTON RD.,NYC,10022,USA,DESCONOCIDO,FRICK,MICHAEL,MEDIUM,2004,11,4
10324,0.4426229508196722,1.0,0.1176470588235294,0.7731889117934977,2004-11-05,SHIPPED,4,11,2004,VINTAGE CARS,0.35359116022099446,S24_4258,VITACHROME INC.,2125551500,2678 KINGSTON RD.,NYC,10022,USA,DESCONOCIDO,FRICK,MICHAEL,MEDIUM,2004,11,4
10324,0.2295081967213115,0.975109409190372,0.5882352941176471,0.19798535961163882,2004-11-05,SHIPPED,4,11,2004,TRUCKS AND BUSES,0.34806629834254144,S32_1268,VITACHROME INC.,2125551500,2678 KINGSTON RD.,NYC,10022,USA,DESCONOCIDO,FRICK,MICHAEL,SMALL,2004,11,4
10324,0.34426229508196726,0.3754102844638949,0.0,0.13160713510118308,2004-11-05,SHIPPED,4,11,2004,CLASSIC CARS,0.6519337016574586,S12_3148,VITACHROME INC.,2125551500,2678 KINGSTON RD.,NYC,10022,USA,DESCONOCIDO,FRICK,MICHAEL,SMALL,2004,11,4
10326,0.7213114754098361,0.8086706783369804,0.23529411764705882,0.5102913711248241,2004-11-09,SHIPPED,4,11,2004,VINTAGE CARS,0.2983425414364641,S18_4522,"VOLVO MODEL REPLICAS, CO",0921-12 3555,BERGUVSVGEN  8,LULE,S-958 22,SWEDEN,EMEA,BERGLUND,CHRISTINA,MEDIUM,2004,11,4
10326,0.42622950819672134,1.0,0.2941176470588235,0.44443033787824626,2004-11-09,SHIPPED,4,11,2004,TRAINS,0.37016574585635353,S18_3259,"VOLVO MODEL REPLICAS, CO",0921-12 3555,BERGUVSVGEN  8,LULE,S-958 22,SWEDEN,EMEA,BERGLUND,CHRISTINA,MEDIUM,2004,11,4
10326,0.2295081967213115,0.8940098468271336,0.058823529411764705,0.18213551881166287,2004-11-09,SHIPPED,4,11,2004,VINTAGE CARS,0.27624309392265195,S24_3816,"VOLVO MODEL REPLICAS, CO",0921-12 3555,BERGUVSVGEN  8,LULE,S-958 22,SWEDEN,EMEA,BERGLUND,CHRISTINA,SMALL,2004,11,4
10326,0.5737704918032788,0.8064824945295404,0.1176470588235294,0.40596440467877676,2004-11-09,SHIPPED,4,11,2004,VINTAGE CARS,0.30386740331491713,S24_3151,"VOLVO MODEL REPLICAS, CO",0921-12 3555,BERGUVSVGEN  8,LULE,S-958 22,SWEDEN,EMEA,BERGLUND,CHRISTINA,MEDIUM,2004,11,4
10326,0.5737704918032788,1.0,0.1764705882352941,0.5146734645466725,2004-11-09,SHIPPED,4,11,2004,SHIPS,0.4917127071823204,S24_2011,"VOLVO MODEL REPLICAS, CO",0921-12 3555,BERGUVSVGEN  8,LULE,S-958 22,SWEDEN,EMEA,BERGLUND,CHRISTINA,MEDIUM,2004,11,4
10326,0.5409836065573771,0.4529540481400438,0.0,0.24828788977277666,2004-11-09,SHIPPED,4,11,2004,SHIPS,0.18232044198895025,S700_1138,"VOLVO MODEL REPLICAS, CO",0921-12 3555,BERGUVSVGEN  8,LULE,S-958 22,SWEDEN,EMEA,BERGLUND,CHRISTINA,SMALL,2004,11,4
10327,0.3114754098360656,1.0,0.2941176470588235,0.31039761584182235,2004-11-10,RESOLVED,4,11,2004,PLANES,0.6850828729281768,S18_1662,DANISH WHOLESALE IMPORTS,31 12 3555,VINB'LTET 34,KOBENHAVN,1734,DENMARK,EMEA,PETERSEN,JYTTE,SMALL,2004,11,4
10327,0.2459016393442623,0.9495350109409191,0.0,0.20585815996177864,2004-11-10,RESOLVED,4,11,2004,SHIPS,0.2154696132596685,S700_2610,DANISH WHOLESALE IMPORTS,31 12 3555,VINB'LTET 34,KOBENHAVN,1734,DENMARK,EMEA,PETERSEN,JYTTE,SMALL,2004,11,4
10327,0.5081967213114754,0.8186542669584245,0.1764705882352941,0.3644728357650455,2004-11-10,RESOLVED,4,11,2004,SHIPS,0.11602209944751385,S72_3212,DANISH WHOLESALE IMPORTS,31 12 3555,VINB'LTET 34,KOBENHAVN,1734,DENMARK,EMEA,PETERSEN,JYTTE,MEDIUM,2004,11,4
10327,0.3114754098360656,0.2595733041575492,0.23529411764705882,0.08878717312209122,2004-11-10,RESOLVED,4,11,2004,SHIPS,0.2928176795580111,S18_3029,DANISH WHOLESALE IMPORTS,31 12 3555,VINB'LTET 34,KOBENHAVN,1734,DENMARK,EMEA,PETERSEN,JYTTE,SMALL,2004,11,4
10327,0.5081967213114754,0.8168763676148796,0.1176470588235294,0.3638300218169183,2004-11-10,RESOLVED,4,11,2004,SHIPS,0.3646408839779005,S700_3962,DANISH WHOLESALE IMPORTS,31 12 3555,VINB'LTET 34,KOBENHAVN,1734,DENMARK,EMEA,PETERSEN,JYTTE,MEDIUM,2004,11,4
10327,0.6065573770491803,0.7264770240700218,0.058823529411764705,0.39529315857525166,2004-11-10,RESOLVED,4,11,2004,SHIPS,0.37016574585635353,S700_3505,DANISH WHOLESALE IMPORTS,31 12 3555,VINB'LTET 34,KOBENHAVN,1734,DENMARK,EMEA,PETERSEN,JYTTE,MEDIUM,2004,11,4
10327,0.639344262295082,1.0,0.4117647058823529,0.5745994941682342,2004-11-10,RESOLVED,4,11,2004,PLANES,0.281767955801105,S18_2581,DANISH WHOLESALE IMPORTS,31 12 3555,VINB'LTET 34,KOBENHAVN,1734,DENMARK,EMEA,PETERSEN,JYTTE,MEDIUM,2004,11,4
10327,0.2295081967213115,1.0,0.3529411764705882,0.39919548025619006,2004-11-10,RESOLVED,4,11,2004,SHIPS,0.2928176795580111,S700_1938,DANISH WHOLESALE IMPORTS,31 12 3555,VINB'LTET 34,KOBENHAVN,1734,DENMARK,EMEA,PETERSEN,JYTTE,MEDIUM,2004,11,4
10328,0.4426229508196722,0.5076586433260394,0.7058823529411764,0.21781770678462725,2004-11-12,SHIPPED,4,11,2004,PLANES,0.2596685082872928,S700_3167,ROVELLI GIFTS,035-640555,VIA LUDOVICO IL MORO 22,BERGAMO,24100,ITALY,EMEA,ROVELLI,GIOVANNI,SMALL,2004,11,4
10328,0.6885245901639344,0.438183807439825,0.0,0.31352615524424593,2004-11-12,SHIPPED,4,11,2004,PLANES,0.19337016574585636,S24_2841,ROVELLI GIFTS,035-640555,VIA LUDOVICO IL MORO 22,BERGAMO,24100,ITALY,EMEA,ROVELLI,GIOVANNI,SMALL,2004,11,4
10328,0.34426229508196726,1.0,0.4117647058823529,0.30469782064689,2004-11-12,SHIPPED,4,11,2004,PLANES,0.3204419889502762,S700_1691,ROVELLI GIFTS,035-640555,VIA LUDOVICO IL MORO 22,BERGAMO,24100,ITALY,EMEA,ROVELLI,GIOVANNI,SMALL,2004,11,4
10328,0.2295081967213115,0.6304704595185996,0.058823529411764705,0.13063021826941387,2004-11-12,SHIPPED,4,11,2004,VINTAGE CARS,0.17679558011049723,S24_3420,ROVELLI GIFTS,035-640555,VIA LUDOVICO IL MORO 22,BERGAMO,24100,ITALY,EMEA,ROVELLI,GIOVANNI,SMALL,2004,11,4
10328,0.6065573770491803,0.4647155361050328,0.1764705882352941,0.28530381645723984,2004-11-12,SHIPPED,4,11,2004,PLANES,0.2154696132596685,S24_4278,ROVELLI GIFTS,035-640555,VIA LUDOVICO IL MORO 22,BERGAMO,24100,ITALY,EMEA,ROVELLI,GIOVANNI,SMALL,2004,11,4
10328,0.47540983606557385,0.6776531728665209,0.1176470588235294,0.293064358238476,2004-11-12,SHIPPED,4,11,2004,PLANES,0.19337016574585636,S24_3949,ROVELLI GIFTS,035-640555,VIA LUDOVICO IL MORO 22,BERGAMO,24100,ITALY,EMEA,ROVELLI,GIOVANNI,SMALL,2004,11,4
10328,0.5409836065573771,0.8067560175054704,0.6470588235294117,0.3831224587299413,2004-11-12,SHIPPED,4,11,2004,PLANES,0.22651933701657456,S700_4002,ROVELLI GIFTS,035-640555,VIA LUDOVICO IL MORO 22,BERGAMO,24100,ITALY,EMEA,ROVELLI,GIOVANNI,MEDIUM,2004,11,4
10328,0.459016393442623,0.3425875273522976,0.3529411764705882,0.17152708405026243,2004-11-12,SHIPPED,4,11,2004,VINTAGE CARS,0.05524861878453041,S50_1341,ROVELLI GIFTS,035-640555,VIA LUDOVICO IL MORO 22,BERGAMO,24100,ITALY,EMEA,ROVELLI,GIOVANNI,SMALL,2004,11,4
10328,0.6721311475409837,0.8295951859956237,0.7647058823529411,0.4854180796434454,2004-11-12,SHIPPED,4,11,2004,PLANES,0.419889502762431,S24_1785,ROVELLI GIFTS,035-640555,VIA LUDOVICO IL MORO 22,BERGAMO,24100,ITALY,EMEA,ROVELLI,GIOVANNI,MEDIUM,2004,11,4
10328,0.5737704918032788,1.0,0.47058823529411764,0.49105773631932215,2004-11-12,SHIPPED,4,11,2004,SHIPS,0.3149171270718232,S700_2047,ROVELLI GIFTS,035-640555,VIA LUDOVICO IL MORO 22,BERGAMO,24100,ITALY,EMEA,ROVELLI,GIOVANNI,MEDIUM,2004,11,4
10328,0.4426229508196722,1.0,0.5882352941176471,0.47978109579063777,2004-11-12,SHIPPED,4,11,2004,PLANES,0.4696132596685083,S700_2834,ROVELLI GIFTS,035-640555,VIA LUDOVICO IL MORO 22,BERGAMO,24100,ITALY,EMEA,ROVELLI,GIOVANNI,MEDIUM,2004,11,4
10328,0.29508196721311475,0.7424781181619255,0.23529411764705882,0.19591124890998934,2004-11-12,SHIPPED,4,11,2004,VINTAGE CARS,0.19337016574585636,S32_4289,ROVELLI GIFTS,035-640555,VIA LUDOVICO IL MORO 22,BERGAMO,24100,ITALY,EMEA,ROVELLI,GIOVANNI,SMALL,2004,11,4
10328,0.5081967213114754,1.0,0.5294117647058824,0.473009498544982,2004-11-12,SHIPPED,4,11,2004,PLANES,0.3646408839779005,S700_2466,ROVELLI GIFTS,035-640555,VIA LUDOVICO IL MORO 22,BERGAMO,24100,ITALY,EMEA,ROVELLI,GIOVANNI,MEDIUM,2004,11,4
10328,0.459016393442623,1.0,0.2941176470588235,0.4454727388752092,2004-11-12,SHIPPED,4,11,2004,VINTAGE CARS,0.39779005524861877,S18_3856,ROVELLI GIFTS,035-640555,VIA LUDOVICO IL MORO 22,BERGAMO,24100,ITALY,EMEA,ROVELLI,GIOVANNI,MEDIUM,2004,11,4
10329,0.6229508196721312,0.8103118161925602,0.4117647058823529,0.4420301427621621,2004-11-15,SHIPPED,4,11,2004,PLANES,0.08839779005524862,S72_1253,LAND OF TOYS INC.,2125557818,897 LONG AIRPORT AVENUE,NYC,10022,USA,DESCONOCIDO,YU,KWAI,MEDIUM,2004,11,4
10329,0.2295081967213115,1.0,0.058823529411764705,0.36001189406265766,2004-11-15,SHIPPED,4,11,2004,MOTORCYCLES,0.4696132596685083,S10_2016,LAND OF TOYS INC.,2125557818,897 LONG AIRPORT AVENUE,NYC,10022,USA,DESCONOCIDO,YU,KWAI,MEDIUM,2004,11,4
10329,0.6557377049180328,0.7761214442013129,0.7058823529411764,0.44968243520909834,2004-11-15,SHIPPED,4,11,2004,CLASSIC CARS,0.4640883977900553,S12_3380,LAND OF TOYS INC.,2125557818,897 LONG AIRPORT AVENUE,NYC,10022,USA,DESCONOCIDO,YU,KWAI,MEDIUM,2004,11,4
10329,0.3770491803278689,1.0,0.47058823529411764,0.33045180732954904,2004-11-15,SHIPPED,4,11,2004,CLASSIC CARS,0.2430939226519337,S18_1889,LAND OF TOYS INC.,2125557818,897 LONG AIRPORT AVENUE,NYC,10022,USA,DESCONOCIDO,YU,KWAI,SMALL,2004,11,4
10329,0.5409836065573771,0.5177789934354485,0.8235294117647058,0.27299279340079985,2004-11-15,SHIPPED,4,11,2004,CLASSIC CARS,0.4530386740331491,S12_4675,LAND OF TOYS INC.,2125557818,897 LONG AIRPORT AVENUE,NYC,10022,USA,DESCONOCIDO,YU,KWAI,SMALL,2004,11,4
10329,0.29508196721311475,1.0,0.2941176470588235,0.40901008656605714,2004-11-15,SHIPPED,4,11,2004,MOTORCYCLES,0.6464088397790055,S12_2823,LAND OF TOYS INC.,2125557818,897 LONG AIRPORT AVENUE,NYC,10022,USA,DESCONOCIDO,YU,KWAI,MEDIUM,2004,11,4
10329,0.3278688524590164,1.0,0.1176470588235294,0.7198006073990425,2004-11-15,SHIPPED,4,11,2004,MOTORCYCLES,0.8839779005524863,S10_4698,LAND OF TOYS INC.,2125557818,897 LONG AIRPORT AVENUE,NYC,10022,USA,DESCONOCIDO,YU,KWAI,MEDIUM,2004,11,4
10329,0.5081967213114754,0.9238238512035011,0.1764705882352941,0.4024977531581075,2004-11-15,SHIPPED,4,11,2004,MOTORCYCLES,0.23756906077348067,S24_2000,LAND OF TOYS INC.,2125557818,897 LONG AIRPORT AVENUE,NYC,10022,USA,DESCONOCIDO,YU,KWAI,MEDIUM,2004,11,4
10329,0.5245901639344263,0.44064551422319476,0.5294117647058824,0.23569889311714654,2004-11-15,SHIPPED,4,11,2004,CLASSIC CARS,0.2596685082872928,S18_3278,LAND OF TOYS INC.,2125557818,897 LONG AIRPORT AVENUE,NYC,10022,USA,DESCONOCIDO,YU,KWAI,SMALL,2004,11,4
10329,0.5901639344262295,1.0,0.0,0.5230728110414321,2004-11-15,SHIPPED,4,11,2004,MOTORCYCLES,0.3425414364640884,S10_1678,LAND OF TOYS INC.,2125557818,897 LONG AIRPORT AVENUE,NYC,10022,USA,DESCONOCIDO,YU,KWAI,MEDIUM,2004,11,4
10329,0.3934426229508197,0.8328774617067833,0.3529411764705882,0.28749820419700045,2004-11-15,SHIPPED,4,11,2004,MOTORCYCLES,0.43646408839779005,S24_1578,LAND OF TOYS INC.,2125557818,897 LONG AIRPORT AVENUE,NYC,10022,USA,DESCONOCIDO,YU,KWAI,SMALL,2004,11,4
10329,0.5245901639344263,1.0,0.6470588235294117,0.6393272504334985,2004-11-15,SHIPPED,4,11,2004,MOTORCYCLES,0.14917127071823205,S18_2625,LAND OF TOYS INC.,2125557818,897 LONG AIRPORT AVENUE,NYC,10022,USA,DESCONOCIDO,YU,KWAI,MEDIUM,2004,11,4
10329,0.639344262295082,0.5064277899343544,0.5882352941176471,0.31991286596794616,2004-11-15,SHIPPED,4,11,2004,MOTORCYCLES,0.3646408839779005,S32_1374,LAND OF TOYS INC.,2125557818,897 LONG AIRPORT AVENUE,NYC,10022,USA,DESCONOCIDO,YU,KWAI,SMALL,2004,11,4
10329,0.4426229508196722,1.0,0.7647058823529411,0.4176860702484723,2004-11-15,SHIPPED,4,11,2004,CLASSIC CARS,0.2541436464088398,S12_3990,LAND OF TOYS INC.,2125557818,897 LONG AIRPORT AVENUE,NYC,10022,USA,DESCONOCIDO,YU,KWAI,MEDIUM,2004,11,4
10329,0.5737704918032788,0.6098194748358862,0.23529411764705882,0.3271722534237193,2004-11-15,SHIPPED,4,11,2004,CLASSIC CARS,0.8895027624309392,S12_1099,LAND OF TOYS INC.,2125557818,897 LONG AIRPORT AVENUE,NYC,10022,USA,DESCONOCIDO,YU,KWAI,SMALL,2004,11,4
10330,0.5901639344262295,0.7405634573304158,0.0,0.390383182597249,2004-11-16,SHIPPED,4,11,2004,MOTORCYCLES,0.19889502762430938,S24_2360,CRUZ & SONS CO.,+63 2 555 3587,15 MCCALLUM STREET - NATWEST CENTER #13-03,MAKATI CITY,1227 MM,PHILIPPINES,JAPAN,CRUZ,ARNOLD,MEDIUM,2004,11,4
10330,0.5081967213114754,1.0,0.1176470588235294,0.5242862727148199,2004-11-16,SHIPPED,4,11,2004,CLASSIC CARS,0.6243093922651933,S18_3482,CRUZ & SONS CO.,+63 2 555 3587,15 MCCALLUM STREET - NATWEST CENTER #13-03,MAKATI CITY,1227 MM,PHILIPPINES,JAPAN,CRUZ,ARNOLD,MEDIUM,2004,11,4
10330,0.3770491803278689,0.5846553610503281,0.058823529411764705,0.2054251626245786,2004-11-16,SHIPPED,4,11,2004,MOTORCYCLES,0.16022099447513816,S18_3782,CRUZ & SONS CO.,+63 2 555 3587,15 MCCALLUM STREET - NATWEST CENTER #13-03,MAKATI CITY,1227 MM,PHILIPPINES,JAPAN,CRUZ,ARNOLD,SMALL,2004,11,4
10330,0.7213114754098361,1.0,0.1764705882352941,0.7509122679237845,2004-11-16,SHIPPED,4,11,2004,CLASSIC CARS,0.6353591160220994,S18_4721,CRUZ & SONS CO.,+63 2 555 3587,15 MCCALLUM STREET - NATWEST CENTER #13-03,MAKATI CITY,1227 MM,PHILIPPINES,JAPAN,CRUZ,ARNOLD,MEDIUM,2004,11,4
10331,0.36065573770491804,1.0,0.1176470588235294,0.4838384412095862,2004-11-17,SHIPPED,4,11,2004,MOTORCYCLES,0.03867403314917128,S32_2206,MOTOR MINT DISTRIBUTORS INC.,2155559857,11328 DOUGLAS AV.,PHILADELPHIA,71270,USA,DESCONOCIDO,HERNANDEZ,ROSA,MEDIUM,2004,11,4
10331,0.34426229508196726,1.0,0.5882352941176471,0.49294341299459754,2004-11-17,SHIPPED,4,11,2004,CLASSIC CARS,0.7513812154696132,S18_3232,MOTOR MINT DISTRIBUTORS INC.,2155559857,11328 DOUGLAS AV.,PHILADELPHIA,71270,USA,DESCONOCIDO,HERNANDEZ,ROSA,MEDIUM,2004,11,4
10331,0.6229508196721312,1.0,0.7647058823529411,0.5836256176727062,2004-11-17,SHIPPED,4,11,2004,CLASSIC CARS,0.5027624309392266,S18_1589,MOTOR MINT DISTRIBUTORS INC.,2155559857,11328 DOUGLAS AV.,PHILADELPHIA,71270,USA,DESCONOCIDO,HERNANDEZ,ROSA,MEDIUM,2004,11,4
10332,0.5737704918032788,0.6887308533916847,0.7647058823529411,0.35878774109699346,2004-11-17,SHIPPED,4,11,2004,VINTAGE CARS,0.04419889502762431,S24_3969,"AV STORES, CO.",(171) 555-1555,FAUNTLEROY CIRCUS,MANCHESTER,EC2 5NT,UK,EMEA,ASHWORTH,VICTORIA,MEDIUM,2004,11,4
10332,0.6229508196721312,0.2103391684901531,0.5882352941176471,0.184065297067579,2004-11-17,SHIPPED,4,11,2004,CLASSIC CARS,0.4640883977900553,S24_2887,"AV STORES, CO.",(171) 555-1555,FAUNTLEROY CIRCUS,MANCHESTER,EC2 5NT,UK,EMEA,ASHWORTH,VICTORIA,SMALL,2004,11,4
10331,0.6229508196721312,0.6449671772428884,0.3529411764705882,0.3709383947692853,2004-11-17,SHIPPED,4,11,2004,VINTAGE CARS,0.7569060773480663,S18_1749,MOTOR MINT DISTRIBUTORS INC.,2155559857,11328 DOUGLAS AV.,PHILADELPHIA,71270,USA,DESCONOCIDO,HERNANDEZ,ROSA,MEDIUM,2004,11,4
10332,0.5573770491803279,0.17669584245076586,1.0,0.14832430698709362,2004-11-17,SHIPPED,4,11,2004,VINTAGE CARS,0.39226519337016574,S18_3136,"AV STORES, CO.",(171) 555-1555,FAUNTLEROY CIRCUS,MANCHESTER,EC2 5NT,UK,EMEA,ASHWORTH,VICTORIA,SMALL,2004,11,4
10331,0.5737704918032788,1.0,0.058823529411764705,0.6993802391508441,2004-11-17,SHIPPED,4,11,2004,CLASSIC CARS,0.2596685082872928,S24_4620,MOTOR MINT DISTRIBUTORS INC.,2155559857,11328 DOUGLAS AV.,PHILADELPHIA,71270,USA,DESCONOCIDO,HERNANDEZ,ROSA,MEDIUM,2004,11,4
10332,0.639344262295082,0.09997264770240699,0.6470588235294117,0.14118118733482787,2004-11-17,SHIPPED,4,11,2004,CLASSIC CARS,0.287292817679558,S24_3191,"AV STORES, CO.",(171) 555-1555,FAUNTLEROY CIRCUS,MANCHESTER,EC2 5NT,UK,EMEA,ASHWORTH,VICTORIA,SMALL,2004,11,4
10331,0.42622950819672134,1.0,0.1764705882352941,0.6073228670036652,2004-11-17,SHIPPED,4,11,2004,MOTORCYCLES,0.3812154696132597,S32_4485,MOTOR MINT DISTRIBUTORS INC.,2155559857,11328 DOUGLAS AV.,PHILADELPHIA,71270,USA,DESCONOCIDO,HERNANDEZ,ROSA,MEDIUM,2004,11,4
10331,0.2459016393442623,1.0,0.0,0.35465689304364384,2004-11-17,SHIPPED,4,11,2004,CLASSIC CARS,0.5911602209944752,S24_3856,MOTOR MINT DISTRIBUTORS INC.,2155559857,11328 DOUGLAS AV.,PHILADELPHIA,71270,USA,DESCONOCIDO,HERNANDEZ,ROSA,MEDIUM,2004,11,4
10331,0.3278688524590164,0.5199671772428884,0.5294117647058824,0.16107367302687192,2004-11-17,SHIPPED,4,11,2004,CLASSIC CARS,0.5469613259668508,S18_2870,MOTOR MINT DISTRIBUTORS INC.,2155559857,11328 DOUGLAS AV.,PHILADELPHIA,71270,USA,DESCONOCIDO,HERNANDEZ,ROSA,SMALL,2004,11,4
10331,0.3934426229508197,0.07644967177242884,0.4117647058823529,0.06574743826613969,2004-11-17,SHIPPED,4,11,2004,CLASSIC CARS,0.6022099447513812,S18_1984,MOTOR MINT DISTRIBUTORS INC.,2155559857,11328 DOUGLAS AV.,PHILADELPHIA,71270,USA,DESCONOCIDO,HERNANDEZ,ROSA,SMALL,2004,11,4
10332,0.29508196721311475,0.35270787746170684,0.0,0.10450069994554123,2004-11-17,SHIPPED,4,11,2004,VINTAGE CARS,0.7458563535911602,S18_2795,"AV STORES, CO.",(171) 555-1555,FAUNTLEROY CIRCUS,MANCHESTER,EC2 5NT,UK,EMEA,ASHWORTH,VICTORIA,SMALL,2004,11,4
10331,0.3114754098360656,1.0,0.47058823529411764,0.3469818816006201,2004-11-17,SHIPPED,4,11,2004,CLASSIC CARS,0.15469613259668508,S24_3371,MOTOR MINT DISTRIBUTORS INC.,2155559857,11328 DOUGLAS AV.,PHILADELPHIA,71270,USA,DESCONOCIDO,HERNANDEZ,ROSA,MEDIUM,2004,11,4
10332,0.47540983606557385,0.5170951859956237,0.4117647058823529,0.23815120828307873,2004-11-17,SHIPPED,4,11,2004,VINTAGE CARS,0.5193370165745856,S18_2325,"AV STORES, CO.",(171) 555-1555,FAUNTLEROY CIRCUS,MANCHESTER,EC2 5NT,UK,EMEA,ASHWORTH,VICTORIA,SMALL,2004,11,4
10332,0.4098360655737705,0.1408643326039387,0.7058823529411764,0.08959971133510852,2004-11-17,SHIPPED,4,11,2004,CLASSIC CARS,0.4088397790055248,S24_3432,"AV STORES, CO.",(171) 555-1555,FAUNTLEROY CIRCUS,MANCHESTER,EC2 5NT,UK,EMEA,ASHWORTH,VICTORIA,SMALL,2004,11,4
10331,0.2295081967213115,1.0,0.23529411764705882,0.42440020179814175,2004-11-17,SHIPPED,4,11,2004,MOTORCYCLES,0.26519337016574585,S50_4713,MOTOR MINT DISTRIBUTORS INC.,2155559857,11328 DOUGLAS AV.,PHILADELPHIA,71270,USA,DESCONOCIDO,HERNANDEZ,ROSA,MEDIUM,2004,11,4
10331,0.34426229508196726,0.21006564551422324,0.7058823529411764,0.08798265337828132,2004-11-17,SHIPPED,4,11,2004,CLASSIC CARS,0.022099447513812154,S24_2972,MOTOR MINT DISTRIBUTORS INC.,2155559857,11328 DOUGLAS AV.,PHILADELPHIA,71270,USA,DESCONOCIDO,HERNANDEZ,ROSA,SMALL,2004,11,4
10332,0.3278688524590164,1.0,0.9411764705882353,0.3336952781239455,2004-11-17,SHIPPED,4,11,2004,VINTAGE CARS,0.16022099447513816,S18_2957,"AV STORES, CO.",(171) 555-1555,FAUNTLEROY CIRCUS,MANCHESTER,EC2 5NT,UK,EMEA,ASHWORTH,VICTORIA,SMALL,2004,11,4
10332,0.5245901639344263,0.7846006564551422,0.47058823529411764,0.36341974347580597,2004-11-17,SHIPPED,4,11,2004,VINTAGE CARS,0.14917127071823205,S18_2248,"AV STORES, CO.",(171) 555-1555,FAUNTLEROY CIRCUS,MANCHESTER,EC2 5NT,UK,EMEA,ASHWORTH,VICTORIA,MEDIUM,2004,11,4
10332,0.7213114754098361,1.0,0.058823529411764705,0.9124844224530503,2004-11-17,SHIPPED,4,11,2004,VINTAGE CARS,0.32596685082872934,S18_4409,"AV STORES, CO.",(171) 555-1555,FAUNTLEROY CIRCUS,MANCHESTER,EC2 5NT,UK,EMEA,ASHWORTH,VICTORIA,LARGE,2004,11,4
10332,0.2459016393442623,1.0,0.1176470588235294,0.3997006438162568,2004-11-17,SHIPPED,4,11,2004,CLASSIC CARS,0.2099447513812155,S18_4933,"AV STORES, CO.",(171) 555-1555,FAUNTLEROY CIRCUS,MANCHESTER,EC2 5NT,UK,EMEA,ASHWORTH,VICTORIA,MEDIUM,2004,11,4
10332,0.2295081967213115,0.835339168490153,0.23529411764705882,0.1706691078450698,2004-11-17,SHIPPED,4,11,2004,CLASSIC CARS,0.09392265193370164,S24_1628,"AV STORES, CO.",(171) 555-1555,FAUNTLEROY CIRCUS,MANCHESTER,EC2 5NT,UK,EMEA,ASHWORTH,VICTORIA,SMALL,2004,11,4
10331,0.3278688524590164,0.56113238512035,0.6470588235294117,0.17153242969640073,2004-11-17,SHIPPED,4,11,2004,CLASSIC CARS,0.5966850828729282,S18_3685,MOTOR MINT DISTRIBUTORS INC.,2155559857,11328 DOUGLAS AV.,PHILADELPHIA,71270,USA,DESCONOCIDO,HERNANDEZ,ROSA,SMALL,2004,11,4
10331,0.6557377049180328,1.0,0.2941176470588235,0.7954174448479666,2004-11-17,SHIPPED,4,11,2004,CLASSIC CARS,0.5966850828729282,S18_1129,MOTOR MINT DISTRIBUTORS INC.,2155559857,11328 DOUGLAS AV.,PHILADELPHIA,71270,USA,DESCONOCIDO,HERNANDEZ,ROSA,MEDIUM,2004,11,4
10332,0.639344262295082,0.7525984682713347,0.2941176470588235,0.4281622002679505,2004-11-17,SHIPPED,4,11,2004,VINTAGE CARS,0.0,S24_1937,"AV STORES, CO.",(171) 555-1555,FAUNTLEROY CIRCUS,MANCHESTER,EC2 5NT,UK,EMEA,ASHWORTH,VICTORIA,MEDIUM,2004,11,4
10332,0.27868852459016397,0.40973741794310725,0.1764705882352941,0.11027934342101306,2004-11-17,SHIPPED,4,11,2004,CLASSIC CARS,0.22099447513812154,S24_1046,"AV STORES, CO.",(171) 555-1555,FAUNTLEROY CIRCUS,MANCHESTER,EC2 5NT,UK,EMEA,ASHWORTH,VICTORIA,SMALL,2004,11,4
10332,0.6557377049180328,0.9333971553610503,0.8235294117647058,0.520378605387743,2004-11-17,SHIPPED,4,11,2004,VINTAGE CARS,0.3812154696132597,S18_1342,"AV STORES, CO.",(171) 555-1555,FAUNTLEROY CIRCUS,MANCHESTER,EC2 5NT,UK,EMEA,ASHWORTH,VICTORIA,MEDIUM,2004,11,4
10332,0.3278688524590164,0.8019693654266957,0.5294117647058824,0.2327213682181291,2004-11-17,SHIPPED,4,11,2004,VINTAGE CARS,0.06077348066298344,S24_2022,"AV STORES, CO.",(171) 555-1555,FAUNTLEROY CIRCUS,MANCHESTER,EC2 5NT,UK,EMEA,ASHWORTH,VICTORIA,SMALL,2004,11,4
10332,0.34426229508196726,0.861734135667396,0.8823529411764706,0.2599186793581216,2004-11-17,SHIPPED,4,11,2004,VINTAGE CARS,0.11049723756906077,S18_1367,"AV STORES, CO.",(171) 555-1555,FAUNTLEROY CIRCUS,MANCHESTER,EC2 5NT,UK,EMEA,ASHWORTH,VICTORIA,SMALL,2004,11,4
10332,0.5409836065573771,0.8183807439824946,0.3529411764705882,0.38755266296703406,2004-11-17,SHIPPED,4,11,2004,CLASSIC CARS,0.3149171270718232,S24_2766,"AV STORES, CO.",(171) 555-1555,FAUNTLEROY CIRCUS,MANCHESTER,EC2 5NT,UK,EMEA,ASHWORTH,VICTORIA,MEDIUM,2004,11,4
10333,0.5409836065573771,1.0,0.0,0.5268174361612915,2004-11-18,SHIPPED,4,11,2004,VINTAGE CARS,0.35359116022099446,S24_4258,MINI WHEELS CO.,6505555787,5557 NORTH PENDALE STREET,SAN FRANCISCO,28034,USA,DESCONOCIDO,MURPHY,JULIE,MEDIUM,2004,11,4
10333,0.3278688524590164,1.0,0.1176470588235294,0.33689197451463204,2004-11-18,SHIPPED,4,11,2004,CLASSIC CARS,0.9999999999999999,S10_1949,MINI WHEELS CO.,6505555787,5557 NORTH PENDALE STREET,SAN FRANCISCO,28034,USA,DESCONOCIDO,MURPHY,JULIE,MEDIUM,2004,11,4
10333,0.4098360655737705,0.8655634573304158,0.23529411764705882,0.3091306977070519,2004-11-18,SHIPPED,4,11,2004,VINTAGE CARS,0.37569060773480667,S18_2949,MINI WHEELS CO.,6505555787,5557 NORTH PENDALE STREET,SAN FRANCISCO,28034,USA,DESCONOCIDO,MURPHY,JULIE,SMALL,2004,11,4
10333,0.4426229508196722,0.6401805251641137,0.1764705882352941,0.26055213842550673,2004-11-18,SHIPPED,4,11,2004,TRUCKS AND BUSES,0.1712707182320442,S32_3522,MINI WHEELS CO.,6505555787,5557 NORTH PENDALE STREET,SAN FRANCISCO,28034,USA,DESCONOCIDO,MURPHY,JULIE,SMALL,2004,11,4
10333,0.4426229508196722,0.9891958424507659,0.2941176470588235,0.3730993722206816,2004-11-18,SHIPPED,4,11,2004,TRUCKS AND BUSES,0.569060773480663,S12_1666,MINI WHEELS CO.,6505555787,5557 NORTH PENDALE STREET,SAN FRANCISCO,28034,USA,DESCONOCIDO,MURPHY,JULIE,MEDIUM,2004,11,4
10333,0.6557377049180328,1.0,0.058823529411764705,1.0,2004-11-18,SHIPPED,4,11,2004,VINTAGE CARS,0.3646408839779005,S18_3320,MINI WHEELS CO.,6505555787,5557 NORTH PENDALE STREET,SAN FRANCISCO,28034,USA,DESCONOCIDO,MURPHY,JULIE,LARGE,2004,11,4
10333,0.3770491803278689,0.18285010940919033,0.3529411764705882,0.09156022705631972,2004-11-18,SHIPPED,4,11,2004,TRUCKS AND BUSES,0.45856353591160215,S18_1097,MINI WHEELS CO.,6505555787,5557 NORTH PENDALE STREET,SAN FRANCISCO,28034,USA,DESCONOCIDO,MURPHY,JULIE,SMALL,2004,11,4
10333,0.29508196721311475,0.7245623632385121,0.4117647058823529,0.19170957104530773,2004-11-18,SHIPPED,4,11,2004,VINTAGE CARS,0.09392265193370164,S18_4668,MINI WHEELS CO.,6505555787,5557 NORTH PENDALE STREET,SAN FRANCISCO,28034,USA,DESCONOCIDO,MURPHY,JULIE,SMALL,2004,11,4
10334,0.7049180327868853,1.0,0.1764705882352941,0.8394455228543078,2004-11-19,ON HOLD,4,11,2004,TRUCKS AND BUSES,0.4861878453038674,S18_4600,"VOLVO MODEL REPLICAS, CO",0921-12 3555,BERGUVSVGEN  8,LULE,S-958 22,SWEDEN,EMEA,BERGLUND,CHRISTINA,MEDIUM,2004,11,4
10334,0.459016393442623,0.47182713347921224,0.0,0.21446598665593086,2004-11-19,ON HOLD,4,11,2004,TRUCKS AND BUSES,0.14917127071823205,S18_2432,"VOLVO MODEL REPLICAS, CO",0921-12 3555,BERGUVSVGEN  8,LULE,S-958 22,SWEDEN,EMEA,BERGLUND,CHRISTINA,SMALL,2004,11,4
10335,0.6229508196721312,1.0,0.0,0.5698659245127945,2004-11-19,SHIPPED,4,11,2004,TRUCKS AND BUSES,0.34806629834254144,S32_1268,MINI GIFTS DISTRIBUTORS LTD.,4155551450,5677 STRONG ST.,SAN RAFAEL,97562,USA,DESCONOCIDO,NELSON,VALARIE,MEDIUM,2004,11,4
10334,0.3278688524590164,1.0,0.058823529411764705,0.361631624842554,2004-11-19,ON HOLD,4,11,2004,CLASSIC CARS,0.6298342541436464,S10_4962,"VOLVO MODEL REPLICAS, CO",0921-12 3555,BERGUVSVGEN  8,LULE,S-958 22,SWEDEN,EMEA,BERGLUND,CHRISTINA,MEDIUM,2004,11,4
10335,0.5573770491803279,0.46115973741794314,0.1176470588235294,0.25951374666314747,2004-11-19,SHIPPED,4,11,2004,TRUCKS AND BUSES,0.11602209944751385,S32_2509,MINI GIFTS DISTRIBUTORS LTD.,4155551450,5677 STRONG ST.,SAN RAFAEL,97562,USA,DESCONOCIDO,NELSON,VALARIE,SMALL,2004,11,4
10335,0.4426229508196722,0.14018052516411383,0.058823529411764705,0.09931675960295214,2004-11-19,SHIPPED,4,11,2004,CLASSIC CARS,0.011049723756906105,S24_2840,MINI GIFTS DISTRIBUTORS LTD.,4155551450,5677 STRONG ST.,SAN RAFAEL,97562,USA,DESCONOCIDO,NELSON,VALARIE,SMALL,2004,11,4
10334,0.6557377049180328,1.0,0.2941176470588235,0.712672188273657,2004-11-19,ON HOLD,4,11,2004,TRUCKS AND BUSES,0.4917127071823204,S18_2319,"VOLVO MODEL REPLICAS, CO",0921-12 3555,BERGUVSVGEN  8,LULE,S-958 22,SWEDEN,EMEA,BERGLUND,CHRISTINA,MEDIUM,2004,11,4
10334,0.2295081967213115,1.0,0.1176470588235294,0.3202937432552981,2004-11-19,ON HOLD,4,11,2004,CLASSIC CARS,0.7513812154696132,S18_3232,"VOLVO MODEL REPLICAS, CO",0921-12 3555,BERGUVSVGEN  8,LULE,S-958 22,SWEDEN,EMEA,BERGLUND,CHRISTINA,SMALL,2004,11,4
10334,0.5901639344262295,1.0,0.23529411764705882,0.6743412326391789,2004-11-19,ON HOLD,4,11,2004,TRUCKS AND BUSES,0.5193370165745856,S24_2300,"VOLVO MODEL REPLICAS, CO",0921-12 3555,BERGUVSVGEN  8,LULE,S-958 22,SWEDEN,EMEA,BERGLUND,CHRISTINA,MEDIUM,2004,11,4
10336,0.4098360655737705,0.7908916849015317,0.47058823529411764,0.28651059607295476,2004-11-20,SHIPPED,4,11,2004,TRAINS,0.16022099447513816,S32_3207,"LA CORNE D'ABONDANCE, CO.",(1) 42.34.2555,"265, BOULEVARD CHARONNE",PARIS,75012,FRANCE,EMEA,BERTRAND,MARIE,SMALL,2004,11,4
10336,0.5245901639344263,1.0,0.1176470588235294,0.7872092052026501,2004-11-20,SHIPPED,4,11,2004,TRUCKS AND BUSES,0.4696132596685083,S12_4473,"LA CORNE D'ABONDANCE, CO.",(1) 42.34.2555,"265, BOULEVARD CHARONNE",PARIS,75012,FRANCE,EMEA,BERTRAND,MARIE,MEDIUM,2004,11,4
10336,0.27868852459016397,1.0,0.4117647058823529,0.35541062914914023,2004-11-20,SHIPPED,4,11,2004,TRUCKS AND BUSES,0.4530386740331491,S50_1392,"LA CORNE D'ABONDANCE, CO.",(1) 42.34.2555,"265, BOULEVARD CHARONNE",PARIS,75012,FRANCE,EMEA,BERTRAND,MARIE,MEDIUM,2004,11,4
10336,0.2459016393442623,1.0,0.3529411764705882,0.2336421557654464,2004-11-20,SHIPPED,4,11,2004,TRAINS,0.37016574585635353,S18_3259,"LA CORNE D'ABONDANCE, CO.",(1) 42.34.2555,"265, BOULEVARD CHARONNE",PARIS,75012,FRANCE,EMEA,BERTRAND,MARIE,SMALL,2004,11,4
10336,0.639344262295082,1.0,0.1764705882352941,0.7337260155892406,2004-11-20,SHIPPED,4,11,2004,CLASSIC CARS,0.13259668508287292,S24_1444,"LA CORNE D'ABONDANCE, CO.",(1) 42.34.2555,"265, BOULEVARD CHARONNE",PARIS,75012,FRANCE,EMEA,BERTRAND,MARIE,MEDIUM,2004,11,4
10336,0.7049180327868853,0.4991794310722101,0.0,0.3506062296823684,2004-11-20,SHIPPED,4,11,2004,CLASSIC CARS,0.7734806629834254,S12_3891,"LA CORNE D'ABONDANCE, CO.",(1) 42.34.2555,"265, BOULEVARD CHARONNE",PARIS,75012,FRANCE,EMEA,BERTRAND,MARIE,MEDIUM,2004,11,4
10336,0.7049180327868853,1.0,0.2941176470588235,0.9326294899251275,2004-11-20,SHIPPED,4,11,2004,CLASSIC CARS,0.718232044198895,S18_2238,"LA CORNE D'ABONDANCE, CO.",(1) 42.34.2555,"265, BOULEVARD CHARONNE",PARIS,75012,FRANCE,EMEA,BERTRAND,MARIE,LARGE,2004,11,4
10336,0.4098360655737705,1.0,0.23529411764705882,0.5528146497432419,2004-11-20,SHIPPED,4,11,2004,CLASSIC CARS,0.4696132596685083,S24_4048,"LA CORNE D'ABONDANCE, CO.",(1) 42.34.2555,"265, BOULEVARD CHARONNE",PARIS,75012,FRANCE,EMEA,BERTRAND,MARIE,MEDIUM,2004,11,4
10336,0.6885245901639344,1.0,0.6470588235294117,0.7077782492340692,2004-11-20,SHIPPED,4,11,2004,VINTAGE CARS,0.569060773480663,S18_3140,"LA CORNE D'ABONDANCE, CO.",(1) 42.34.2555,"265, BOULEVARD CHARONNE",PARIS,75012,FRANCE,EMEA,BERTRAND,MARIE,MEDIUM,2004,11,4
10336,0.4426229508196722,0.41493435448577676,0.5294117647058824,0.18791683511020385,2004-11-20,SHIPPED,4,11,2004,CLASSIC CARS,0.9613259668508286,S12_1108,"LA CORNE D'ABONDANCE, CO.",(1) 42.34.2555,"265, BOULEVARD CHARONNE",PARIS,75012,FRANCE,EMEA,BERTRAND,MARIE,SMALL,2004,11,4
10336,0.6557377049180328,1.0,0.058823529411764705,1.0,2004-11-20,SHIPPED,4,11,2004,CLASSIC CARS,0.37569060773480667,S700_2824,"LA CORNE D'ABONDANCE, CO.",(1) 42.34.2555,"265, BOULEVARD CHARONNE",PARIS,75012,FRANCE,EMEA,BERTRAND,MARIE,LARGE,2004,11,4
10336,0.4426229508196722,1.0,0.5882352941176471,0.47806113414564877,2004-11-20,SHIPPED,4,11,2004,CLASSIC CARS,0.6519337016574586,S12_3148,"LA CORNE D'ABONDANCE, CO.",(1) 42.34.2555,"265, BOULEVARD CHARONNE",PARIS,75012,FRANCE,EMEA,BERTRAND,MARIE,MEDIUM,2004,11,4
10337,0.2459016393442623,1.0,0.2941176470588235,0.24251058270883935,2004-11-21,SHIPPED,4,11,2004,TRAINS,0.13812154696132595,S50_1514,CLASSIC LEGENDS INC.,2125558493,5905 POMPTON ST.,NYC,10022,USA,DESCONOCIDO,HERNANDEZ,MARIA,SMALL,2004,11,4
10337,0.3770491803278689,1.0,0.058823529411764705,0.5367108907516981,2004-11-21,SHIPPED,4,11,2004,VINTAGE CARS,0.2983425414364641,S18_4522,CLASSIC LEGENDS INC.,2125558493,5905 POMPTON ST.,NYC,10022,USA,DESCONOCIDO,HERNANDEZ,MARIA,MEDIUM,2004,11,4
10337,0.4918032786885246,0.6155634573304157,0.3529411764705882,0.28143624147620017,2004-11-21,SHIPPED,4,11,2004,SHIPS,0.3646408839779005,S700_3962,CLASSIC LEGENDS INC.,2125558493,5905 POMPTON ST.,NYC,10022,USA,DESCONOCIDO,HERNANDEZ,MARIA,SMALL,2004,11,4
10337,0.3770491803278689,0.6166575492341356,0.1764705882352941,0.2144940512981568,2004-11-21,SHIPPED,4,11,2004,SHIPS,0.4917127071823204,S24_2011,CLASSIC LEGENDS INC.,2125558493,5905 POMPTON ST.,NYC,10022,USA,DESCONOCIDO,HERNANDEZ,MARIA,SMALL,2004,11,4
10337,0.4098360655737705,0.8547592997811815,0.0,0.30585782585889504,2004-11-21,SHIPPED,4,11,2004,SHIPS,0.37016574585635353,S700_3505,CLASSIC LEGENDS INC.,2125558493,5905 POMPTON ST.,NYC,10022,USA,DESCONOCIDO,HERNANDEZ,MARIA,SMALL,2004,11,4
10337,0.4918032786885246,1.0,0.1176470588235294,0.6945638119802612,2004-11-21,SHIPPED,4,11,2004,CLASSIC CARS,0.6077348066298343,S18_4027,CLASSIC LEGENDS INC.,2125558493,5905 POMPTON ST.,NYC,10022,USA,DESCONOCIDO,HERNANDEZ,MARIA,MEDIUM,2004,11,4
10337,0.5901639344262295,0.961159737417943,0.23529411764705882,0.48091971841808967,2004-11-21,SHIPPED,4,11,2004,SHIPS,0.11602209944751385,S72_3212,CLASSIC LEGENDS INC.,2125558493,5905 POMPTON ST.,NYC,10022,USA,DESCONOCIDO,HERNANDEZ,MARIA,MEDIUM,2004,11,4
10337,0.4918032786885246,0.5938183807439824,0.47058823529411764,0.2737866218523332,2004-11-21,SHIPPED,4,11,2004,SHIPS,0.2928176795580111,S700_1938,CLASSIC LEGENDS INC.,2125558493,5905 POMPTON ST.,NYC,10022,USA,DESCONOCIDO,HERNANDEZ,MARIA,SMALL,2004,11,4
10337,0.3114754098360656,0.28952407002188174,0.4117647058823529,0.09610402627385076,2004-11-21,SHIPPED,4,11,2004,CLASSIC CARS,0.569060773480663,S10_4757,CLASSIC LEGENDS INC.,2125558493,5905 POMPTON ST.,NYC,10022,USA,DESCONOCIDO,HERNANDEZ,MARIA,SMALL,2004,11,4
10338,0.36065573770491804,0.761761487964989,0.1176470588235294,0.24457801135281598,2004-11-22,SHIPPED,4,11,2004,SHIPS,0.2928176795580111,S18_3029,ROYALE BELGE,(071) 23 67 2555,"BOULEVARD TIROU, 255",CHARLEROI,B-6000,BELGIUM,EMEA,CARTRAIN,PASCALE,SMALL,2004,11,4
10338,0.5737704918032788,1.0,0.0,0.6872710142361239,2004-11-22,SHIPPED,4,11,2004,PLANES,0.6850828729281768,S18_1662,ROYALE BELGE,(071) 23 67 2555,"BOULEVARD TIROU, 255",CHARLEROI,B-6000,BELGIUM,EMEA,CARTRAIN,PASCALE,MEDIUM,2004,11,4
10338,0.639344262295082,1.0,0.058823529411764705,0.6741287432051826,2004-11-22,SHIPPED,4,11,2004,VINTAGE CARS,0.39779005524861877,S18_3856,ROYALE BELGE,(071) 23 67 2555,"BOULEVARD TIROU, 255",CHARLEROI,B-6000,BELGIUM,EMEA,CARTRAIN,PASCALE,MEDIUM,2004,11,4
10339,0.3770491803278689,0.9957603938730852,0.7647058823529411,0.3219255017390055,2004-11-23,SHIPPED,4,11,2004,VINTAGE CARS,0.17679558011049723,S24_3420,"TOKYO COLLECTABLES, LTD",+81 3 3584 0555,2-2-8 ROPPONGI,MINATO-KU,106-0032,JAPAN,JAPAN,SHIMAMURA,AKIKO,SMALL,2004,11,4
10339,0.2459016393442623,0.325082056892779,0.3529411764705882,0.07771500355819572,2004-11-23,SHIPPED,4,11,2004,PLANES,0.419889502762431,S24_1785,"TOKYO COLLECTABLES, LTD",+81 3 3584 0555,2-2-8 ROPPONGI,MINATO-KU,106-0032,JAPAN,JAPAN,SHIMAMURA,AKIKO,SMALL,2004,11,4
10339,0.5409836065573771,0.6809354485776806,0.1176470588235294,0.3351720128696431,2004-11-23,SHIPPED,4,11,2004,MOTORCYCLES,0.8839779005524863,S10_4698,"TOKYO COLLECTABLES, LTD",+81 3 3584 0555,2-2-8 ROPPONGI,MINATO-KU,106-0032,JAPAN,JAPAN,SHIMAMURA,AKIKO,SMALL,2004,11,4
10339,0.8032786885245902,1.0,0.6470588235294117,0.7660738567834579,2004-11-23,SHIPPED,4,11,2004,PLANES,0.19337016574585636,S24_2841,"TOKYO COLLECTABLES, LTD",+81 3 3584 0555,2-2-8 ROPPONGI,MINATO-KU,106-0032,JAPAN,JAPAN,SHIMAMURA,AKIKO,MEDIUM,2004,11,4
10339,0.5901639344262295,0.4442013129102844,0.8823529411764706,0.26875102319008115,2004-11-23,SHIPPED,4,11,2004,VINTAGE CARS,0.27624309392265195,S24_3816,"TOKYO COLLECTABLES, LTD",+81 3 3584 0555,2-2-8 ROPPONGI,MINATO-KU,106-0032,JAPAN,JAPAN,SHIMAMURA,AKIKO,SMALL,2004,11,4
10339,0.34426229508196726,0.7865153172866521,0.5294117647058824,0.24007296806978745,2004-11-23,SHIPPED,4,11,2004,MOTORCYCLES,0.43646408839779005,S24_1578,"TOKYO COLLECTABLES, LTD",+81 3 3584 0555,2-2-8 ROPPONGI,MINATO-KU,106-0032,JAPAN,JAPAN,SHIMAMURA,AKIKO,SMALL,2004,11,4
10339,0.3934426229508197,0.48249452954048133,0.0,0.18478161365010742,2004-11-23,SHIPPED,4,11,2004,MOTORCYCLES,0.14917127071823205,S18_2625,"TOKYO COLLECTABLES, LTD",+81 3 3584 0555,2-2-8 ROPPONGI,MINATO-KU,106-0032,JAPAN,JAPAN,SHIMAMURA,AKIKO,SMALL,2004,11,4
10339,0.8032786885245902,0.6068107221006565,0.8235294117647058,0.4592738607926925,2004-11-23,SHIPPED,4,11,2004,SHIPS,0.3149171270718232,S700_2047,"TOKYO COLLECTABLES, LTD",+81 3 3584 0555,2-2-8 ROPPONGI,MINATO-KU,106-0032,JAPAN,JAPAN,SHIMAMURA,AKIKO,MEDIUM,2004,11,4
10339,0.8032786885245902,1.0,0.7058823529411764,1.0,2004-11-23,SHIPPED,4,11,2004,VINTAGE CARS,0.30386740331491713,S24_3151,"TOKYO COLLECTABLES, LTD",+81 3 3584 0555,2-2-8 ROPPONGI,MINATO-KU,106-0032,JAPAN,JAPAN,SHIMAMURA,AKIKO,LARGE,2004,11,4
10339,0.7213114754098361,0.42368708971553615,0.4117647058823529,0.32219144763438456,2004-11-23,SHIPPED,4,11,2004,PLANES,0.22651933701657456,S700_4002,"TOKYO COLLECTABLES, LTD",+81 3 3584 0555,2-2-8 ROPPONGI,MINATO-KU,106-0032,JAPAN,JAPAN,SHIMAMURA,AKIKO,SMALL,2004,11,4
10339,0.639344262295082,0.9578774617067833,0.5882352941176471,0.518430117370343,2004-11-23,SHIPPED,4,11,2004,PLANES,0.19337016574585636,S24_3949,"TOKYO COLLECTABLES, LTD",+81 3 3584 0555,2-2-8 ROPPONGI,MINATO-KU,106-0032,JAPAN,JAPAN,SHIMAMURA,AKIKO,MEDIUM,2004,11,4
10339,0.34426229508196726,0.6760120350109409,0.2941176470588235,0.21091781403165288,2004-11-23,SHIPPED,4,11,2004,PLANES,0.08839779005524862,S72_1253,"TOKYO COLLECTABLES, LTD",+81 3 3584 0555,2-2-8 ROPPONGI,MINATO-KU,106-0032,JAPAN,JAPAN,SHIMAMURA,AKIKO,SMALL,2004,11,4
10339,0.5573770491803279,0.574945295404814,0.1764705882352941,0.30398952253356903,2004-11-23,SHIPPED,4,11,2004,MOTORCYCLES,0.4696132596685083,S10_2016,"TOKYO COLLECTABLES, LTD",+81 3 3584 0555,2-2-8 ROPPONGI,MINATO-KU,106-0032,JAPAN,JAPAN,SHIMAMURA,AKIKO,SMALL,2004,11,4
10339,0.26229508196721313,1.0,0.23529411764705882,0.3119598809257323,2004-11-23,SHIPPED,4,11,2004,SHIPS,0.18232044198895025,S700_1138,"TOKYO COLLECTABLES, LTD",+81 3 3584 0555,2-2-8 ROPPONGI,MINATO-KU,106-0032,JAPAN,JAPAN,SHIMAMURA,AKIKO,SMALL,2004,11,4
10339,0.7213114754098361,0.649206783369803,0.47058823529411764,0.4323785786595124,2004-11-23,SHIPPED,4,11,2004,SHIPS,0.2154696132596685,S700_2610,"TOKYO COLLECTABLES, LTD",+81 3 3584 0555,2-2-8 ROPPONGI,MINATO-KU,106-0032,JAPAN,JAPAN,SHIMAMURA,AKIKO,MEDIUM,2004,11,4
10339,0.34426229508196726,1.0,0.058823529411764705,0.31119278070489026,2004-11-23,SHIPPED,4,11,2004,PLANES,0.281767955801105,S18_2581,"TOKYO COLLECTABLES, LTD",+81 3 3584 0555,2-2-8 ROPPONGI,MINATO-KU,106-0032,JAPAN,JAPAN,SHIMAMURA,AKIKO,SMALL,2004,11,4
10341,0.4098360655737705,0.6036652078774617,0.1764705882352941,0.22979462695742525,2004-11-24,SHIPPED,4,11,2004,MOTORCYCLES,0.3812154696132597,S32_4485,SALZBURG COLLECTABLES,6562-9555,GEISLWEG 14,SALZBURG,5020,AUSTRIA,EMEA,PIPPS,GEORG,SMALL,2004,11,4
10340,0.5409836065573771,0.4414660831509847,0.1176470588235294,0.243909805585532,2004-11-24,SHIPPED,4,11,2004,VINTAGE CARS,0.19337016574585636,S32_4289,ENACO DISTRIBUTORS,(93) 203 4555,"RAMBLA DE CATALU¤A, 23",BARCELONA,8022,SPAIN,EMEA,SAAVEDRA,EDUARDO,SMALL,2004,11,4
10343,0.3770491803278689,1.0,0.23529411764705882,0.4317985760535099,2004-11-24,SHIPPED,4,11,2004,MOTORCYCLES,0.03867403314917128,S32_2206,REIMS COLLECTABLES,26.47.1555,59 RUE DE L'ABBAYE,REIMS,51100,FRANCE,EMEA,HENRIOT,PAUL,MEDIUM,2004,11,4
10340,0.8032786885245902,1.0,0.058823529411764705,0.8019431423712619,2004-11-24,SHIPPED,4,11,2004,MOTORCYCLES,0.3646408839779005,S32_1374,ENACO DISTRIBUTORS,(93) 203 4555,"RAMBLA DE CATALU¤A, 23",BARCELONA,8022,SPAIN,EMEA,SAAVEDRA,EDUARDO,MEDIUM,2004,11,4
10343,0.6229508196721312,0.7932166301969366,0.058823529411764705,0.43467987932203844,2004-11-24,SHIPPED,4,11,2004,CLASSIC CARS,0.5966850828729282,S18_3685,REIMS COLLECTABLES,26.47.1555,59 RUE DE L'ABBAYE,REIMS,51100,FRANCE,EMEA,HENRIOT,PAUL,MEDIUM,2004,11,4
10342,0.3114754098360656,0.5451312910284463,0.23529411764705882,0.15854785522653847,2004-11-24,SHIPPED,4,11,2004,CLASSIC CARS,0.2596685082872928,S18_3278,"AUSTRALIAN COLLECTORS, CO.",03 9520 4555,636 ST KILDA ROAD,MELBOURNE,3004,AUSTRALIA,APAC,FERGUSON,PETER,SMALL,2004,11,4
10340,0.3934426229508197,0.8440919037199124,0.23529411764705882,0.2907857765720376,2004-11-24,SHIPPED,4,11,2004,PLANES,0.3204419889502762,S700_1691,ENACO DISTRIBUTORS,(93) 203 4555,"RAMBLA DE CATALU¤A, 23",BARCELONA,8022,SPAIN,EMEA,SAAVEDRA,EDUARDO,SMALL,2004,11,4
10341,0.42622950819672134,1.0,0.2941176470588235,0.3775456133961892,2004-11-24,SHIPPED,4,11,2004,MOTORCYCLES,0.19889502762430938,S24_2360,SALZBURG COLLECTABLES,6562-9555,GEISLWEG 14,SALZBURG,5020,AUSTRIA,EMEA,PIPPS,GEORG,MEDIUM,2004,11,4
10340,0.8032786885245902,0.7262035010940919,0.4117647058823529,0.5234416606249728,2004-11-24,SHIPPED,4,11,2004,MOTORCYCLES,0.23756906077348067,S24_2000,ENACO DISTRIBUTORS,(93) 203 4555,"RAMBLA DE CATALU¤A, 23",BARCELONA,8022,SPAIN,EMEA,SAAVEDRA,EDUARDO,MEDIUM,2004,11,4
10343,0.34426229508196726,0.1275984682713348,0.2941176470588235,0.06622453718398041,2004-11-24,SHIPPED,4,11,2004,CLASSIC CARS,0.09392265193370164,S24_1628,REIMS COLLECTABLES,26.47.1555,59 RUE DE L'ABBAYE,REIMS,51100,FRANCE,EMEA,HENRIOT,PAUL,SMALL,2004,11,4
10342,0.5245901639344263,1.0,0.5882352941176471,0.7743609447093138,2004-11-24,SHIPPED,4,11,2004,CLASSIC CARS,0.6353591160220994,S18_4721,"AUSTRALIAN COLLECTORS, CO.",03 9520 4555,636 ST KILDA ROAD,MELBOURNE,3004,AUSTRALIA,APAC,FERGUSON,PETER,MEDIUM,2004,11,4
10340,0.8032786885245902,0.8324671772428884,0.3529411764705882,0.5805532075547344,2004-11-24,SHIPPED,4,11,2004,PLANES,0.3646408839779005,S700_2466,ENACO DISTRIBUTORS,(93) 203 4555,"RAMBLA DE CATALU¤A, 23",BARCELONA,8022,SPAIN,EMEA,SAAVEDRA,EDUARDO,MEDIUM,2004,11,4
10342,0.3278688524590164,0.39756564551422324,0.4117647058823529,0.1299753766174756,2004-11-24,SHIPPED,4,11,2004,MOTORCYCLES,0.16022099447513816,S18_3782,"AUSTRALIAN COLLECTORS, CO.",03 9520 4555,636 ST KILDA ROAD,MELBOURNE,3004,AUSTRALIA,APAC,FERGUSON,PETER,SMALL,2004,11,4
10342,0.8032786885245902,1.0,0.3529411764705882,0.8106899558650091,2004-11-24,SHIPPED,4,11,2004,CLASSIC CARS,0.6243093922651933,S18_3482,"AUSTRALIAN COLLECTORS, CO.",03 9520 4555,636 ST KILDA ROAD,MELBOURNE,3004,AUSTRALIA,APAC,FERGUSON,PETER,MEDIUM,2004,11,4
10342,0.3934426229508197,1.0,0.1764705882352941,0.6077157719948281,2004-11-24,SHIPPED,4,11,2004,CLASSIC CARS,0.7513812154696132,S18_3232,"AUSTRALIAN COLLECTORS, CO.",03 9520 4555,636 ST KILDA ROAD,MELBOURNE,3004,AUSTRALIA,APAC,FERGUSON,PETER,MEDIUM,2004,11,4
10343,0.3114754098360656,0.34792122538293213,0.1176470588235294,0.11037021940536368,2004-11-24,SHIPPED,4,11,2004,CLASSIC CARS,0.5469613259668508,S18_2870,REIMS COLLECTABLES,26.47.1555,59 RUE DE L'ABBAYE,REIMS,51100,FRANCE,EMEA,HENRIOT,PAUL,SMALL,2004,11,4
10342,0.5409836065573771,0.1849015317286652,0.47058823529411764,0.14613259207040216,2004-11-24,SHIPPED,4,11,2004,CLASSIC CARS,0.022099447513812154,S24_2972,"AUSTRALIAN COLLECTORS, CO.",03 9520 4555,636 ST KILDA ROAD,MELBOURNE,3004,AUSTRALIA,APAC,FERGUSON,PETER,SMALL,2004,11,4
10340,0.3770491803278689,1.0,0.2941176470588235,0.4827626299242589,2004-11-24,SHIPPED,4,11,2004,PLANES,0.4696132596685083,S700_2834,ENACO DISTRIBUTORS,(93) 203 4555,"RAMBLA DE CATALU¤A, 23",BARCELONA,8022,SPAIN,EMEA,SAAVEDRA,EDUARDO,MEDIUM,2004,11,4
10342,0.26229508196721313,1.0,0.1176470588235294,0.35797253006090696,2004-11-24,SHIPPED,4,11,2004,CLASSIC CARS,0.6022099447513812,S18_1984,"AUSTRALIAN COLLECTORS, CO.",03 9520 4555,636 ST KILDA ROAD,MELBOURNE,3004,AUSTRALIA,APAC,FERGUSON,PETER,MEDIUM,2004,11,4
10342,0.8032786885245902,0.5274890590809629,0.0,0.41664233283997476,2004-11-24,SHIPPED,4,11,2004,CLASSIC CARS,0.2430939226519337,S18_1889,"AUSTRALIAN COLLECTORS, CO.",03 9520 4555,636 ST KILDA ROAD,MELBOURNE,3004,AUSTRALIA,APAC,FERGUSON,PETER,MEDIUM,2004,11,4
10343,0.4918032786885246,1.0,0.1764705882352941,0.7172240059603955,2004-11-24,SHIPPED,4,11,2004,CLASSIC CARS,0.5027624309392266,S18_1589,REIMS COLLECTABLES,26.47.1555,59 RUE DE L'ABBAYE,REIMS,51100,FRANCE,EMEA,HENRIOT,PAUL,MEDIUM,2004,11,4
10342,0.5573770491803279,1.0,0.058823529411764705,0.7981410515554159,2004-11-24,SHIPPED,4,11,2004,CLASSIC CARS,0.5966850828729282,S18_1129,"AUSTRALIAN COLLECTORS, CO.",03 9520 4555,636 ST KILDA ROAD,MELBOURNE,3004,AUSTRALIA,APAC,FERGUSON,PETER,MEDIUM,2004,11,4
10341,0.8032786885245902,0.6608315098468271,0.3529411764705882,0.48830740138118134,2004-11-24,SHIPPED,4,11,2004,CLASSIC CARS,0.4530386740331491,S12_4675,SALZBURG COLLECTABLES,6562-9555,GEISLWEG 14,SALZBURG,5020,AUSTRIA,EMEA,PIPPS,GEORG,MEDIUM,2004,11,4
10341,0.4918032786885246,0.911925601750547,0.5294117647058824,0.38569237811091545,2004-11-24,SHIPPED,4,11,2004,CLASSIC CARS,0.2541436464088398,S12_3990,SALZBURG COLLECTABLES,6562-9555,GEISLWEG 14,SALZBURG,5020,AUSTRIA,EMEA,PIPPS,GEORG,MEDIUM,2004,11,4
10341,0.6229508196721312,0.9443380743982495,0.0,0.49965620813273237,2004-11-24,SHIPPED,4,11,2004,CLASSIC CARS,0.4640883977900553,S12_3380,SALZBURG COLLECTABLES,6562-9555,GEISLWEG 14,SALZBURG,5020,AUSTRIA,EMEA,PIPPS,GEORG,MEDIUM,2004,11,4
10341,0.8032786885245902,1.0,0.4117647058823529,1.0,2004-11-24,SHIPPED,4,11,2004,MOTORCYCLES,0.6464088397790055,S12_2823,SALZBURG COLLECTABLES,6562-9555,GEISLWEG 14,SALZBURG,5020,AUSTRIA,EMEA,PIPPS,GEORG,LARGE,2004,11,4
10341,0.639344262295082,0.7216903719912473,0.058823529411764705,0.41457089496139443,2004-11-24,SHIPPED,4,11,2004,CLASSIC CARS,0.8895027624309392,S12_1099,SALZBURG COLLECTABLES,6562-9555,GEISLWEG 14,SALZBURG,5020,AUSTRIA,EMEA,PIPPS,GEORG,MEDIUM,2004,11,4
10341,0.5737704918032788,1.0,0.47058823529411764,0.9696734812518168,2004-11-24,SHIPPED,4,11,2004,MOTORCYCLES,0.3425414364640884,S10_1678,SALZBURG COLLECTABLES,6562-9555,GEISLWEG 14,SALZBURG,5020,AUSTRIA,EMEA,PIPPS,GEORG,LARGE,2004,11,4
10341,0.459016393442623,1.0,0.23529411764705882,0.42257199081885277,2004-11-24,SHIPPED,4,11,2004,PLANES,0.2596685082872928,S700_3167,SALZBURG COLLECTABLES,6562-9555,GEISLWEG 14,SALZBURG,5020,AUSTRIA,EMEA,PIPPS,GEORG,MEDIUM,2004,11,4
10342,0.6885245901639344,0.4864606126914661,0.5294117647058824,0.33617031228596533,2004-11-24,SHIPPED,4,11,2004,CLASSIC CARS,0.15469613259668508,S24_3371,"AUSTRALIAN COLLECTORS, CO.",03 9520 4555,636 ST KILDA ROAD,MELBOURNE,3004,AUSTRALIA,APAC,FERGUSON,PETER,SMALL,2004,11,4
10340,0.5573770491803279,0.324671772428884,0.1764705882352941,0.2061641982031947,2004-11-24,SHIPPED,4,11,2004,VINTAGE CARS,0.05524861878453041,S50_1341,ENACO DISTRIBUTORS,(93) 203 4555,"RAMBLA DE CATALU¤A, 23",BARCELONA,8022,SPAIN,EMEA,SAAVEDRA,EDUARDO,SMALL,2004,11,4
10343,0.3934426229508197,1.0,0.0,0.34968143290044734,2004-11-24,SHIPPED,4,11,2004,CLASSIC CARS,0.2596685082872928,S24_4620,REIMS COLLECTABLES,26.47.1555,59 RUE DE L'ABBAYE,REIMS,51100,FRANCE,EMEA,HENRIOT,PAUL,MEDIUM,2004,11,4
10341,0.5245901639344263,1.0,0.1176470588235294,0.561323581983836,2004-11-24,SHIPPED,4,11,2004,MOTORCYCLES,0.26519337016574585,S50_4713,SALZBURG COLLECTABLES,6562-9555,GEISLWEG 14,SALZBURG,5020,AUSTRIA,EMEA,PIPPS,GEORG,MEDIUM,2004,11,4
10342,0.5901639344262295,1.0,0.2941176470588235,0.6055828591856577,2004-11-24,SHIPPED,4,11,2004,CLASSIC CARS,0.5911602209944752,S24_3856,"AUSTRALIAN COLLECTORS, CO.",03 9520 4555,636 ST KILDA ROAD,MELBOURNE,3004,AUSTRALIA,APAC,FERGUSON,PETER,MEDIUM,2004,11,4
10340,0.5573770491803279,0.7917122538293215,0.0,0.38871801382517734,2004-11-24,SHIPPED,4,11,2004,PLANES,0.2154696132596685,S24_4278,ENACO DISTRIBUTORS,(93) 203 4555,"RAMBLA DE CATALU¤A, 23",BARCELONA,8022,SPAIN,EMEA,SAAVEDRA,EDUARDO,MEDIUM,2004,11,4
10344,0.2295081967213115,0.11351203501094093,0.2941176470588235,0.02959750625607649,2004-11-25,SHIPPED,4,11,2004,VINTAGE CARS,0.0,S24_1937,MARSEILLE MINI AUTOS,91.24.4555,"12, RUE DES BOUCHERS",MARSEILLE,13008,FRANCE,EMEA,LEBIHAN,LAURENCE,SMALL,2004,11,4
10344,0.3770491803278689,0.44652625820568925,0.3529411764705882,0.1662816687770832,2004-11-25,SHIPPED,4,11,2004,CLASSIC CARS,0.22099447513812154,S24_1046,MARSEILLE MINI AUTOS,91.24.4555,"12, RUE DES BOUCHERS",MARSEILLE,13008,FRANCE,EMEA,LEBIHAN,LAURENCE,SMALL,2004,11,4
10345,0.6065573770491803,0.3676148796498906,0.0,0.24450317230688018,2004-11-25,SHIPPED,4,11,2004,VINTAGE CARS,0.06077348066298344,S24_2022,ATELIER GRAPHIQUE,40.32.2555,"54, RUE ROYALE",NANTES,44000,FRANCE,EMEA,SCHMITT,CARINE,SMALL,2004,11,4
10344,0.3278688524590164,0.49986323851203496,0.23529411764705882,0.15596590814175318,2004-11-25,SHIPPED,4,11,2004,CLASSIC CARS,0.2099447513812155,S18_4933,MARSEILLE MINI AUTOS,91.24.4555,"12, RUE DES BOUCHERS",MARSEILLE,13008,FRANCE,EMEA,LEBIHAN,LAURENCE,SMALL,2004,11,4
10344,0.5573770491803279,0.4106947483588621,0.058823529411764705,0.23978831241292448,2004-11-25,SHIPPED,4,11,2004,VINTAGE CARS,0.14917127071823205,S18_2248,MARSEILLE MINI AUTOS,91.24.4555,"12, RUE DES BOUCHERS",MARSEILLE,13008,FRANCE,EMEA,LEBIHAN,LAURENCE,SMALL,2004,11,4
10344,0.2459016393442623,1.0,0.1764705882352941,0.22999375227607594,2004-11-25,SHIPPED,4,11,2004,VINTAGE CARS,0.32596685082872934,S18_4409,MARSEILLE MINI AUTOS,91.24.4555,"12, RUE DES BOUCHERS",MARSEILLE,13008,FRANCE,EMEA,LEBIHAN,LAURENCE,SMALL,2004,11,4
10344,0.639344262295082,1.0,0.0,0.9579224146283607,2004-11-25,SHIPPED,4,11,2004,VINTAGE CARS,0.7569060773480663,S18_1749,MARSEILLE MINI AUTOS,91.24.4555,"12, RUE DES BOUCHERS",MARSEILLE,13008,FRANCE,EMEA,LEBIHAN,LAURENCE,LARGE,2004,11,4
10344,0.3934426229508197,1.0,0.1176470588235294,0.46053676969285917,2004-11-25,SHIPPED,4,11,2004,VINTAGE CARS,0.5193370165745856,S18_2325,MARSEILLE MINI AUTOS,91.24.4555,"12, RUE DES BOUCHERS",MARSEILLE,13008,FRANCE,EMEA,LEBIHAN,LAURENCE,MEDIUM,2004,11,4
10347,0.3934426229508197,1.0,0.0,0.4627418487248963,2004-11-29,SHIPPED,4,11,2004,CLASSIC CARS,0.9999999999999999,S10_1949,"AUSTRALIAN COLLECTORS, CO.",03 9520 4555,636 ST KILDA ROAD,MELBOURNE,3004,AUSTRALIA,APAC,FERGUSON,PETER,MEDIUM,2004,11,4
10347,0.2459016393442623,0.4385940919037199,0.3529411764705882,0.10100865660571517,2004-11-29,SHIPPED,4,11,2004,VINTAGE CARS,0.11049723756906077,S18_1367,"AUSTRALIAN COLLECTORS, CO.",03 9520 4555,636 ST KILDA ROAD,MELBOURNE,3004,AUSTRALIA,APAC,FERGUSON,PETER,SMALL,2004,11,4
10347,0.3770491803278689,1.0,0.1176470588235294,0.4148622326759302,2004-11-29,SHIPPED,4,11,2004,TRUCKS AND BUSES,0.569060773480663,S12_1666,"AUSTRALIAN COLLECTORS, CO.",03 9520 4555,636 ST KILDA ROAD,MELBOURNE,3004,AUSTRALIA,APAC,FERGUSON,PETER,MEDIUM,2004,11,4
10346,0.26229508196721313,0.9649890590809627,0.1764705882352941,0.2220514585261385,2004-11-29,SHIPPED,4,11,2004,VINTAGE CARS,0.04419889502762431,S24_3969,SIGNAL GIFT STORES,7025551838,8489 STRONG ST.,LAS VEGAS,83030,USA,DESCONOCIDO,KING,SUE,SMALL,2004,11,4
10347,0.5901639344262295,0.3107221006564551,0.23529411764705882,0.2139688415650715,2004-11-29,SHIPPED,4,11,2004,TRUCKS AND BUSES,0.45856353591160215,S18_1097,"AUSTRALIAN COLLECTORS, CO.",03 9520 4555,636 ST KILDA ROAD,MELBOURNE,3004,AUSTRALIA,APAC,FERGUSON,PETER,SMALL,2004,11,4
10347,0.459016393442623,0.5207877461706782,0.5294117647058824,0.23073278785469198,2004-11-29,SHIPPED,4,11,2004,VINTAGE CARS,0.16022099447513816,S18_2957,"AUSTRALIAN COLLECTORS, CO.",03 9520 4555,636 ST KILDA ROAD,MELBOURNE,3004,AUSTRALIA,APAC,FERGUSON,PETER,SMALL,2004,11,4
10346,0.5901639344262295,0.12623085339168488,0.1176470588235294,0.13825043683952035,2004-11-29,SHIPPED,4,11,2004,VINTAGE CARS,0.3812154696132597,S18_1342,SIGNAL GIFT STORES,7025551838,8489 STRONG ST.,LAS VEGAS,83030,USA,DESCONOCIDO,KING,SUE,SMALL,2004,11,4
10347,0.6885245901639344,1.0,0.47058823529411764,0.5789695598862713,2004-11-29,SHIPPED,4,11,2004,VINTAGE CARS,0.37569060773480667,S18_2949,"AUSTRALIAN COLLECTORS, CO.",03 9520 4555,636 ST KILDA ROAD,MELBOURNE,3004,AUSTRALIA,APAC,FERGUSON,PETER,MEDIUM,2004,11,4
10347,0.34426229508196726,1.0,0.058823529411764705,0.5273306181905656,2004-11-29,SHIPPED,4,11,2004,CLASSIC CARS,0.6298342541436464,S10_4962,"AUSTRALIAN COLLECTORS, CO.",03 9520 4555,636 ST KILDA ROAD,MELBOURNE,3004,AUSTRALIA,APAC,FERGUSON,PETER,MEDIUM,2004,11,4
10347,0.639344262295082,1.0,0.1764705882352941,0.7219990043734067,2004-11-29,SHIPPED,4,11,2004,TRUCKS AND BUSES,0.4861878453038674,S18_4600,"AUSTRALIAN COLLECTORS, CO.",03 9520 4555,636 ST KILDA ROAD,MELBOURNE,3004,AUSTRALIA,APAC,FERGUSON,PETER,MEDIUM,2004,11,4
10347,0.7213114754098361,1.0,0.4117647058823529,0.848938053984344,2004-11-29,SHIPPED,4,11,2004,TRUCKS AND BUSES,0.14917127071823205,S18_2432,"AUSTRALIAN COLLECTORS, CO.",03 9520 4555,636 ST KILDA ROAD,MELBOURNE,3004,AUSTRALIA,APAC,FERGUSON,PETER,MEDIUM,2004,11,4
10346,0.3114754098360656,1.0,0.0,0.3200197788907116,2004-11-29,SHIPPED,4,11,2004,CLASSIC CARS,0.3149171270718232,S24_2766,SIGNAL GIFT STORES,7025551838,8489 STRONG ST.,LAS VEGAS,83030,USA,DESCONOCIDO,KING,SUE,SMALL,2004,11,4
10346,0.3278688524590164,0.9436542669584245,0.2941176470588235,0.2687189493132515,2004-11-29,SHIPPED,4,11,2004,CLASSIC CARS,0.4088397790055248,S24_3432,SIGNAL GIFT STORES,7025551838,8489 STRONG ST.,LAS VEGAS,83030,USA,DESCONOCIDO,KING,SUE,SMALL,2004,11,4
10346,0.29508196721311475,0.8254923413566739,0.23529411764705882,0.21538009214557535,2004-11-29,SHIPPED,4,11,2004,CLASSIC CARS,0.4640883977900553,S24_2887,SIGNAL GIFT STORES,7025551838,8489 STRONG ST.,LAS VEGAS,83030,USA,DESCONOCIDO,KING,SUE,SMALL,2004,11,4
10347,0.2459016393442623,1.0,0.2941176470588235,0.5790898369243825,2004-11-29,SHIPPED,4,11,2004,VINTAGE CARS,0.7458563535911602,S18_2795,"AUSTRALIAN COLLECTORS, CO.",03 9520 4555,636 ST KILDA ROAD,MELBOURNE,3004,AUSTRALIA,APAC,FERGUSON,PETER,MEDIUM,2004,11,4
10347,0.3278688524590164,1.0,0.6470588235294117,0.2906441169493734,2004-11-29,SHIPPED,4,11,2004,VINTAGE CARS,0.3646408839779005,S18_3320,"AUSTRALIAN COLLECTORS, CO.",03 9520 4555,636 ST KILDA ROAD,MELBOURNE,3004,AUSTRALIA,APAC,FERGUSON,PETER,SMALL,2004,11,4
10346,0.29508196721311475,1.0,0.058823529411764705,0.38004737578890047,2004-11-29,SHIPPED,4,11,2004,CLASSIC CARS,0.287292817679558,S24_3191,SIGNAL GIFT STORES,7025551838,8489 STRONG ST.,LAS VEGAS,83030,USA,DESCONOCIDO,KING,SUE,MEDIUM,2004,11,4
10347,0.639344262295082,1.0,0.5882352941176471,0.5968507462187906,2004-11-29,SHIPPED,4,11,2004,VINTAGE CARS,0.39226519337016574,S18_3136,"AUSTRALIAN COLLECTORS, CO.",03 9520 4555,636 ST KILDA ROAD,MELBOURNE,3004,AUSTRALIA,APAC,FERGUSON,PETER,MEDIUM,2004,11,4
10349,0.459016393442623,1.0,0.23529411764705882,0.5228990775419383,2004-12-01,SHIPPED,4,12,2004,CLASSIC CARS,0.6077348066298343,S18_4027,MUSCLE MACHINE INC,2125557413,4092 FURTH CIRCLE,NYC,10022,USA,DESCONOCIDO,YOUNG,JEFF,MEDIUM,2004,12,4
10349,0.3278688524590164,1.0,0.5294117647058824,0.5247326341673656,2004-12-01,SHIPPED,4,12,2004,CLASSIC CARS,0.7734806629834254,S12_3891,MUSCLE MACHINE INC,2125557413,4092 FURTH CIRCLE,NYC,10022,USA,DESCONOCIDO,YOUNG,JEFF,MEDIUM,2004,12,4
10349,0.6885245901639344,1.0,0.2941176470588235,0.9240844745731001,2004-12-01,SHIPPED,4,12,2004,CLASSIC CARS,0.7513812154696132,S18_3232,MUSCLE MACHINE INC,2125557413,4092 FURTH CIRCLE,NYC,10022,USA,DESCONOCIDO,YOUNG,JEFF,LARGE,2004,12,4
10349,0.4426229508196722,0.2687363238512035,0.0,0.1407722454052501,2004-12-01,SHIPPED,4,12,2004,TRUCKS AND BUSES,0.11602209944751385,S32_2509,MUSCLE MACHINE INC,2125557413,4092 FURTH CIRCLE,NYC,10022,USA,DESCONOCIDO,YOUNG,JEFF,SMALL,2004,12,4
10349,0.6885245901639344,0.28063457330415753,0.1764705882352941,0.23962794302877627,2004-12-01,SHIPPED,4,12,2004,CLASSIC CARS,0.13259668508287292,S24_1444,MUSCLE MACHINE INC,2125557413,4092 FURTH CIRCLE,NYC,10022,USA,DESCONOCIDO,YOUNG,JEFF,SMALL,2004,12,4
10349,0.5245901639344263,1.0,0.3529411764705882,0.6336394829423773,2004-12-01,SHIPPED,4,12,2004,TRUCKS AND BUSES,0.4917127071823204,S18_2319,MUSCLE MACHINE INC,2125557413,4092 FURTH CIRCLE,NYC,10022,USA,DESCONOCIDO,YOUNG,JEFF,MEDIUM,2004,12,4
10349,0.6885245901639344,1.0,0.47058823529411764,0.6349064010771477,2004-12-01,SHIPPED,4,12,2004,TRUCKS AND BUSES,0.4696132596685083,S12_4473,MUSCLE MACHINE INC,2125557413,4092 FURTH CIRCLE,NYC,10022,USA,DESCONOCIDO,YOUNG,JEFF,MEDIUM,2004,12,4
10349,0.5245901639344263,1.0,0.4117647058823529,0.8335746669829508,2004-12-01,SHIPPED,4,12,2004,CLASSIC CARS,0.718232044198895,S18_2238,MUSCLE MACHINE INC,2125557413,4092 FURTH CIRCLE,NYC,10022,USA,DESCONOCIDO,YOUNG,JEFF,MEDIUM,2004,12,4
10349,0.27868852459016397,1.0,0.058823529411764705,0.3609433729022515,2004-12-01,SHIPPED,4,12,2004,CLASSIC CARS,0.4696132596685083,S24_4048,MUSCLE MACHINE INC,2125557413,4092 FURTH CIRCLE,NYC,10022,USA,DESCONOCIDO,YOUNG,JEFF,MEDIUM,2004,12,4
10349,0.4918032786885246,0.14018052516411383,0.1176470588235294,0.11420304768650458,2004-12-01,SHIPPED,4,12,2004,CLASSIC CARS,0.011049723756906105,S24_2840,MUSCLE MACHINE INC,2125557413,4092 FURTH CIRCLE,NYC,10022,USA,DESCONOCIDO,YOUNG,JEFF,SMALL,2004,12,4
10350,0.2295081967213115,1.0,0.8235294117647058,0.235511795502307,2004-12-02,SHIPPED,4,12,2004,SHIPS,0.11602209944751385,S72_3212,EURO SHOPPING CHANNEL,(91) 555 94 44,"C/ MORALZARZAL, 86",MADRID,28034,SPAIN,EMEA,FREYRE,DIEGO,SMALL,2004,12,4
10350,0.3934426229508197,1.0,0.47058823529411764,0.33929751527685437,2004-12-02,SHIPPED,4,12,2004,VINTAGE CARS,0.30386740331491713,S24_3151,EURO SHOPPING CHANNEL,(91) 555 94 44,"C/ MORALZARZAL, 86",MADRID,28034,SPAIN,EMEA,FREYRE,DIEGO,MEDIUM,2004,12,4
10350,0.6557377049180328,0.6809354485776806,0.5882352941176471,0.4068958835183707,2004-12-02,SHIPPED,4,12,2004,SHIPS,0.18232044198895025,S700_1138,EURO SHOPPING CHANNEL,(91) 555 94 44,"C/ MORALZARZAL, 86",MADRID,28034,SPAIN,EMEA,FREYRE,DIEGO,MEDIUM,2004,12,4
10350,0.4098360655737705,0.6088621444201313,0.4117647058823529,0.23136891974514634,2004-12-02,SHIPPED,4,12,2004,TRUCKS AND BUSES,0.4530386740331491,S50_1392,EURO SHOPPING CHANNEL,(91) 555 94 44,"C/ MORALZARZAL, 86",MADRID,28034,SPAIN,EMEA,FREYRE,DIEGO,SMALL,2004,12,4
10350,0.3934426229508197,1.0,0.1176470588235294,0.33957816169911365,2004-12-02,SHIPPED,4,12,2004,VINTAGE CARS,0.2983425414364641,S18_4522,EURO SHOPPING CHANNEL,(91) 555 94 44,"C/ MORALZARZAL, 86",MADRID,28034,SPAIN,EMEA,FREYRE,DIEGO,MEDIUM,2004,12,4
10350,0.3278688524590164,0.6645240700218817,0.23529411764705882,0.19780093481986843,2004-12-02,SHIPPED,4,12,2004,CLASSIC CARS,0.569060773480663,S10_4757,EURO SHOPPING CHANNEL,(91) 555 94 44,"C/ MORALZARZAL, 86",MADRID,28034,SPAIN,EMEA,FREYRE,DIEGO,SMALL,2004,12,4
10350,0.36065573770491804,1.0,0.1764705882352941,0.3263770885606514,2004-12-02,SHIPPED,4,12,2004,SHIPS,0.2928176795580111,S700_1938,EURO SHOPPING CHANNEL,(91) 555 94 44,"C/ MORALZARZAL, 86",MADRID,28034,SPAIN,EMEA,FREYRE,DIEGO,SMALL,2004,12,4
10350,0.34426229508196726,1.0,0.7647058823529411,0.5244439692758988,2004-12-02,SHIPPED,4,12,2004,TRAINS,0.16022099447513816,S32_3207,EURO SHOPPING CHANNEL,(91) 555 94 44,"C/ MORALZARZAL, 86",MADRID,28034,SPAIN,EMEA,FREYRE,DIEGO,MEDIUM,2004,12,4
10350,0.3114754098360656,1.0,0.8823529411764706,0.3170796735146621,2004-12-02,SHIPPED,4,12,2004,SHIPS,0.3646408839779005,S700_3962,EURO SHOPPING CHANNEL,(91) 555 94 44,"C/ MORALZARZAL, 86",MADRID,28034,SPAIN,EMEA,FREYRE,DIEGO,SMALL,2004,12,4
10350,0.6229508196721312,1.0,0.9411764705882353,0.80301628083352,2004-12-02,SHIPPED,4,12,2004,TRAINS,0.13812154696132595,S50_1514,EURO SHOPPING CHANNEL,(91) 555 94 44,"C/ MORALZARZAL, 86",MADRID,28034,SPAIN,EMEA,FREYRE,DIEGO,MEDIUM,2004,12,4
10350,0.5737704918032788,0.9048140043763677,0.058823529411764705,0.4453604803063055,2004-12-02,SHIPPED,4,12,2004,TRAINS,0.37016574585635353,S18_3259,EURO SHOPPING CHANNEL,(91) 555 94 44,"C/ MORALZARZAL, 86",MADRID,28034,SPAIN,EMEA,FREYRE,DIEGO,MEDIUM,2004,12,4
10350,0.4098360655737705,0.6900984682713349,0.7058823529411764,0.25597760174268064,2004-12-02,SHIPPED,4,12,2004,SHIPS,0.37016574585635353,S700_3505,EURO SHOPPING CHANNEL,(91) 555 94 44,"C/ MORALZARZAL, 86",MADRID,28034,SPAIN,EMEA,FREYRE,DIEGO,SMALL,2004,12,4
10350,0.459016393442623,0.32070568927789933,0.3529411764705882,0.16425700530221277,2004-12-02,SHIPPED,4,12,2004,SHIPS,0.4917127071823204,S24_2011,EURO SHOPPING CHANNEL,(91) 555 94 44,"C/ MORALZARZAL, 86",MADRID,28034,SPAIN,EMEA,FREYRE,DIEGO,SMALL,2004,12,4
10350,0.6229508196721312,1.0,0.0,0.6293148552165154,2004-12-02,SHIPPED,4,12,2004,VINTAGE CARS,0.569060773480663,S18_3140,EURO SHOPPING CHANNEL,(91) 555 94 44,"C/ MORALZARZAL, 86",MADRID,28034,SPAIN,EMEA,FREYRE,DIEGO,MEDIUM,2004,12,4
10350,0.6065573770491803,0.5209245076586433,0.2941176470588235,0.3089222175076593,2004-12-02,SHIPPED,4,12,2004,SHIPS,0.2928176795580111,S18_3029,EURO SHOPPING CHANNEL,(91) 555 94 44,"C/ MORALZARZAL, 86",MADRID,28034,SPAIN,EMEA,FREYRE,DIEGO,SMALL,2004,12,4
10350,0.3114754098360656,0.4576039387308535,0.5294117647058824,0.1371652706734512,2004-12-02,SHIPPED,4,12,2004,VINTAGE CARS,0.27624309392265195,S24_3816,EURO SHOPPING CHANNEL,(91) 555 94 44,"C/ MORALZARZAL, 86",MADRID,28034,SPAIN,EMEA,FREYRE,DIEGO,SMALL,2004,12,4
10350,0.3770491803278689,0.6628829321663019,0.6470588235294117,0.22759355715999185,2004-12-02,SHIPPED,4,12,2004,SHIPS,0.2154696132596685,S700_2610,EURO SHOPPING CHANNEL,(91) 555 94 44,"C/ MORALZARZAL, 86",MADRID,28034,SPAIN,EMEA,FREYRE,DIEGO,SMALL,2004,12,4
10351,0.5409836065573771,0.9934354485776804,0.0,0.45426632677266643,2004-12-03,SHIPPED,4,12,2004,PLANES,0.6850828729281768,S18_1662,"STYLISH DESK DECORS, CO.",(171) 555-0297,35 KING GEORGE,LONDON,WX3 6FW,UK,EMEA,BROWN,ANN,MEDIUM,2004,12,4
10351,0.459016393442623,0.44433807439824946,0.1176470588235294,0.2053329502286934,2004-12-03,SHIPPED,4,12,2004,PLANES,0.19337016574585636,S24_3949,"STYLISH DESK DECORS, CO.",(171) 555-0297,35 KING GEORGE,LONDON,WX3 6FW,UK,EMEA,BROWN,ANN,SMALL,2004,12,4
10351,0.5245901639344263,0.5675601750547046,0.1764705882352941,0.28282610947215087,2004-12-03,SHIPPED,4,12,2004,VINTAGE CARS,0.17679558011049723,S24_3420,"STYLISH DESK DECORS, CO.",(171) 555-0297,35 KING GEORGE,LONDON,WX3 6FW,UK,EMEA,BROWN,ANN,SMALL,2004,12,4
10351,0.3114754098360656,0.6537199124726478,0.23529411764705882,0.18507562418771237,2004-12-03,SHIPPED,4,12,2004,PLANES,0.19337016574585636,S24_2841,"STYLISH DESK DECORS, CO.",(171) 555-0297,35 KING GEORGE,LONDON,WX3 6FW,UK,EMEA,BROWN,ANN,SMALL,2004,12,4
10351,0.2295081967213115,1.0,0.058823529411764705,0.3865530271391772,2004-12-03,SHIPPED,4,12,2004,VINTAGE CARS,0.39779005524861877,S18_3856,"STYLISH DESK DECORS, CO.",(171) 555-0297,35 KING GEORGE,LONDON,WX3 6FW,UK,EMEA,BROWN,ANN,MEDIUM,2004,12,4
10352,0.7049180327868853,1.0,0.058823529411764705,0.5951241025161288,2004-12-03,SHIPPED,4,12,2004,PLANES,0.3646408839779005,S700_2466,AUTO-MOTO CLASSICS INC.,6175558428,16780 POMPTON ST.,BRICKHAVEN,58339,USA,DESCONOCIDO,TAYLOR,LESLIE,MEDIUM,2004,12,4
10352,0.26229508196721313,0.6650711159737419,0.0,0.157574947629373,2004-12-03,SHIPPED,4,12,2004,PLANES,0.22651933701657456,S700_4002,AUTO-MOTO CLASSICS INC.,6175558428,16780 POMPTON ST.,BRICKHAVEN,58339,USA,DESCONOCIDO,TAYLOR,LESLIE,SMALL,2004,12,4
10352,0.7049180327868853,0.3522975929978118,0.1764705882352941,0.28027623626419523,2004-12-03,SHIPPED,4,12,2004,PLANES,0.08839779005524862,S72_1253,AUTO-MOTO CLASSICS INC.,6175558428,16780 POMPTON ST.,BRICKHAVEN,58339,USA,DESCONOCIDO,TAYLOR,LESLIE,SMALL,2004,12,4
10352,0.27868852459016397,1.0,0.1176470588235294,0.24998112318707422,2004-12-03,SHIPPED,4,12,2004,SHIPS,0.3149171270718232,S700_2047,AUTO-MOTO CLASSICS INC.,6175558428,16780 POMPTON ST.,BRICKHAVEN,58339,USA,DESCONOCIDO,TAYLOR,LESLIE,SMALL,2004,12,4
10353,0.5573770491803279,0.24111050328227568,0.3529411764705882,0.1735023002983539,2004-12-04,SHIPPED,4,12,2004,VINTAGE CARS,0.19337016574585636,S32_4289,GIFT IDEAS CORP.,2035554407,2440 POMPTON ST.,GLENDALE,97561,USA,DESCONOCIDO,LEWIS,DAN,SMALL,2004,12,4
10353,0.6065573770491803,0.7531455142231949,0.2941176470588235,0.406498969292604,2004-12-04,SHIPPED,4,12,2004,PLANES,0.2596685082872928,S700_3167,GIFT IDEAS CORP.,2035554407,2440 POMPTON ST.,GLENDALE,97561,USA,DESCONOCIDO,LEWIS,DAN,MEDIUM,2004,12,4
10353,0.34426229508196726,1.0,0.0,0.4054057846573274,2004-12-04,SHIPPED,4,12,2004,PLANES,0.281767955801105,S18_2581,GIFT IDEAS CORP.,2035554407,2440 POMPTON ST.,GLENDALE,97561,USA,DESCONOCIDO,LEWIS,DAN,MEDIUM,2004,12,4
10353,0.6885245901639344,0.5733041575492341,0.1764705882352941,0.37690413585959665,2004-12-04,SHIPPED,4,12,2004,PLANES,0.4696132596685083,S700_2834,GIFT IDEAS CORP.,2035554407,2440 POMPTON ST.,GLENDALE,97561,USA,DESCONOCIDO,LEWIS,DAN,MEDIUM,2004,12,4
10353,0.6557377049180328,0.7424781181619255,0.23529411764705882,0.43455960228392737,2004-12-04,SHIPPED,4,12,2004,MOTORCYCLES,0.3646408839779005,S32_1374,GIFT IDEAS CORP.,2035554407,2440 POMPTON ST.,GLENDALE,97561,USA,DESCONOCIDO,LEWIS,DAN,MEDIUM,2004,12,4
10353,0.5409836065573771,1.0,0.47058823529411764,0.6096361953700022,2004-12-04,SHIPPED,4,12,2004,PLANES,0.3204419889502762,S700_1691,GIFT IDEAS CORP.,2035554407,2440 POMPTON ST.,GLENDALE,97561,USA,DESCONOCIDO,LEWIS,DAN,MEDIUM,2004,12,4
10353,0.36065573770491804,0.6133752735229759,0.058823529411764705,0.20397782893264155,2004-12-04,SHIPPED,4,12,2004,PLANES,0.419889502762431,S24_1785,GIFT IDEAS CORP.,2035554407,2440 POMPTON ST.,GLENDALE,97561,USA,DESCONOCIDO,LEWIS,DAN,SMALL,2004,12,4
10353,0.5573770491803279,0.7567013129102844,0.4117647058823529,0.3750331597112015,2004-12-04,SHIPPED,4,12,2004,VINTAGE CARS,0.05524861878453041,S50_1341,GIFT IDEAS CORP.,2035554407,2440 POMPTON ST.,GLENDALE,97561,USA,DESCONOCIDO,LEWIS,DAN,MEDIUM,2004,12,4
10353,0.47540983606557385,0.861870897155361,0.1176470588235294,0.3560694800356822,2004-12-04,SHIPPED,4,12,2004,PLANES,0.2154696132596685,S24_4278,GIFT IDEAS CORP.,2035554407,2440 POMPTON ST.,GLENDALE,97561,USA,DESCONOCIDO,LEWIS,DAN,MEDIUM,2004,12,4
10355,0.42622950819672134,1.0,0.4117647058823529,0.6442292079422938,2004-12-07,SHIPPED,4,12,2004,CLASSIC CARS,0.5911602209944752,S24_3856,EURO SHOPPING CHANNEL,(91) 555 94 44,"C/ MORALZARZAL, 86",MADRID,28034,SPAIN,EMEA,FREYRE,DIEGO,MEDIUM,2004,12,4
10355,0.5245901639344263,0.17710612691466077,0.5294117647058824,0.13783882208687342,2004-12-07,SHIPPED,4,12,2004,MOTORCYCLES,0.03867403314917128,S32_2206,EURO SHOPPING CHANNEL,(91) 555 94 44,"C/ MORALZARZAL, 86",MADRID,28034,SPAIN,EMEA,FREYRE,DIEGO,SMALL,2004,12,4
10355,0.6229508196721312,0.4864606126914661,0.2941176470588235,0.30278675215245787,2004-12-07,SHIPPED,4,12,2004,CLASSIC CARS,0.15469613259668508,S24_3371,EURO SHOPPING CHANNEL,(91) 555 94 44,"C/ MORALZARZAL, 86",MADRID,28034,SPAIN,EMEA,FREYRE,DIEGO,SMALL,2004,12,4
10355,0.4918032786885246,0.1591903719912473,0.1764705882352941,0.12089045100548262,2004-12-07,SHIPPED,4,12,2004,CLASSIC CARS,0.022099447513812154,S24_2972,EURO SHOPPING CHANNEL,(91) 555 94 44,"C/ MORALZARZAL, 86",MADRID,28034,SPAIN,EMEA,FREYRE,DIEGO,SMALL,2004,12,4
10355,0.3114754098360656,1.0,0.058823529411764705,0.497328179239515,2004-12-07,SHIPPED,4,12,2004,CLASSIC CARS,0.6353591160220994,S18_4721,EURO SHOPPING CHANNEL,(91) 555 94 44,"C/ MORALZARZAL, 86",MADRID,28034,SPAIN,EMEA,FREYRE,DIEGO,MEDIUM,2004,12,4
10355,0.36065573770491804,0.93695295404814,0.47058823529411764,0.2925124202746994,2004-12-07,SHIPPED,4,12,2004,CLASSIC CARS,0.2596685082872928,S24_4620,EURO SHOPPING CHANNEL,(91) 555 94 44,"C/ MORALZARZAL, 86",MADRID,28034,SPAIN,EMEA,FREYRE,DIEGO,SMALL,2004,12,4
10355,0.5737704918032788,0.5986050328227572,0.1176470588235294,0.32267923784450186,2004-12-07,SHIPPED,4,12,2004,MOTORCYCLES,0.19889502762430938,S24_2360,EURO SHOPPING CHANNEL,(91) 555 94 44,"C/ MORALZARZAL, 86",MADRID,28034,SPAIN,EMEA,FREYRE,DIEGO,SMALL,2004,12,4
10355,0.27868852459016397,1.0,0.3529411764705882,0.36026714866576015,2004-12-07,SHIPPED,4,12,2004,CLASSIC CARS,0.6243093922651933,S18_3482,EURO SHOPPING CHANNEL,(91) 555 94 44,"C/ MORALZARZAL, 86",MADRID,28034,SPAIN,EMEA,FREYRE,DIEGO,MEDIUM,2004,12,4
10355,0.5573770491803279,1.0,0.23529411764705882,0.5138061334607379,2004-12-07,SHIPPED,4,12,2004,MOTORCYCLES,0.3812154696132597,S32_4485,EURO SHOPPING CHANNEL,(91) 555 94 44,"C/ MORALZARZAL, 86",MADRID,28034,SPAIN,EMEA,FREYRE,DIEGO,MEDIUM,2004,12,4
10355,0.4098360655737705,0.3636487964989059,0.0,0.1570871574192557,2004-12-07,SHIPPED,4,12,2004,MOTORCYCLES,0.16022099447513816,S18_3782,EURO SHOPPING CHANNEL,(91) 555 94 44,"C/ MORALZARZAL, 86",MADRID,28034,SPAIN,EMEA,FREYRE,DIEGO,SMALL,2004,12,4
10356,0.26229508196721313,0.6226750547045952,0.2941176470588235,0.14846062096361953,2004-12-09,SHIPPED,4,12,2004,VINTAGE CARS,0.11049723756906077,S18_1367,LYON SOUVENIERS,+33 1 46 62 7555,27 RUE DU COLONEL PIERRE AVIA,PARIS,75508,FRANCE,EMEA,DA CUNHA,DANIEL,SMALL,2004,12,4
10356,0.3278688524590164,1.0,0.1764705882352941,0.4618063606506988,2004-12-09,SHIPPED,4,12,2004,MOTORCYCLES,0.26519337016574585,S50_4713,LYON SOUVENIERS,+33 1 46 62 7555,27 RUE DU COLONEL PIERRE AVIA,PARIS,75508,FRANCE,EMEA,DA CUNHA,DANIEL,MEDIUM,2004,12,4
10356,0.3934426229508197,1.0,0.0,0.531901145638788,2004-12-09,SHIPPED,4,12,2004,VINTAGE CARS,0.7458563535911602,S18_2795,LYON SOUVENIERS,+33 1 46 62 7555,27 RUE DU COLONEL PIERRE AVIA,PARIS,75508,FRANCE,EMEA,DA CUNHA,DANIEL,MEDIUM,2004,12,4
10356,0.6885245901639344,1.0,0.23529411764705882,1.0,2004-12-09,SHIPPED,4,12,2004,VINTAGE CARS,0.0,S24_1937,LYON SOUVENIERS,+33 1 46 62 7555,27 RUE DU COLONEL PIERRE AVIA,PARIS,75508,FRANCE,EMEA,DA CUNHA,DANIEL,LARGE,2004,12,4
10356,0.7213114754098361,0.31865426695842447,0.47058823529411764,0.27087324470697505,2004-12-09,SHIPPED,4,12,2004,VINTAGE CARS,0.3812154696132597,S18_1342,LYON SOUVENIERS,+33 1 46 62 7555,27 RUE DU COLONEL PIERRE AVIA,PARIS,75508,FRANCE,EMEA,DA CUNHA,DANIEL,SMALL,2004,12,4
10356,0.3770491803278689,1.0,0.1176470588235294,0.4207143787858033,2004-12-09,SHIPPED,4,12,2004,VINTAGE CARS,0.5193370165745856,S18_2325,LYON SOUVENIERS,+33 1 46 62 7555,27 RUE DU COLONEL PIERRE AVIA,PARIS,75508,FRANCE,EMEA,DA CUNHA,DANIEL,MEDIUM,2004,12,4
10356,0.6065573770491803,0.9671772428884025,0.4117647058823529,0.49643278351135456,2004-12-09,SHIPPED,4,12,2004,CLASSIC CARS,0.5966850828729282,S18_1129,LYON SOUVENIERS,+33 1 46 62 7555,27 RUE DU COLONEL PIERRE AVIA,PARIS,75508,FRANCE,EMEA,DA CUNHA,DANIEL,MEDIUM,2004,12,4
10356,0.34426229508196726,0.5170951859956237,0.058823529411764705,0.16898923854611791,2004-12-09,SHIPPED,4,12,2004,CLASSIC CARS,0.6022099447513812,S18_1984,LYON SOUVENIERS,+33 1 46 62 7555,27 RUE DU COLONEL PIERRE AVIA,PARIS,75508,FRANCE,EMEA,DA CUNHA,DANIEL,SMALL,2004,12,4
10356,0.3278688524590164,0.06810722100656452,0.3529411764705882,0.0462705765613463,2004-12-09,SHIPPED,4,12,2004,VINTAGE CARS,0.06077348066298344,S24_2022,LYON SOUVENIERS,+33 1 46 62 7555,27 RUE DU COLONEL PIERRE AVIA,PARIS,75508,FRANCE,EMEA,DA CUNHA,DANIEL,SMALL,2004,12,4
10357,0.7049180327868853,1.0,0.4117647058823529,0.7321169761016207,2004-12-10,SHIPPED,4,12,2004,TRUCKS AND BUSES,0.569060773480663,S12_1666,MINI GIFTS DISTRIBUTORS LTD.,4155551450,5677 STRONG ST.,SAN RAFAEL,97562,USA,DESCONOCIDO,NELSON,VALARIE,MEDIUM,2004,12,4
10357,0.5409836065573771,0.9726477024070022,0.0,0.4463440791957476,2004-12-10,SHIPPED,4,12,2004,TRUCKS AND BUSES,0.45856353591160215,S18_1097,MINI GIFTS DISTRIBUTORS LTD.,4155551450,5677 STRONG ST.,SAN RAFAEL,97562,USA,DESCONOCIDO,NELSON,VALARIE,MEDIUM,2004,12,4
10358,0.7049180327868853,0.38922319474835887,0.23529411764705882,0.29795696086652923,2004-12-10,SHIPPED,4,12,2004,CLASSIC CARS,0.6519337016574586,S12_3148,EURO SHOPPING CHANNEL,(91) 555 94 44,"C/ MORALZARZAL, 86",MADRID,28034,SPAIN,EMEA,FREYRE,DIEGO,SMALL,2004,12,4
10357,0.42622950819672134,1.0,0.5294117647058824,0.6962316535754021,2004-12-10,SHIPPED,4,12,2004,CLASSIC CARS,0.9999999999999999,S10_1949,MINI GIFTS DISTRIBUTORS LTD.,4155551450,5677 STRONG ST.,SAN RAFAEL,97562,USA,DESCONOCIDO,NELSON,VALARIE,MEDIUM,2004,12,4
10357,0.6065573770491803,1.0,0.47058823529411764,0.7081364075253334,2004-12-10,SHIPPED,4,12,2004,CLASSIC CARS,0.6298342541436464,S10_4962,MINI GIFTS DISTRIBUTORS LTD.,4155551450,5677 STRONG ST.,SAN RAFAEL,97562,USA,DESCONOCIDO,NELSON,VALARIE,MEDIUM,2004,12,4
10358,0.5901639344262295,0.5098468271334792,0.47058823529411764,0.2956930797269711,2004-12-10,SHIPPED,4,12,2004,TRUCKS AND BUSES,0.4696132596685083,S12_4473,EURO SHOPPING CHANNEL,(91) 555 94 44,"C/ MORALZARZAL, 86",MADRID,28034,SPAIN,EMEA,FREYRE,DIEGO,SMALL,2004,12,4
10358,0.2295081967213115,1.0,0.5294117647058824,0.26004831127697464,2004-12-10,SHIPPED,4,12,2004,CLASSIC CARS,0.718232044198895,S18_2238,EURO SHOPPING CHANNEL,(91) 555 94 44,"C/ MORALZARZAL, 86",MADRID,28034,SPAIN,EMEA,FREYRE,DIEGO,SMALL,2004,12,4
10358,0.5737704918032788,1.0,0.2941176470588235,0.8506085684025539,2004-12-10,SHIPPED,4,12,2004,VINTAGE CARS,0.35359116022099446,S24_4258,EURO SHOPPING CHANNEL,(91) 555 94 44,"C/ MORALZARZAL, 86",MADRID,28034,SPAIN,EMEA,FREYRE,DIEGO,MEDIUM,2004,12,4
10357,0.5737704918032788,0.8239879649890589,0.2941176470588235,0.4129778924121894,2004-12-10,SHIPPED,4,12,2004,VINTAGE CARS,0.37569060773480667,S18_2949,MINI GIFTS DISTRIBUTORS LTD.,4155551450,5677 STRONG ST.,SAN RAFAEL,97562,USA,DESCONOCIDO,NELSON,VALARIE,MEDIUM,2004,12,4
10357,0.6229508196721312,1.0,0.1764705882352941,0.6252575097975671,2004-12-10,SHIPPED,4,12,2004,VINTAGE CARS,0.39226519337016574,S18_3136,MINI GIFTS DISTRIBUTORS LTD.,4155551450,5677 STRONG ST.,SAN RAFAEL,97562,USA,DESCONOCIDO,NELSON,VALARIE,MEDIUM,2004,12,4
10358,0.3114754098360656,1.0,0.7058823529411764,0.27344583691101837,2004-12-10,SHIPPED,4,12,2004,CLASSIC CARS,0.6077348066298343,S18_4027,EURO SHOPPING CHANNEL,(91) 555 94 44,"C/ MORALZARZAL, 86",MADRID,28034,SPAIN,EMEA,FREYRE,DIEGO,SMALL,2004,12,4
10357,0.36065573770491804,1.0,0.058823529411764705,0.41128198617482264,2004-12-10,SHIPPED,4,12,2004,TRUCKS AND BUSES,0.4861878453038674,S18_4600,MINI GIFTS DISTRIBUTORS LTD.,4155551450,5677 STRONG ST.,SAN RAFAEL,97562,USA,DESCONOCIDO,NELSON,VALARIE,MEDIUM,2004,12,4
10358,0.3934426229508197,1.0,0.4117647058823529,0.6442398992345704,2004-12-10,SHIPPED,4,12,2004,VINTAGE CARS,0.09392265193370164,S18_4668,EURO SHOPPING CHANNEL,(91) 555 94 44,"C/ MORALZARZAL, 86",MADRID,28034,SPAIN,EMEA,FREYRE,DIEGO,MEDIUM,2004,12,4
10357,0.3114754098360656,1.0,0.1176470588235294,0.28360256457373484,2004-12-10,SHIPPED,4,12,2004,VINTAGE CARS,0.3646408839779005,S18_3320,MINI GIFTS DISTRIBUTORS LTD.,4155551450,5677 STRONG ST.,SAN RAFAEL,97562,USA,DESCONOCIDO,NELSON,VALARIE,SMALL,2004,12,4
10358,0.5737704918032788,1.0,0.0,0.5273306181905656,2004-12-10,SHIPPED,4,12,2004,TRUCKS AND BUSES,0.34806629834254144,S32_1268,EURO SHOPPING CHANNEL,(91) 555 94 44,"C/ MORALZARZAL, 86",MADRID,28034,SPAIN,EMEA,FREYRE,DIEGO,MEDIUM,2004,12,4
10358,0.42622950819672134,0.910968271334792,0.6470588235294117,0.3353791566575011,2004-12-10,SHIPPED,4,12,2004,CLASSIC CARS,0.7513812154696132,S18_3232,EURO SHOPPING CHANNEL,(91) 555 94 44,"C/ MORALZARZAL, 86",MADRID,28034,SPAIN,EMEA,FREYRE,DIEGO,SMALL,2004,12,4
10358,0.6229508196721312,0.46334792122538293,0.7647058823529411,0.2928491959814105,2004-12-10,SHIPPED,4,12,2004,CLASSIC CARS,0.13259668508287292,S24_1444,EURO SHOPPING CHANNEL,(91) 555 94 44,"C/ MORALZARZAL, 86",MADRID,28034,SPAIN,EMEA,FREYRE,DIEGO,SMALL,2004,12,4
10358,0.34426229508196726,1.0,0.1176470588235294,0.438241416061662,2004-12-10,SHIPPED,4,12,2004,CLASSIC CARS,0.37569060773480667,S700_2824,EURO SHOPPING CHANNEL,(91) 555 94 44,"C/ MORALZARZAL, 86",MADRID,28034,SPAIN,EMEA,FREYRE,DIEGO,MEDIUM,2004,12,4
10357,0.7049180327868853,0.5976477024070022,0.23529411764705882,0.39775482862192585,2004-12-10,SHIPPED,4,12,2004,VINTAGE CARS,0.16022099447513816,S18_2957,MINI GIFTS DISTRIBUTORS LTD.,4155551450,5677 STRONG ST.,SAN RAFAEL,97562,USA,DESCONOCIDO,NELSON,VALARIE,MEDIUM,2004,12,4
10358,0.2295081967213115,0.1304704595185996,0.5882352941176471,0.03291180686180502,2004-12-10,SHIPPED,4,12,2004,TRUCKS AND BUSES,0.4917127071823204,S18_2319,EURO SHOPPING CHANNEL,(91) 555 94 44,"C/ MORALZARZAL, 86",MADRID,28034,SPAIN,EMEA,FREYRE,DIEGO,SMALL,2004,12,4
10358,0.5737704918032788,1.0,0.3529411764705882,0.6952707736820476,2004-12-10,SHIPPED,4,12,2004,TRUCKS AND BUSES,0.5193370165745856,S24_2300,EURO SHOPPING CHANNEL,(91) 555 94 44,"C/ MORALZARZAL, 86",MADRID,28034,SPAIN,EMEA,FREYRE,DIEGO,MEDIUM,2004,12,4
10357,0.5737704918032788,0.4801695842450766,0.3529411764705882,0.2752286098981321,2004-12-10,SHIPPED,4,12,2004,TRUCKS AND BUSES,0.14917127071823205,S18_2432,MINI GIFTS DISTRIBUTORS LTD.,4155551450,5677 STRONG ST.,SAN RAFAEL,97562,USA,DESCONOCIDO,NELSON,VALARIE,SMALL,2004,12,4
10358,0.4918032786885246,1.0,0.058823529411764705,0.6932648199686612,2004-12-10,SHIPPED,4,12,2004,TRUCKS AND BUSES,0.1712707182320442,S32_3522,EURO SHOPPING CHANNEL,(91) 555 94 44,"C/ MORALZARZAL, 86",MADRID,28034,SPAIN,EMEA,FREYRE,DIEGO,MEDIUM,2004,12,4
10358,0.4918032786885246,0.7666849015317285,0.1764705882352941,0.33459869232131345,2004-12-10,SHIPPED,4,12,2004,CLASSIC CARS,0.011049723756906105,S24_2840,EURO SHOPPING CHANNEL,(91) 555 94 44,"C/ MORALZARZAL, 86",MADRID,28034,SPAIN,EMEA,FREYRE,DIEGO,SMALL,2004,12,4
10359,0.26229508196721313,1.0,0.3529411764705882,0.28344085877805214,2004-12-15,SHIPPED,4,12,2004,CLASSIC CARS,0.4696132596685083,S24_4048,REIMS COLLECTABLES,26.47.1555,59 RUE DE L'ABBAYE,REIMS,51100,FRANCE,EMEA,HENRIOT,PAUL,SMALL,2004,12,4
10359,0.5901639344262295,1.0,0.4117647058823529,0.5722981935057081,2004-12-15,SHIPPED,4,12,2004,CLASSIC CARS,0.9613259668508286,S12_1108,REIMS COLLECTABLES,26.47.1555,59 RUE DE L'ABBAYE,REIMS,51100,FRANCE,EMEA,HENRIOT,PAUL,MEDIUM,2004,12,4
10359,0.7049180327868853,0.4815371991247265,0.23529411764705882,0.34215877237236436,2004-12-15,SHIPPED,4,12,2004,CLASSIC CARS,0.7734806629834254,S12_3891,REIMS COLLECTABLES,26.47.1555,59 RUE DE L'ABBAYE,REIMS,51100,FRANCE,EMEA,HENRIOT,PAUL,MEDIUM,2004,12,4
10359,0.6885245901639344,0.3801969365426696,0.2941176470588235,0.28632750769271886,2004-12-15,SHIPPED,4,12,2004,CLASSIC CARS,0.569060773480663,S10_4757,REIMS COLLECTABLES,26.47.1555,59 RUE DE L'ABBAYE,REIMS,51100,FRANCE,EMEA,HENRIOT,PAUL,SMALL,2004,12,4
10359,0.6557377049180328,1.0,0.058823529411764705,0.5899682268157657,2004-12-15,SHIPPED,4,12,2004,TRUCKS AND BUSES,0.4530386740331491,S50_1392,REIMS COLLECTABLES,26.47.1555,59 RUE DE L'ABBAYE,REIMS,51100,FRANCE,EMEA,HENRIOT,PAUL,MEDIUM,2004,12,4
10359,0.4918032786885246,1.0,0.1176470588235294,0.7853489203465316,2004-12-15,SHIPPED,4,12,2004,TRUCKS AND BUSES,0.11602209944751385,S32_2509,REIMS COLLECTABLES,26.47.1555,59 RUE DE L'ABBAYE,REIMS,51100,FRANCE,EMEA,HENRIOT,PAUL,MEDIUM,2004,12,4
10359,0.3114754098360656,0.5203774617067835,0.1764705882352941,0.15250059303261845,2004-12-15,SHIPPED,4,12,2004,TRAINS,0.13812154696132595,S50_1514,REIMS COLLECTABLES,26.47.1555,59 RUE DE L'ABBAYE,REIMS,51100,FRANCE,EMEA,HENRIOT,PAUL,SMALL,2004,12,4
10359,0.26229508196721313,1.0,0.0,0.5103875927553131,2004-12-15,SHIPPED,4,12,2004,TRAINS,0.16022099447513816,S32_3207,REIMS COLLECTABLES,26.47.1555,59 RUE DE L'ABBAYE,REIMS,51100,FRANCE,EMEA,HENRIOT,PAUL,MEDIUM,2004,12,4
10361,0.47540983606557385,1.0,0.5882352941176471,0.5071975784222994,2004-12-17,SHIPPED,4,12,2004,PLANES,0.22651933701657456,S700_4002,SOUVENIERS AND THINGS CO.,+61 2 9495 8555,"MONITOR MONEY BUILDING, 815 PACIFIC HWY",CHATSWOOD,2067,AUSTRALIA,APAC,HUXLEY,ADRIAN,MEDIUM,2004,12,4
10361,0.2295081967213115,0.624589715536105,0.7058823529411764,0.12948090434968546,2004-12-17,SHIPPED,4,12,2004,MOTORCYCLES,0.3425414364640884,S10_1678,SOUVENIERS AND THINGS CO.,+61 2 9495 8555,"MONITOR MONEY BUILDING, 815 PACIFIC HWY",CHATSWOOD,2067,AUSTRALIA,APAC,HUXLEY,ADRIAN,SMALL,2004,12,4
10361,0.29508196721311475,0.25314551422319476,0.7647058823529411,0.0811509176135699,2004-12-17,SHIPPED,4,12,2004,SHIPS,0.3149171270718232,S700_2047,SOUVENIERS AND THINGS CO.,+61 2 9495 8555,"MONITOR MONEY BUILDING, 815 PACIFIC HWY",CHATSWOOD,2067,AUSTRALIA,APAC,HUXLEY,ADRIAN,SMALL,2004,12,4
10361,0.27868852459016397,0.9343544857768054,0.6470588235294117,0.2281882602928746,2004-12-17,SHIPPED,4,12,2004,PLANES,0.08839779005524862,S72_1253,SOUVENIERS AND THINGS CO.,+61 2 9495 8555,"MONITOR MONEY BUILDING, 815 PACIFIC HWY",CHATSWOOD,2067,AUSTRALIA,APAC,HUXLEY,ADRIAN,SMALL,2004,12,4
10361,0.4426229508196722,0.761898249452954,0.1176470588235294,0.29980254519576754,2004-12-17,SHIPPED,4,12,2004,VINTAGE CARS,0.05524861878453041,S50_1341,SOUVENIERS AND THINGS CO.,+61 2 9495 8555,"MONITOR MONEY BUILDING, 815 PACIFIC HWY",CHATSWOOD,2067,AUSTRALIA,APAC,HUXLEY,ADRIAN,SMALL,2004,12,4
10361,0.3278688524590164,0.3319201312910284,0.4117647058823529,0.11329696066606751,2004-12-17,SHIPPED,4,12,2004,MOTORCYCLES,0.4696132596685083,S10_2016,SOUVENIERS AND THINGS CO.,+61 2 9495 8555,"MONITOR MONEY BUILDING, 815 PACIFIC HWY",CHATSWOOD,2067,AUSTRALIA,APAC,HUXLEY,ADRIAN,SMALL,2004,12,4
10361,0.2295081967213115,0.4603391684901531,0.1764705882352941,0.09738029928936315,2004-12-17,SHIPPED,4,12,2004,PLANES,0.3204419889502762,S700_1691,SOUVENIERS AND THINGS CO.,+61 2 9495 8555,"MONITOR MONEY BUILDING, 815 PACIFIC HWY",CHATSWOOD,2067,AUSTRALIA,APAC,HUXLEY,ADRIAN,SMALL,2004,12,4
10361,0.3114754098360656,0.48659737417943105,0.0,0.14424825180666134,2004-12-17,SHIPPED,4,12,2004,PLANES,0.2154696132596685,S24_4278,SOUVENIERS AND THINGS CO.,+61 2 9495 8555,"MONITOR MONEY BUILDING, 815 PACIFIC HWY",CHATSWOOD,2067,AUSTRALIA,APAC,HUXLEY,ADRIAN,SMALL,2004,12,4
10361,0.6229508196721312,1.0,0.5294117647058824,0.6040299489824897,2004-12-17,SHIPPED,4,12,2004,PLANES,0.2596685082872928,S700_3167,SOUVENIERS AND THINGS CO.,+61 2 9495 8555,"MONITOR MONEY BUILDING, 815 PACIFIC HWY",CHATSWOOD,2067,AUSTRALIA,APAC,HUXLEY,ADRIAN,MEDIUM,2004,12,4
10361,0.3278688524590164,1.0,0.47058823529411764,0.3037088761113097,2004-12-17,SHIPPED,4,12,2004,PLANES,0.3646408839779005,S700_2466,SOUVENIERS AND THINGS CO.,+61 2 9495 8555,"MONITOR MONEY BUILDING, 815 PACIFIC HWY",CHATSWOOD,2067,AUSTRALIA,APAC,HUXLEY,ADRIAN,SMALL,2004,12,4
10361,0.6229508196721312,0.6228118161925602,0.23529411764705882,0.3614124533508849,2004-12-17,SHIPPED,4,12,2004,PLANES,0.4696132596685083,S700_2834,SOUVENIERS AND THINGS CO.,+61 2 9495 8555,"MONITOR MONEY BUILDING, 815 PACIFIC HWY",CHATSWOOD,2067,AUSTRALIA,APAC,HUXLEY,ADRIAN,MEDIUM,2004,12,4
10361,0.459016393442623,1.0,0.2941176470588235,0.4530154455763108,2004-12-17,SHIPPED,4,12,2004,VINTAGE CARS,0.17679558011049723,S24_3420,SOUVENIERS AND THINGS CO.,+61 2 9495 8555,"MONITOR MONEY BUILDING, 815 PACIFIC HWY",CHATSWOOD,2067,AUSTRALIA,APAC,HUXLEY,ADRIAN,MEDIUM,2004,12,4
10361,0.3278688524590164,1.0,0.3529411764705882,0.43150723833897414,2004-12-17,SHIPPED,4,12,2004,PLANES,0.19337016574585636,S24_3949,SOUVENIERS AND THINGS CO.,+61 2 9495 8555,"MONITOR MONEY BUILDING, 815 PACIFIC HWY",CHATSWOOD,2067,AUSTRALIA,APAC,HUXLEY,ADRIAN,MEDIUM,2004,12,4
10361,0.7049180327868853,0.6215809628008753,0.058823529411764705,0.40921455753084607,2004-12-17,SHIPPED,4,12,2004,VINTAGE CARS,0.19337016574585636,S32_4289,SOUVENIERS AND THINGS CO.,+61 2 9495 8555,"MONITOR MONEY BUILDING, 815 PACIFIC HWY",CHATSWOOD,2067,AUSTRALIA,APAC,HUXLEY,ADRIAN,MEDIUM,2004,12,4
10362,0.7213114754098361,0.9578774617067833,0.058823529411764705,0.5831926203355061,2005-01-05,SHIPPED,1,1,2005,MOTORCYCLES,0.43646408839779005,S24_1578,TECHNICS STORES INC.,6505556809,9408 FURTH CIRCLE,BURLINGAME,94217,USA,DESCONOCIDO,HIRANO,JURI,MEDIUM,2005,1,1
10362,0.27868852459016397,0.3116794310722101,0.1176470588235294,0.08824058080445293,2005-01-05,SHIPPED,1,1,2005,MOTORCYCLES,0.14917127071823205,S18_2625,TECHNICS STORES INC.,6505556809,9408 FURTH CIRCLE,BURLINGAME,94217,USA,DESCONOCIDO,HIRANO,JURI,SMALL,2005,1,1
10362,0.26229508196721313,1.0,0.0,0.45370236110507867,2005-01-05,SHIPPED,1,1,2005,MOTORCYCLES,0.6464088397790055,S12_2823,TECHNICS STORES INC.,6505556809,9408 FURTH CIRCLE,BURLINGAME,94217,USA,DESCONOCIDO,HIRANO,JURI,MEDIUM,2005,1,1
10362,0.26229508196721313,1.0,0.1764705882352941,0.42524214106491953,2005-01-05,SHIPPED,1,1,2005,MOTORCYCLES,0.8839779005524863,S10_4698,TECHNICS STORES INC.,6505556809,9408 FURTH CIRCLE,BURLINGAME,94217,USA,DESCONOCIDO,HIRANO,JURI,MEDIUM,2005,1,1
10363,0.2459016393442623,1.0,0.8235294117647058,0.2626890604692809,2005-01-06,SHIPPED,1,1,2005,CLASSIC CARS,0.15469613259668508,S24_3371,SUOMINEN SOUVENIERS,+358 9 8045 555,"SOFTWARE ENGINEERING CENTER, SEC OY",ESPOO,FIN-02271,FINLAND,EMEA,SUOMINEN,KALLE,SMALL,2005,1,1
10364,0.6885245901639344,0.2926695842450766,0.0,0.24527294535079136,2005-01-06,SHIPPED,1,1,2005,MOTORCYCLES,0.03867403314917128,S32_2206,MARSEILLE MINI AUTOS,91.24.4555,"12, RUE DES BOUCHERS",MARSEILLE,13008,FRANCE,EMEA,LEBIHAN,LAURENCE,SMALL,2005,1,1
10363,0.26229508196721313,1.0,0.3529411764705882,0.42824104854849004,2005-01-06,SHIPPED,1,1,2005,CLASSIC CARS,0.2430939226519337,S18_1889,SUOMINEN SOUVENIERS,+358 9 8045 555,"SOFTWARE ENGINEERING CENTER, SEC OY",ESPOO,FIN-02271,FINLAND,EMEA,SUOMINEN,KALLE,MEDIUM,2005,1,1
10363,0.6065573770491803,0.4697757111597374,0.7647058823529411,0.28743004720873744,2005-01-06,SHIPPED,1,1,2005,MOTORCYCLES,0.19889502762430938,S24_2360,SUOMINEN SOUVENIERS,+358 9 8045 555,"SOFTWARE ENGINEERING CENTER, SEC OY",ESPOO,FIN-02271,FINLAND,EMEA,SUOMINEN,KALLE,SMALL,2005,1,1
10363,0.7213114754098361,1.0,0.058823529411764705,0.8144586363924907,2005-01-06,SHIPPED,1,1,2005,MOTORCYCLES,0.3646408839779005,S32_1374,SUOMINEN SOUVENIERS,+358 9 8045 555,"SOFTWARE ENGINEERING CENTER, SEC OY",ESPOO,FIN-02271,FINLAND,EMEA,SUOMINEN,KALLE,MEDIUM,2005,1,1
10363,0.2459016393442623,1.0,0.4117647058823529,0.4160903948761982,2005-01-06,SHIPPED,1,1,2005,MOTORCYCLES,0.23756906077348067,S24_2000,SUOMINEN SOUVENIERS,+358 9 8045 555,"SOFTWARE ENGINEERING CENTER, SEC OY",ESPOO,FIN-02271,FINLAND,EMEA,SUOMINEN,KALLE,MEDIUM,2005,1,1
10363,0.459016393442623,0.7486323851203502,0.23529411764705882,0.30643248281875923,2005-01-06,SHIPPED,1,1,2005,CLASSIC CARS,0.2541436464088398,S12_3990,SUOMINEN SOUVENIERS,+358 9 8045 555,"SOFTWARE ENGINEERING CENTER, SEC OY",ESPOO,FIN-02271,FINLAND,EMEA,SUOMINEN,KALLE,SMALL,2005,1,1
10363,0.4426229508196722,0.8001914660831511,0.1176470588235294,0.31215098777517547,2005-01-06,SHIPPED,1,1,2005,CLASSIC CARS,0.8895027624309392,S12_1099,SUOMINEN SOUVENIERS,+358 9 8045 555,"SOFTWARE ENGINEERING CENTER, SEC OY",ESPOO,FIN-02271,FINLAND,EMEA,SUOMINEN,KALLE,SMALL,2005,1,1
10363,0.6557377049180328,0.4570568927789934,0.5294117647058824,0.30626142214233454,2005-01-06,SHIPPED,1,1,2005,CLASSIC CARS,0.2596685082872928,S18_3278,SUOMINEN SOUVENIERS,+358 9 8045 555,"SOFTWARE ENGINEERING CENTER, SEC OY",ESPOO,FIN-02271,FINLAND,EMEA,SUOMINEN,KALLE,SMALL,2005,1,1
10363,0.36065573770491804,0.42806345733041573,0.7058823529411764,0.1532743753111333,2005-01-06,SHIPPED,1,1,2005,CLASSIC CARS,0.6353591160220994,S18_4721,SUOMINEN SOUVENIERS,+358 9 8045 555,"SOFTWARE ENGINEERING CENTER, SEC OY",ESPOO,FIN-02271,FINLAND,EMEA,SUOMINEN,KALLE,SMALL,2005,1,1
10363,0.6557377049180328,0.8420404814004376,0.2941176470588235,0.47931335175353895,2005-01-06,SHIPPED,1,1,2005,CLASSIC CARS,0.4530386740331491,S12_4675,SUOMINEN SOUVENIERS,+358 9 8045 555,"SOFTWARE ENGINEERING CENTER, SEC OY",ESPOO,FIN-02271,FINLAND,EMEA,SUOMINEN,KALLE,MEDIUM,2005,1,1
10363,0.29508196721311475,1.0,0.5882352941176471,0.4891947786401345,2005-01-06,SHIPPED,1,1,2005,CLASSIC CARS,0.6243093922651933,S18_3482,SUOMINEN SOUVENIERS,+358 9 8045 555,"SOFTWARE ENGINEERING CENTER, SEC OY",ESPOO,FIN-02271,FINLAND,EMEA,SUOMINEN,KALLE,MEDIUM,2005,1,1
10363,0.4098360655737705,0.9258752735229758,0.0,0.3274007797961304,2005-01-06,SHIPPED,1,1,2005,CLASSIC CARS,0.5911602209944752,S24_3856,SUOMINEN SOUVENIERS,+358 9 8045 555,"SOFTWARE ENGINEERING CENTER, SEC OY",ESPOO,FIN-02271,FINLAND,EMEA,SUOMINEN,KALLE,SMALL,2005,1,1
10363,0.42622950819672134,0.8512035010940919,0.6470588235294117,0.31669077775810284,2005-01-06,SHIPPED,1,1,2005,MOTORCYCLES,0.16022099447513816,S18_3782,SUOMINEN SOUVENIERS,+358 9 8045 555,"SOFTWARE ENGINEERING CENTER, SEC OY",ESPOO,FIN-02271,FINLAND,EMEA,SUOMINEN,KALLE,SMALL,2005,1,1
10363,0.459016393442623,0.9552789934354486,0.1764705882352941,0.37508928899565336,2005-01-06,SHIPPED,1,1,2005,CLASSIC CARS,0.4640883977900553,S12_3380,SUOMINEN SOUVENIERS,+358 9 8045 555,"SOFTWARE ENGINEERING CENTER, SEC OY",ESPOO,FIN-02271,FINLAND,EMEA,SUOMINEN,KALLE,MEDIUM,2005,1,1
10363,0.6065573770491803,1.0,0.47058823529411764,0.6244088884731164,2005-01-06,SHIPPED,1,1,2005,CLASSIC CARS,0.2596685082872928,S24_4620,SUOMINEN SOUVENIERS,+358 9 8045 555,"SOFTWARE ENGINEERING CENTER, SEC OY",ESPOO,FIN-02271,FINLAND,EMEA,SUOMINEN,KALLE,MEDIUM,2005,1,1
10365,0.3934426229508197,0.8230306345733043,0.0,0.2846115552823337,2005-01-07,SHIPPED,1,1,2005,CLASSIC CARS,0.5966850828729282,S18_1129,MINI CREATIONS LTD.,5085559555,4575 HILLSIDE DR.,NEW BEDFORD,50553,USA,DESCONOCIDO,TAM,WING C,SMALL,2005,1,1
10365,0.26229508196721313,1.0,0.1176470588235294,0.3933125966810219,2005-01-07,SHIPPED,1,1,2005,MOTORCYCLES,0.3812154696132597,S32_4485,MINI CREATIONS LTD.,5085559555,4575 HILLSIDE DR.,NEW BEDFORD,50553,USA,DESCONOCIDO,TAM,WING C,MEDIUM,2005,1,1
10365,0.6229508196721312,1.0,0.058823529411764705,0.6016778646816501,2005-01-07,SHIPPED,1,1,2005,MOTORCYCLES,0.26519337016574585,S50_4713,MINI CREATIONS LTD.,5085559555,4575 HILLSIDE DR.,NEW BEDFORD,50553,USA,DESCONOCIDO,TAM,WING C,MEDIUM,2005,1,1
10366,0.7049180327868853,1.0,0.058823529411764705,0.7567390222145008,2005-01-10,SHIPPED,1,1,2005,CLASSIC CARS,0.5469613259668508,S18_2870,ROYALE BELGE,(071) 23 67 2555,"BOULEVARD TIROU, 255",CHARLEROI,B-6000,BELGIUM,EMEA,CARTRAIN,PASCALE,MEDIUM,2005,1,1
10366,0.459016393442623,1.0,0.0,0.7742620502557558,2005-01-10,SHIPPED,1,1,2005,CLASSIC CARS,0.7513812154696132,S18_3232,ROYALE BELGE,(071) 23 67 2555,"BOULEVARD TIROU, 255",CHARLEROI,B-6000,BELGIUM,EMEA,CARTRAIN,PASCALE,MEDIUM,2005,1,1
10366,0.459016393442623,1.0,0.1176470588235294,0.49790818184551755,2005-01-10,SHIPPED,1,1,2005,CLASSIC CARS,0.6022099447513812,S18_1984,ROYALE BELGE,(071) 23 67 2555,"BOULEVARD TIROU, 255",CHARLEROI,B-6000,BELGIUM,EMEA,CARTRAIN,PASCALE,MEDIUM,2005,1,1
10367,0.6229508196721312,0.7982768052516411,0.47058823529411764,0.4368555573003151,2005-01-12,RESOLVED,1,1,2005,CLASSIC CARS,0.2099447513812155,S18_4933,TOYS4GROWNUPS.COM,6265557265,78934 HILLSIDE DR.,PASADENA,90003,USA,DESCONOCIDO,YOUNG,JULIE,MEDIUM,2005,1,1
10367,0.42622950819672134,0.9287472647702408,0.3529411764705882,0.34093862864130386,2005-01-12,RESOLVED,1,1,2005,VINTAGE CARS,0.7458563535911602,S18_2795,TOYS4GROWNUPS.COM,6265557265,78934 HILLSIDE DR.,PASADENA,90003,USA,DESCONOCIDO,YOUNG,JULIE,MEDIUM,2005,1,1
10367,0.5081967213114754,1.0,0.1176470588235294,0.5641901847254844,2005-01-12,RESOLVED,1,1,2005,VINTAGE CARS,0.7569060773480663,S18_1749,TOYS4GROWNUPS.COM,6265557265,78934 HILLSIDE DR.,PASADENA,90003,USA,DESCONOCIDO,YOUNG,JULIE,MEDIUM,2005,1,1
10367,0.6065573770491803,0.4901531728665207,0.4117647058823529,0.29599243591071434,2005-01-12,RESOLVED,1,1,2005,VINTAGE CARS,0.32596685082872934,S18_4409,TOYS4GROWNUPS.COM,6265557265,78934 HILLSIDE DR.,PASADENA,90003,USA,DESCONOCIDO,YOUNG,JULIE,SMALL,2005,1,1
10367,0.36065573770491804,0.05073851203501095,0.6470588235294117,0.05003391144268965,2005-01-12,RESOLVED,1,1,2005,VINTAGE CARS,0.06077348066298344,S24_2022,TOYS4GROWNUPS.COM,6265557265,78934 HILLSIDE DR.,PASADENA,90003,USA,DESCONOCIDO,YOUNG,JULIE,SMALL,2005,1,1
10367,0.27868852459016397,0.1286925601750547,0.7058823529411764,0.047113852239658666,2005-01-12,RESOLVED,1,1,2005,VINTAGE CARS,0.0,S24_1937,TOYS4GROWNUPS.COM,6265557265,78934 HILLSIDE DR.,PASADENA,90003,USA,DESCONOCIDO,YOUNG,JULIE,SMALL,2005,1,1
10367,0.639344262295082,1.0,0.1764705882352941,1.0,2005-01-12,RESOLVED,1,1,2005,VINTAGE CARS,0.14917127071823205,S18_2248,TOYS4GROWNUPS.COM,6265557265,78934 HILLSIDE DR.,PASADENA,90003,USA,DESCONOCIDO,YOUNG,JULIE,LARGE,2005,1,1
10367,0.7049180327868853,0.40235229759299773,0.0,0.30424344072513687,2005-01-12,RESOLVED,1,1,2005,CLASSIC CARS,0.5027624309392266,S18_1589,TOYS4GROWNUPS.COM,6265557265,78934 HILLSIDE DR.,PASADENA,90003,USA,DESCONOCIDO,YOUNG,JULIE,SMALL,2005,1,1
10367,0.5245901639344263,0.15891684901531733,0.5882352941176471,0.131084598191167,2005-01-12,RESOLVED,1,1,2005,CLASSIC CARS,0.09392265193370164,S24_1628,TOYS4GROWNUPS.COM,6265557265,78934 HILLSIDE DR.,PASADENA,90003,USA,DESCONOCIDO,YOUNG,JULIE,SMALL,2005,1,1
10367,0.2459016393442623,0.45801422319474827,0.5294117647058824,0.1049938358017968,2005-01-12,RESOLVED,1,1,2005,CLASSIC CARS,0.22099447513812154,S24_1046,TOYS4GROWNUPS.COM,6265557265,78934 HILLSIDE DR.,PASADENA,90003,USA,DESCONOCIDO,YOUNG,JULIE,SMALL,2005,1,1
10367,0.4918032786885246,1.0,0.058823529411764705,0.6062323551914577,2005-01-12,RESOLVED,1,1,2005,CLASSIC CARS,0.022099447513812154,S24_2972,TOYS4GROWNUPS.COM,6265557265,78934 HILLSIDE DR.,PASADENA,90003,USA,DESCONOCIDO,YOUNG,JULIE,MEDIUM,2005,1,1
10367,0.34426229508196726,1.0,0.23529411764705882,0.49633522546933095,2005-01-12,RESOLVED,1,1,2005,VINTAGE CARS,0.5193370165745856,S18_2325,TOYS4GROWNUPS.COM,6265557265,78934 HILLSIDE DR.,PASADENA,90003,USA,DESCONOCIDO,YOUNG,JULIE,MEDIUM,2005,1,1
10367,0.6557377049180328,1.0,0.2941176470588235,0.5781650401424615,2005-01-12,RESOLVED,1,1,2005,CLASSIC CARS,0.5966850828729282,S18_3685,TOYS4GROWNUPS.COM,6265557265,78934 HILLSIDE DR.,PASADENA,90003,USA,DESCONOCIDO,YOUNG,JULIE,MEDIUM,2005,1,1
10368,0.4098360655737705,1.0,0.23529411764705882,0.49995155508187195,2005-01-19,SHIPPED,1,1,2005,CLASSIC CARS,0.4640883977900553,S24_2887,MINI GIFTS DISTRIBUTORS LTD.,4155551450,5677 STRONG ST.,SAN RAFAEL,97562,USA,DESCONOCIDO,NELSON,VALARIE,MEDIUM,2005,1,1
10368,0.6557377049180328,0.14305251641137862,0.1176470588235294,0.16511498150740542,2005-01-19,SHIPPED,1,1,2005,VINTAGE CARS,0.04419889502762431,S24_3969,MINI GIFTS DISTRIBUTORS LTD.,4155551450,5677 STRONG ST.,SAN RAFAEL,97562,USA,DESCONOCIDO,NELSON,VALARIE,SMALL,2005,1,1
10368,0.2295081967213115,0.9942560175054704,0.1764705882352941,0.20172731190842907,2005-01-19,SHIPPED,1,1,2005,CLASSIC CARS,0.4088397790055248,S24_3432,MINI GIFTS DISTRIBUTORS LTD.,4155551450,5677 STRONG ST.,SAN RAFAEL,97562,USA,DESCONOCIDO,NELSON,VALARIE,SMALL,2005,1,1
10368,0.5573770491803279,1.0,0.058823529411764705,0.4844585361616256,2005-01-19,SHIPPED,1,1,2005,CLASSIC CARS,0.3149171270718232,S24_2766,MINI GIFTS DISTRIBUTORS LTD.,4155551450,5677 STRONG ST.,SAN RAFAEL,97562,USA,DESCONOCIDO,NELSON,VALARIE,MEDIUM,2005,1,1
10368,0.6557377049180328,0.7212800875273524,0.0,0.4250309880424578,2005-01-19,SHIPPED,1,1,2005,CLASSIC CARS,0.287292817679558,S24_3191,MINI GIFTS DISTRIBUTORS LTD.,4155551450,5677 STRONG ST.,SAN RAFAEL,97562,USA,DESCONOCIDO,NELSON,VALARIE,MEDIUM,2005,1,1
10369,0.639344262295082,0.6318380743982495,0.1764705882352941,0.3750598879418928,2005-01-20,SHIPPED,1,1,2005,VINTAGE CARS,0.3646408839779005,S18_3320,COLLECTABLES FOR LESS INC.,6175558555,7825 DOUGLAS AV.,BRICKHAVEN,58339,USA,DESCONOCIDO,NELSON,ALLEN,MEDIUM,2005,1,1
10369,0.42622950819672134,0.9812636761487965,0.3529411764705882,0.35736045357807483,2005-01-20,SHIPPED,1,1,2005,VINTAGE CARS,0.11049723756906077,S18_1367,COLLECTABLES FOR LESS INC.,6175558555,7825 DOUGLAS AV.,BRICKHAVEN,58339,USA,DESCONOCIDO,NELSON,ALLEN,MEDIUM,2005,1,1
10369,0.5901639344262295,1.0,0.0,0.5478258254846997,2005-01-20,SHIPPED,1,1,2005,VINTAGE CARS,0.37569060773480667,S18_2949,COLLECTABLES FOR LESS INC.,6175558555,7825 DOUGLAS AV.,BRICKHAVEN,58339,USA,DESCONOCIDO,NELSON,ALLEN,MEDIUM,2005,1,1
10369,0.5573770491803279,0.8211159737417943,0.1176470588235294,0.4002111530224618,2005-01-20,SHIPPED,1,1,2005,VINTAGE CARS,0.35359116022099446,S24_4258,COLLECTABLES FOR LESS INC.,6175558555,7825 DOUGLAS AV.,BRICKHAVEN,58339,USA,DESCONOCIDO,NELSON,ALLEN,MEDIUM,2005,1,1
10369,0.36065573770491804,0.23700765864332607,0.2941176470588235,0.1009993017249732,2005-01-20,SHIPPED,1,1,2005,VINTAGE CARS,0.16022099447513816,S18_2957,COLLECTABLES FOR LESS INC.,6175558555,7825 DOUGLAS AV.,BRICKHAVEN,58339,USA,DESCONOCIDO,NELSON,ALLEN,SMALL,2005,1,1
10370,0.26229508196721313,1.0,0.23529411764705882,0.46331650568476057,2005-01-20,SHIPPED,1,1,2005,TRUCKS AND BUSES,0.4917127071823204,S18_2319,"ANNA'S DECORATIONS, LTD",02 9936 8555,201 MILLER STREET,NORTH SYDNEY,2060,AUSTRALIA,APAC,O'HARA,ANNA,MEDIUM,2005,1,1
10369,0.2459016393442623,0.9209518599562363,0.23529411764705882,0.1999926497365599,2005-01-20,SHIPPED,1,1,2005,VINTAGE CARS,0.39226519337016574,S18_3136,COLLECTABLES FOR LESS INC.,6175558555,7825 DOUGLAS AV.,BRICKHAVEN,58339,USA,DESCONOCIDO,NELSON,ALLEN,SMALL,2005,1,1
10370,0.3114754098360656,1.0,0.1176470588235294,0.35790704589571315,2005-01-20,SHIPPED,1,1,2005,TRUCKS AND BUSES,0.1712707182320442,S32_3522,"ANNA'S DECORATIONS, LTD",02 9936 8555,201 MILLER STREET,NORTH SYDNEY,2060,AUSTRALIA,APAC,O'HARA,ANNA,MEDIUM,2005,1,1
10369,0.5737704918032788,1.0,0.058823529411764705,0.5389467072490303,2005-01-20,SHIPPED,1,1,2005,CLASSIC CARS,0.9999999999999999,S10_1949,COLLECTABLES FOR LESS INC.,6175558555,7825 DOUGLAS AV.,BRICKHAVEN,58339,USA,DESCONOCIDO,NELSON,ALLEN,MEDIUM,2005,1,1
10370,0.34426229508196726,0.4098741794310722,0.47058823529411764,0.14070007918238342,2005-01-20,SHIPPED,1,1,2005,CLASSIC CARS,0.7513812154696132,S18_3232,"ANNA'S DECORATIONS, LTD",02 9936 8555,201 MILLER STREET,NORTH SYDNEY,2060,AUSTRALIA,APAC,O'HARA,ANNA,SMALL,2005,1,1
10370,0.7049180327868853,1.0,0.4117647058823529,1.0,2005-01-20,SHIPPED,1,1,2005,TRUCKS AND BUSES,0.569060773480663,S12_1666,"ANNA'S DECORATIONS, LTD",02 9936 8555,201 MILLER STREET,NORTH SYDNEY,2060,AUSTRALIA,APAC,O'HARA,ANNA,LARGE,2005,1,1
10369,0.6229508196721312,1.0,0.4117647058823529,1.0,2005-01-20,SHIPPED,1,1,2005,VINTAGE CARS,0.3812154696132597,S18_1342,COLLECTABLES FOR LESS INC.,6175558555,7825 DOUGLAS AV.,BRICKHAVEN,58339,USA,DESCONOCIDO,NELSON,ALLEN,LARGE,2005,1,1
10370,0.47540983606557385,0.5299507658643325,0.1764705882352941,0.24254800223180728,2005-01-20,SHIPPED,1,1,2005,CLASSIC CARS,0.6298342541436464,S10_4962,"ANNA'S DECORATIONS, LTD",02 9936 8555,201 MILLER STREET,NORTH SYDNEY,2060,AUSTRALIA,APAC,O'HARA,ANNA,SMALL,2005,1,1
10370,0.34426229508196726,1.0,0.0,0.4583036260185962,2005-01-20,SHIPPED,1,1,2005,TRUCKS AND BUSES,0.45856353591160215,S18_1097,"ANNA'S DECORATIONS, LTD",02 9936 8555,201 MILLER STREET,NORTH SYDNEY,2060,AUSTRALIA,APAC,O'HARA,ANNA,MEDIUM,2005,1,1
10370,0.26229508196721313,0.9570568927789935,0.3529411764705882,0.22034619740802985,2005-01-20,SHIPPED,1,1,2005,TRUCKS AND BUSES,0.14917127071823205,S18_2432,"ANNA'S DECORATIONS, LTD",02 9936 8555,201 MILLER STREET,NORTH SYDNEY,2060,AUSTRALIA,APAC,O'HARA,ANNA,SMALL,2005,1,1
10370,0.2295081967213115,1.0,0.058823529411764705,0.3004079396209269,2005-01-20,SHIPPED,1,1,2005,VINTAGE CARS,0.09392265193370164,S18_4668,"ANNA'S DECORATIONS, LTD",02 9936 8555,201 MILLER STREET,NORTH SYDNEY,2060,AUSTRALIA,APAC,O'HARA,ANNA,SMALL,2005,1,1
10370,0.3770491803278689,0.4191739606126915,0.2941176470588235,0.15853048187658905,2005-01-20,SHIPPED,1,1,2005,TRUCKS AND BUSES,0.4861878453038674,S18_4600,"ANNA'S DECORATIONS, LTD",02 9936 8555,201 MILLER STREET,NORTH SYDNEY,2060,AUSTRALIA,APAC,O'HARA,ANNA,SMALL,2005,1,1
10371,0.36065573770491804,0.3205689277899344,0.47058823529411764,0.12386263025836178,2005-01-23,SHIPPED,1,1,2005,CLASSIC CARS,0.4696132596685083,S24_4048,MINI GIFTS DISTRIBUTORS LTD.,4155551450,5677 STRONG ST.,SAN RAFAEL,97562,USA,DESCONOCIDO,NELSON,VALARIE,SMALL,2005,1,1
10371,0.3934426229508197,0.9938457330415755,0.5882352941176471,0.3346868954825949,2005-01-23,SHIPPED,1,1,2005,TRAINS,0.16022099447513816,S32_3207,MINI GIFTS DISTRIBUTORS LTD.,4155551450,5677 STRONG ST.,SAN RAFAEL,97562,USA,DESCONOCIDO,NELSON,VALARIE,SMALL,2005,1,1
10371,0.2295081967213115,1.0,0.23529411764705882,0.3965493854177456,2005-01-23,SHIPPED,1,1,2005,TRUCKS AND BUSES,0.5193370165745856,S24_2300,MINI GIFTS DISTRIBUTORS LTD.,4155551450,5677 STRONG ST.,SAN RAFAEL,97562,USA,DESCONOCIDO,NELSON,VALARIE,MEDIUM,2005,1,1
10371,0.3114754098360656,0.9626641137855578,0.6470588235294117,0.26054946560243764,2005-01-23,SHIPPED,1,1,2005,CLASSIC CARS,0.13259668508287292,S24_1444,MINI GIFTS DISTRIBUTORS LTD.,4155551450,5677 STRONG ST.,SAN RAFAEL,97562,USA,DESCONOCIDO,NELSON,VALARIE,SMALL,2005,1,1
10371,0.3114754098360656,1.0,0.3529411764705882,0.28333528226682125,2005-01-23,SHIPPED,1,1,2005,CLASSIC CARS,0.718232044198895,S18_2238,MINI GIFTS DISTRIBUTORS LTD.,4155551450,5677 STRONG ST.,SAN RAFAEL,97562,USA,DESCONOCIDO,NELSON,VALARIE,SMALL,2005,1,1
10371,0.3278688524590164,1.0,0.0,0.4760177609092944,2005-01-23,SHIPPED,1,1,2005,TRUCKS AND BUSES,0.34806629834254144,S32_1268,MINI GIFTS DISTRIBUTORS LTD.,4155551450,5677 STRONG ST.,SAN RAFAEL,97562,USA,DESCONOCIDO,NELSON,VALARIE,MEDIUM,2005,1,1
10371,0.459016393442623,1.0,0.1176470588235294,0.5104036296937279,2005-01-23,SHIPPED,1,1,2005,CLASSIC CARS,0.37569060773480667,S700_2824,MINI GIFTS DISTRIBUTORS LTD.,4155551450,5677 STRONG ST.,SAN RAFAEL,97562,USA,DESCONOCIDO,NELSON,VALARIE,MEDIUM,2005,1,1
10371,0.2295081967213115,0.5414387308533917,0.058823529411764705,0.11323014008933913,2005-01-23,SHIPPED,1,1,2005,TRUCKS AND BUSES,0.11602209944751385,S32_2509,MINI GIFTS DISTRIBUTORS LTD.,4155551450,5677 STRONG ST.,SAN RAFAEL,97562,USA,DESCONOCIDO,NELSON,VALARIE,SMALL,2005,1,1
10371,0.6885245901639344,0.40577133479212246,0.5294117647058824,0.29832313762700086,2005-01-23,SHIPPED,1,1,2005,TRUCKS AND BUSES,0.4530386740331491,S50_1392,MINI GIFTS DISTRIBUTORS LTD.,4155551450,5677 STRONG ST.,SAN RAFAEL,97562,USA,DESCONOCIDO,NELSON,VALARIE,SMALL,2005,1,1
10371,0.7049180327868853,0.12076039387308535,0.1764705882352941,0.16941154459104135,2005-01-23,SHIPPED,1,1,2005,TRUCKS AND BUSES,0.4696132596685083,S12_4473,MINI GIFTS DISTRIBUTORS LTD.,4155551450,5677 STRONG ST.,SAN RAFAEL,97562,USA,DESCONOCIDO,NELSON,VALARIE,SMALL,2005,1,1
10371,0.639344262295082,1.0,0.4117647058823529,0.6767146995245716,2005-01-23,SHIPPED,1,1,2005,CLASSIC CARS,0.011049723756906105,S24_2840,MINI GIFTS DISTRIBUTORS LTD.,4155551450,5677 STRONG ST.,SAN RAFAEL,97562,USA,DESCONOCIDO,NELSON,VALARIE,MEDIUM,2005,1,1
10371,0.42622950819672134,1.0,0.2941176470588235,0.41141562732827947,2005-01-23,SHIPPED,1,1,2005,CLASSIC CARS,0.9613259668508286,S12_1108,MINI GIFTS DISTRIBUTORS LTD.,4155551450,5677 STRONG ST.,SAN RAFAEL,97562,USA,DESCONOCIDO,NELSON,VALARIE,MEDIUM,2005,1,1
10372,0.3114754098360656,0.7908916849015317,0.23529411764705882,0.21858614341700383,2005-01-26,SHIPPED,1,1,2005,TRAINS,0.37016574585635353,S18_3259,"TOKYO COLLECTABLES, LTD",+81 3 3584 0555,2-2-8 ROPPONGI,MINATO-KU,106-0032,JAPAN,JAPAN,SHIMAMURA,AKIKO,SMALL,2005,1,1
10372,0.5081967213114754,1.0,0.4117647058823529,0.4581753305112777,2005-01-26,SHIPPED,1,1,2005,SHIPS,0.4917127071823204,S24_2011,"TOKYO COLLECTABLES, LTD",+81 3 3584 0555,2-2-8 ROPPONGI,MINATO-KU,106-0032,JAPAN,JAPAN,SHIMAMURA,AKIKO,MEDIUM,2005,1,1
10372,0.6885245901639344,1.0,0.2941176470588235,0.8752680340384019,2005-01-26,SHIPPED,1,1,2005,CLASSIC CARS,0.6077348066298343,S18_4027,"TOKYO COLLECTABLES, LTD",+81 3 3584 0555,2-2-8 ROPPONGI,MINATO-KU,106-0032,JAPAN,JAPAN,SHIMAMURA,AKIKO,LARGE,2005,1,1
10372,0.36065573770491804,1.0,0.1176470588235294,0.45180732954906133,2005-01-26,SHIPPED,1,1,2005,VINTAGE CARS,0.569060773480663,S18_3140,"TOKYO COLLECTABLES, LTD",+81 3 3584 0555,2-2-8 ROPPONGI,MINATO-KU,106-0032,JAPAN,JAPAN,SHIMAMURA,AKIKO,MEDIUM,2005,1,1
10372,0.459016393442623,1.0,0.0,0.7295965039474256,2005-01-26,SHIPPED,1,1,2005,CLASSIC CARS,0.7734806629834254,S12_3891,"TOKYO COLLECTABLES, LTD",+81 3 3584 0555,2-2-8 ROPPONGI,MINATO-KU,106-0032,JAPAN,JAPAN,SHIMAMURA,AKIKO,MEDIUM,2005,1,1
10372,0.5737704918032788,0.8207056892778994,0.3529411764705882,0.4116628634621745,2005-01-26,SHIPPED,1,1,2005,VINTAGE CARS,0.2983425414364641,S18_4522,"TOKYO COLLECTABLES, LTD",+81 3 3584 0555,2-2-8 ROPPONGI,MINATO-KU,106-0032,JAPAN,JAPAN,SHIMAMURA,AKIKO,MEDIUM,2005,1,1
10372,0.5573770491803279,1.0,0.1764705882352941,0.7189720322476103,2005-01-26,SHIPPED,1,1,2005,CLASSIC CARS,0.6519337016574586,S12_3148,"TOKYO COLLECTABLES, LTD",+81 3 3584 0555,2-2-8 ROPPONGI,MINATO-KU,106-0032,JAPAN,JAPAN,SHIMAMURA,AKIKO,MEDIUM,2005,1,1
10372,0.6229508196721312,1.0,0.058823529411764705,0.5365251295483932,2005-01-26,SHIPPED,1,1,2005,SHIPS,0.2928176795580111,S700_1938,"TOKYO COLLECTABLES, LTD",+81 3 3584 0555,2-2-8 ROPPONGI,MINATO-KU,106-0032,JAPAN,JAPAN,SHIMAMURA,AKIKO,MEDIUM,2005,1,1
10372,0.29508196721311475,0.4335339168490153,0.47058823529411764,0.1234563611518531,2005-01-26,SHIPPED,1,1,2005,TRAINS,0.13812154696132595,S50_1514,"TOKYO COLLECTABLES, LTD",+81 3 3584 0555,2-2-8 ROPPONGI,MINATO-KU,106-0032,JAPAN,JAPAN,SHIMAMURA,AKIKO,SMALL,2005,1,1
10373,0.27868852459016397,1.0,0.5294117647058824,0.25554460440548066,2005-01-31,SHIPPED,1,1,2005,VINTAGE CARS,0.27624309392265195,S24_3816,"OULU TOY SUPPLIES, INC.",981-443655,TORIKATU 38,OULU,90110,FINLAND,EMEA,KOSKITALO,PIRKKO,SMALL,2005,1,1
10373,0.5409836065573771,0.6307439824945296,0.7058823529411764,0.31604395457537193,2005-01-31,SHIPPED,1,1,2005,PLANES,0.19337016574585636,S24_3949,"OULU TOY SUPPLIES, INC.",981-443655,TORIKATU 38,OULU,90110,FINLAND,EMEA,KOSKITALO,PIRKKO,SMALL,2005,1,1
10373,0.5081967213114754,1.0,0.4117647058823529,0.4735534180395511,2005-01-31,SHIPPED,1,1,2005,SHIPS,0.3646408839779005,S700_3962,"OULU TOY SUPPLIES, INC.",981-443655,TORIKATU 38,OULU,90110,FINLAND,EMEA,KOSKITALO,PIRKKO,MEDIUM,2005,1,1
10373,0.5245901639344263,0.5957330415754923,0.3529411764705882,0.2932875389647488,2005-01-31,SHIPPED,1,1,2005,PLANES,0.19337016574585636,S24_2841,"OULU TOY SUPPLIES, INC.",981-443655,TORIKATU 38,OULU,90110,FINLAND,EMEA,KOSKITALO,PIRKKO,SMALL,2005,1,1
10373,0.459016393442623,0.949945295404814,0.058823529411764705,0.37331720730081625,2005-01-31,SHIPPED,1,1,2005,SHIPS,0.37016574585635353,S700_3505,"OULU TOY SUPPLIES, INC.",981-443655,TORIKATU 38,OULU,90110,FINLAND,EMEA,KOSKITALO,PIRKKO,MEDIUM,2005,1,1
10373,0.3770491803278689,1.0,0.0,0.4672602561232706,2005-01-31,SHIPPED,1,1,2005,SHIPS,0.11602209944751385,S72_3212,"OULU TOY SUPPLIES, INC.",981-443655,TORIKATU 38,OULU,90110,FINLAND,EMEA,KOSKITALO,PIRKKO,MEDIUM,2005,1,1
10373,0.4426229508196722,0.41630196936542674,0.6470588235294117,0.18835785091661128,2005-01-31,SHIPPED,1,1,2005,VINTAGE CARS,0.30386740331491713,S24_3151,"OULU TOY SUPPLIES, INC.",981-443655,TORIKATU 38,OULU,90110,FINLAND,EMEA,KOSKITALO,PIRKKO,SMALL,2005,1,1
10373,0.36065573770491804,0.4194474835886214,0.1764705882352941,0.15091694536415545,2005-01-31,SHIPPED,1,1,2005,PLANES,0.6850828729281768,S18_1662,"OULU TOY SUPPLIES, INC.",981-443655,TORIKATU 38,OULU,90110,FINLAND,EMEA,KOSKITALO,PIRKKO,SMALL,2005,1,1
10373,0.7213114754098361,0.4596553610503282,0.2941176470588235,0.3397652593139531,2005-01-31,SHIPPED,1,1,2005,VINTAGE CARS,0.39779005524861877,S18_3856,"OULU TOY SUPPLIES, INC.",981-443655,TORIKATU 38,OULU,90110,FINLAND,EMEA,KOSKITALO,PIRKKO,MEDIUM,2005,1,1
10373,0.42622950819672134,0.786788840262582,0.8235294117647058,0.2965483831090946,2005-01-31,SHIPPED,1,1,2005,SHIPS,0.3149171270718232,S700_2047,"OULU TOY SUPPLIES, INC.",981-443655,TORIKATU 38,OULU,90110,FINLAND,EMEA,KOSKITALO,PIRKKO,SMALL,2005,1,1
10373,0.5409836065573771,1.0,0.1176470588235294,0.47631310785843395,2005-01-31,SHIPPED,1,1,2005,CLASSIC CARS,0.569060773480663,S10_4757,"OULU TOY SUPPLIES, INC.",981-443655,TORIKATU 38,OULU,90110,FINLAND,EMEA,KOSKITALO,PIRKKO,MEDIUM,2005,1,1
10373,0.639344262295082,0.3930525164113785,0.9411764705882353,0.27005803367088865,2005-01-31,SHIPPED,1,1,2005,PLANES,0.22651933701657456,S700_4002,"OULU TOY SUPPLIES, INC.",981-443655,TORIKATU 38,OULU,90110,FINLAND,EMEA,KOSKITALO,PIRKKO,SMALL,2005,1,1
10373,0.5737704918032788,0.5942286652078774,0.8823529411764706,0.3209258659111487,2005-01-31,SHIPPED,1,1,2005,SHIPS,0.2154696132596685,S700_2610,"OULU TOY SUPPLIES, INC.",981-443655,TORIKATU 38,OULU,90110,FINLAND,EMEA,KOSKITALO,PIRKKO,SMALL,2005,1,1
10373,0.6557377049180328,0.5350109409190372,0.5882352941176471,0.3413021325787063,2005-01-31,SHIPPED,1,1,2005,VINTAGE CARS,0.17679558011049723,S24_3420,"OULU TOY SUPPLIES, INC.",981-443655,TORIKATU 38,OULU,90110,FINLAND,EMEA,KOSKITALO,PIRKKO,MEDIUM,2005,1,1
10373,0.6229508196721312,1.0,0.7647058823529411,0.5540481575896482,2005-01-31,SHIPPED,1,1,2005,SHIPS,0.18232044198895025,S700_1138,"OULU TOY SUPPLIES, INC.",981-443655,TORIKATU 38,OULU,90110,FINLAND,EMEA,KOSKITALO,PIRKKO,MEDIUM,2005,1,1
10373,0.26229508196721313,0.8186542669584245,0.23529411764705882,0.19059233100240885,2005-01-31,SHIPPED,1,1,2005,SHIPS,0.2928176795580111,S18_3029,"OULU TOY SUPPLIES, INC.",981-443655,TORIKATU 38,OULU,90110,FINLAND,EMEA,KOSKITALO,PIRKKO,SMALL,2005,1,1
10373,0.3114754098360656,0.5209245076586433,0.47058823529411764,0.15263423418607527,2005-01-31,SHIPPED,1,1,2005,PLANES,0.08839779005524862,S72_1253,"OULU TOY SUPPLIES, INC.",981-443655,TORIKATU 38,OULU,90110,FINLAND,EMEA,KOSKITALO,PIRKKO,SMALL,2005,1,1
10374,0.5901639344262295,0.5797319474835886,0.058823529411764705,0.32437514408186857,2005-02-02,SHIPPED,1,2,2005,PLANES,0.281767955801105,S18_2581,"AUSTRALIAN GIFT NETWORK, CO",61-7-3844-6555,31 DUNCAN ST. WEST END,SOUTH BRISBANE,4101,AUSTRALIA,APAC,CALAGHAN,TONY,SMALL,2005,2,1
10374,0.26229508196721313,1.0,0.0,0.44799855667554267,2005-02-02,SHIPPED,1,2,2005,MOTORCYCLES,0.8839779005524863,S10_4698,"AUSTRALIAN GIFT NETWORK, CO",61-7-3844-6555,31 DUNCAN ST. WEST END,SOUTH BRISBANE,4101,AUSTRALIA,APAC,CALAGHAN,TONY,MEDIUM,2005,2,1
10374,0.5409836065573771,1.0,0.23529411764705882,0.6422633465749443,2005-02-02,SHIPPED,1,2,2005,MOTORCYCLES,0.4696132596685083,S10_2016,"AUSTRALIAN GIFT NETWORK, CO",61-7-3844-6555,31 DUNCAN ST. WEST END,SOUTH BRISBANE,4101,AUSTRALIA,APAC,CALAGHAN,TONY,MEDIUM,2005,2,1
10374,0.26229508196721313,0.3613238512035011,0.1764705882352941,0.09227520722731355,2005-02-02,SHIPPED,1,2,2005,MOTORCYCLES,0.14917127071823205,S18_2625,"AUSTRALIAN GIFT NETWORK, CO",61-7-3844-6555,31 DUNCAN ST. WEST END,SOUTH BRISBANE,4101,AUSTRALIA,APAC,CALAGHAN,TONY,SMALL,2005,2,1
10374,0.5245901639344263,1.0,0.2941176470588235,0.49647287585739164,2005-02-02,SHIPPED,1,2,2005,MOTORCYCLES,0.43646408839779005,S24_1578,"AUSTRALIAN GIFT NETWORK, CO",61-7-3844-6555,31 DUNCAN ST. WEST END,SOUTH BRISBANE,4101,AUSTRALIA,APAC,CALAGHAN,TONY,MEDIUM,2005,2,1
10374,0.6557377049180328,0.9193107221006565,0.1176470588235294,0.5140466875369601,2005-02-02,SHIPPED,1,2,2005,PLANES,0.419889502762431,S24_1785,"AUSTRALIAN GIFT NETWORK, CO",61-7-3844-6555,31 DUNCAN ST. WEST END,SOUTH BRISBANE,4101,AUSTRALIA,APAC,CALAGHAN,TONY,MEDIUM,2005,2,1
10375,0.7049180327868853,1.0,0.4117647058823529,0.658119869432593,2005-02-03,SHIPPED,1,2,2005,MOTORCYCLES,0.26519337016574585,S50_4713,LA ROCHELLE GIFTS,40.67.8555,"67, RUE DES CINQUANTE OTAGES",NANTES,44000,FRANCE,EMEA,LABRUNE,JANINE,MEDIUM,2005,2,1
10375,0.4426229508196722,1.0,0.0,0.4509827636322329,2005-02-03,SHIPPED,1,2,2005,PLANES,0.3646408839779005,S700_2466,LA ROCHELLE GIFTS,40.67.8555,"67, RUE DES CINQUANTE OTAGES",NANTES,44000,FRANCE,EMEA,LABRUNE,JANINE,MEDIUM,2005,2,1
10375,0.2295081967213115,1.0,0.7647058823529411,0.20899739065647877,2005-02-03,SHIPPED,1,2,2005,MOTORCYCLES,0.19889502762430938,S24_2360,LA ROCHELLE GIFTS,40.67.8555,"67, RUE DES CINQUANTE OTAGES",NANTES,44000,FRANCE,EMEA,LABRUNE,JANINE,SMALL,2005,2,1
10375,0.5081967213114754,0.752051422319475,0.2941176470588235,0.34039203632366555,2005-02-03,SHIPPED,1,2,2005,PLANES,0.3204419889502762,S700_1691,LA ROCHELLE GIFTS,40.67.8555,"67, RUE DES CINQUANTE OTAGES",NANTES,44000,FRANCE,EMEA,LABRUNE,JANINE,MEDIUM,2005,2,1
10375,0.3114754098360656,0.5449945295404814,0.5294117647058824,0.15851444493817426,2005-02-03,SHIPPED,1,2,2005,PLANES,0.4696132596685083,S700_2834,LA ROCHELLE GIFTS,40.67.8555,"67, RUE DES CINQUANTE OTAGES",NANTES,44000,FRANCE,EMEA,LABRUNE,JANINE,SMALL,2005,2,1
10375,0.27868852459016397,1.0,0.47058823529411764,0.26209168451332904,2005-02-03,SHIPPED,1,2,2005,MOTORCYCLES,0.23756906077348067,S24_2000,LA ROCHELLE GIFTS,40.67.8555,"67, RUE DES CINQUANTE OTAGES",NANTES,44000,FRANCE,EMEA,LABRUNE,JANINE,SMALL,2005,2,1
10375,0.7049180327868853,0.711706783369803,0.7058823529411764,0.4523686223935799,2005-02-03,SHIPPED,1,2,2005,MOTORCYCLES,0.6464088397790055,S12_2823,LA ROCHELLE GIFTS,40.67.8555,"67, RUE DES CINQUANTE OTAGES",NANTES,44000,FRANCE,EMEA,LABRUNE,JANINE,MEDIUM,2005,2,1
10375,0.5081967213114754,1.0,0.1176470588235294,0.7846259217063304,2005-02-03,SHIPPED,1,2,2005,MOTORCYCLES,0.3646408839779005,S32_1374,LA ROCHELLE GIFTS,40.67.8555,"67, RUE DES CINQUANTE OTAGES",NANTES,44000,FRANCE,EMEA,LABRUNE,JANINE,MEDIUM,2005,2,1
10375,0.639344262295082,0.6717724288840263,0.3529411764705882,0.39262033550611575,2005-02-03,SHIPPED,1,2,2005,CLASSIC CARS,0.8895027624309392,S12_1099,LA ROCHELLE GIFTS,40.67.8555,"67, RUE DES CINQUANTE OTAGES",NANTES,44000,FRANCE,EMEA,LABRUNE,JANINE,MEDIUM,2005,2,1
10375,0.6229508196721312,0.7573851203501094,0.1764705882352941,0.41927372715153904,2005-02-03,SHIPPED,1,2,2005,VINTAGE CARS,0.19337016574585636,S32_4289,LA ROCHELLE GIFTS,40.67.8555,"67, RUE DES CINQUANTE OTAGES",NANTES,44000,FRANCE,EMEA,LABRUNE,JANINE,MEDIUM,2005,2,1
10375,0.5737704918032788,1.0,0.8235294117647058,0.5639322572993127,2005-02-03,SHIPPED,1,2,2005,MOTORCYCLES,0.3812154696132597,S32_4485,LA ROCHELLE GIFTS,40.67.8555,"67, RUE DES CINQUANTE OTAGES",NANTES,44000,FRANCE,EMEA,LABRUNE,JANINE,MEDIUM,2005,2,1
10375,0.2459016393442623,0.10981947483588617,0.6470588235294117,0.03354125669458653,2005-02-03,SHIPPED,1,2,2005,MOTORCYCLES,0.3425414364640884,S10_1678,LA ROCHELLE GIFTS,40.67.8555,"67, RUE DES CINQUANTE OTAGES",NANTES,44000,FRANCE,EMEA,LABRUNE,JANINE,SMALL,2005,2,1
10375,0.7049180327868853,0.5322757111597374,0.23529411764705882,0.3664533976592752,2005-02-03,SHIPPED,1,2,2005,VINTAGE CARS,0.05524861878453041,S50_1341,LA ROCHELLE GIFTS,40.67.8555,"67, RUE DES CINQUANTE OTAGES",NANTES,44000,FRANCE,EMEA,LABRUNE,JANINE,MEDIUM,2005,2,1
10375,0.6229508196721312,1.0,0.5882352941176471,0.6316669395173551,2005-02-03,SHIPPED,1,2,2005,PLANES,0.2596685082872928,S700_3167,LA ROCHELLE GIFTS,40.67.8555,"67, RUE DES CINQUANTE OTAGES",NANTES,44000,FRANCE,EMEA,LABRUNE,JANINE,MEDIUM,2005,2,1
10375,0.6065573770491803,1.0,0.058823529411764705,1.0,2005-02-03,SHIPPED,1,2,2005,PLANES,0.2154696132596685,S24_4278,LA ROCHELLE GIFTS,40.67.8555,"67, RUE DES CINQUANTE OTAGES",NANTES,44000,FRANCE,EMEA,LABRUNE,JANINE,LARGE,2005,2,1
10376,0.47540983606557385,1.0,0.0,0.46842159774681014,2005-02-08,SHIPPED,1,2,2005,CLASSIC CARS,0.4640883977900553,S12_3380,BOARDS & TOYS CO.,3105552373,4097 DOUGLAS AV.,GLENDALE,92561,USA,DESCONOCIDO,YOUNG,LESLIE,MEDIUM,2005,2,1
10377,0.5409836065573771,1.0,0.1176470588235294,0.9064077592053698,2005-02-09,SHIPPED,1,2,2005,CLASSIC CARS,0.7513812154696132,S18_3232,"TOYS OF FINLAND, CO.",90-224 8555,KESKUSKATU 45,HELSINKI,21240,FINLAND,EMEA,KARTTUNEN,MATTI,LARGE,2005,2,1
10377,0.4098360655737705,0.5590809628008754,0.1764705882352941,0.2162888519890815,2005-02-09,SHIPPED,1,2,2005,CLASSIC CARS,0.2430939226519337,S18_1889,"TOYS OF FINLAND, CO.",90-224 8555,KESKUSKATU 45,HELSINKI,21240,FINLAND,EMEA,KARTTUNEN,MATTI,SMALL,2005,2,1
10377,0.4918032786885246,1.0,0.2941176470588235,0.5172754578044764,2005-02-09,SHIPPED,1,2,2005,CLASSIC CARS,0.6022099447513812,S18_1984,"TOYS OF FINLAND, CO.",90-224 8555,KESKUSKATU 45,HELSINKI,21240,FINLAND,EMEA,KARTTUNEN,MATTI,MEDIUM,2005,2,1
10377,0.29508196721311475,0.5600382932166301,0.23529411764705882,0.15312469721926172,2005-02-09,SHIPPED,1,2,2005,CLASSIC CARS,0.2541436464088398,S12_3990,"TOYS OF FINLAND, CO.",90-224 8555,KESKUSKATU 45,HELSINKI,21240,FINLAND,EMEA,KARTTUNEN,MATTI,SMALL,2005,2,1
10377,0.7213114754098361,1.0,0.0,0.6280960478969895,2005-02-09,SHIPPED,1,2,2005,CLASSIC CARS,0.4530386740331491,S12_4675,"TOYS OF FINLAND, CO.",90-224 8555,KESKUSKATU 45,HELSINKI,21240,FINLAND,EMEA,KARTTUNEN,MATTI,MEDIUM,2005,2,1
10377,0.47540983606557385,1.0,0.058823529411764705,0.7233888723693574,2005-02-09,SHIPPED,1,2,2005,CLASSIC CARS,0.5966850828729282,S18_1129,"TOYS OF FINLAND, CO.",90-224 8555,KESKUSKATU 45,HELSINKI,21240,FINLAND,EMEA,KARTTUNEN,MATTI,MEDIUM,2005,2,1
10378,0.36065573770491804,1.0,0.47058823529411764,0.551605197304458,2005-02-10,SHIPPED,1,2,2005,MOTORCYCLES,0.16022099447513816,S18_3782,EURO SHOPPING CHANNEL,(91) 555 94 44,"C/ MORALZARZAL, 86",MADRID,28034,SPAIN,EMEA,FREYRE,DIEGO,MEDIUM,2005,2,1
10379,0.3770491803278689,1.0,0.23529411764705882,0.620772512687557,2005-02-10,SHIPPED,1,2,2005,CLASSIC CARS,0.5469613259668508,S18_2870,EURO SHOPPING CHANNEL,(91) 555 94 44,"C/ MORALZARZAL, 86",MADRID,28034,SPAIN,EMEA,FREYRE,DIEGO,MEDIUM,2005,2,1
10378,0.5737704918032788,1.0,0.058823529411764705,0.58963011469752,2005-02-10,SHIPPED,1,2,2005,CLASSIC CARS,0.2596685082872928,S24_4620,EURO SHOPPING CHANNEL,(91) 555 94 44,"C/ MORALZARZAL, 86",MADRID,28034,SPAIN,EMEA,FREYRE,DIEGO,MEDIUM,2005,2,1
10378,0.4426229508196722,0.3609135667396062,0.1176470588235294,0.17049671075711056,2005-02-10,SHIPPED,1,2,2005,CLASSIC CARS,0.5911602209944752,S24_3856,EURO SHOPPING CHANNEL,(91) 555 94 44,"C/ MORALZARZAL, 86",MADRID,28034,SPAIN,EMEA,FREYRE,DIEGO,SMALL,2005,2,1
10379,0.42622950819672134,1.0,0.1176470588235294,0.4661978089532891,2005-02-10,SHIPPED,1,2,2005,CLASSIC CARS,0.09392265193370164,S24_1628,EURO SHOPPING CHANNEL,(91) 555 94 44,"C/ MORALZARZAL, 86",MADRID,28034,SPAIN,EMEA,FREYRE,DIEGO,MEDIUM,2005,2,1
10378,0.26229508196721313,1.0,0.1764705882352941,0.2648593928014193,2005-02-10,SHIPPED,1,2,2005,CLASSIC CARS,0.2596685082872928,S18_3278,EURO SHOPPING CHANNEL,(91) 555 94 44,"C/ MORALZARZAL, 86",MADRID,28034,SPAIN,EMEA,FREYRE,DIEGO,SMALL,2005,2,1
10379,0.34426229508196726,0.3066192560175054,0.0,0.11345733005021566,2005-02-10,SHIPPED,1,2,2005,VINTAGE CARS,0.14917127071823205,S18_2248,EURO SHOPPING CHANNEL,(91) 555 94 44,"C/ MORALZARZAL, 86",MADRID,28034,SPAIN,EMEA,FREYRE,DIEGO,SMALL,2005,2,1
10378,0.6065573770491803,0.9519967177242887,0.5294117647058824,0.4900540912568616,2005-02-10,SHIPPED,1,2,2005,CLASSIC CARS,0.6243093922651933,S18_3482,EURO SHOPPING CHANNEL,(91) 555 94 44,"C/ MORALZARZAL, 86",MADRID,28034,SPAIN,EMEA,FREYRE,DIEGO,MEDIUM,2005,2,1
10378,0.5573770491803279,0.7601203501094091,0.0,0.3763695712457694,2005-02-10,SHIPPED,1,2,2005,MOTORCYCLES,0.03867403314917128,S32_2206,EURO SHOPPING CHANNEL,(91) 555 94 44,"C/ MORALZARZAL, 86",MADRID,28034,SPAIN,EMEA,FREYRE,DIEGO,MEDIUM,2005,2,1
10379,0.5409836065573771,1.0,0.058823529411764705,0.6571696808315153,2005-02-10,SHIPPED,1,2,2005,VINTAGE CARS,0.7569060773480663,S18_1749,EURO SHOPPING CHANNEL,(91) 555 94 44,"C/ MORALZARZAL, 86",MADRID,28034,SPAIN,EMEA,FREYRE,DIEGO,MEDIUM,2005,2,1
10378,0.6557377049180328,0.20049234135667393,0.2941176470588235,0.19093445235525824,2005-02-10,SHIPPED,1,2,2005,CLASSIC CARS,0.15469613259668508,S24_3371,EURO SHOPPING CHANNEL,(91) 555 94 44,"C/ MORALZARZAL, 86",MADRID,28034,SPAIN,EMEA,FREYRE,DIEGO,SMALL,2005,2,1
10379,0.42622950819672134,0.6010667396061269,0.1764705882352941,0.23847328346290958,2005-02-10,SHIPPED,1,2,2005,CLASSIC CARS,0.5966850828729282,S18_3685,EURO SHOPPING CHANNEL,(91) 555 94 44,"C/ MORALZARZAL, 86",MADRID,28034,SPAIN,EMEA,FREYRE,DIEGO,SMALL,2005,2,1
10378,0.7049180327868853,0.550601750547046,0.4117647058823529,0.3752282757952484,2005-02-10,SHIPPED,1,2,2005,CLASSIC CARS,0.6353591160220994,S18_4721,EURO SHOPPING CHANNEL,(91) 555 94 44,"C/ MORALZARZAL, 86",MADRID,28034,SPAIN,EMEA,FREYRE,DIEGO,MEDIUM,2005,2,1
10378,0.459016393442623,0.21553610503282272,0.23529411764705882,0.129315189319399,2005-02-10,SHIPPED,1,2,2005,CLASSIC CARS,0.5027624309392266,S18_1589,EURO SHOPPING CHANNEL,(91) 555 94 44,"C/ MORALZARZAL, 86",MADRID,28034,SPAIN,EMEA,FREYRE,DIEGO,SMALL,2005,2,1
10378,0.5737704918032788,1.0,0.3529411764705882,0.7182837803073079,2005-02-10,SHIPPED,1,2,2005,CLASSIC CARS,0.022099447513812154,S24_2972,EURO SHOPPING CHANNEL,(91) 555 94 44,"C/ MORALZARZAL, 86",MADRID,28034,SPAIN,EMEA,FREYRE,DIEGO,MEDIUM,2005,2,1
10380,0.4918032786885246,0.1452407002188184,0.2941176470588235,0.11598314785054908,2005-02-16,SHIPPED,1,2,2005,CLASSIC CARS,0.3149171270718232,S24_2766,EURO SHOPPING CHANNEL,(91) 555 94 44,"C/ MORALZARZAL, 86",MADRID,28034,SPAIN,EMEA,FREYRE,DIEGO,SMALL,2005,2,1
10380,0.42622950819672134,1.0,0.0,0.3868256550922291,2005-02-16,SHIPPED,1,2,2005,VINTAGE CARS,0.32596685082872934,S18_4409,EURO SHOPPING CHANNEL,(91) 555 94 44,"C/ MORALZARZAL, 86",MADRID,28034,SPAIN,EMEA,FREYRE,DIEGO,MEDIUM,2005,2,1
10380,0.6065573770491803,0.9320295404814005,0.6470588235294117,0.48166409964284407,2005-02-16,SHIPPED,1,2,2005,VINTAGE CARS,0.04419889502762431,S24_3969,EURO SHOPPING CHANNEL,(91) 555 94 44,"C/ MORALZARZAL, 86",MADRID,28034,SPAIN,EMEA,FREYRE,DIEGO,MEDIUM,2005,2,1
10380,0.6229508196721312,0.7136214442013129,0.47058823529411764,0.40045705274482224,2005-02-16,SHIPPED,1,2,2005,CLASSIC CARS,0.287292817679558,S24_3191,EURO SHOPPING CHANNEL,(91) 555 94 44,"C/ MORALZARZAL, 86",MADRID,28034,SPAIN,EMEA,FREYRE,DIEGO,MEDIUM,2005,2,1
10380,0.42622950819672134,0.5973741794310722,0.1764705882352941,0.2373186238970429,2005-02-16,SHIPPED,1,2,2005,VINTAGE CARS,0.0,S24_1937,EURO SHOPPING CHANNEL,(91) 555 94 44,"C/ MORALZARZAL, 86",MADRID,28034,SPAIN,EMEA,FREYRE,DIEGO,SMALL,2005,2,1
10380,0.5573770491803279,1.0,0.5294117647058824,0.5946323030714079,2005-02-16,SHIPPED,1,2,2005,VINTAGE CARS,0.5193370165745856,S18_2325,EURO SHOPPING CHANNEL,(91) 555 94 44,"C/ MORALZARZAL, 86",MADRID,28034,SPAIN,EMEA,FREYRE,DIEGO,MEDIUM,2005,2,1
10380,0.34426229508196726,0.5671498905908096,0.23529411764705882,0.18219565733071844,2005-02-16,SHIPPED,1,2,2005,VINTAGE CARS,0.06077348066298344,S24_2022,EURO SHOPPING CHANNEL,(91) 555 94 44,"C/ MORALZARZAL, 86",MADRID,28034,SPAIN,EMEA,FREYRE,DIEGO,SMALL,2005,2,1
10380,0.2459016393442623,0.2776258205689278,0.4117647058823529,0.06797657270579902,2005-02-16,SHIPPED,1,2,2005,VINTAGE CARS,0.7458563535911602,S18_2795,EURO SHOPPING CHANNEL,(91) 555 94 44,"C/ MORALZARZAL, 86",MADRID,28034,SPAIN,EMEA,FREYRE,DIEGO,SMALL,2005,2,1
10380,0.459016393442623,1.0,0.1176470588235294,0.39553638547454306,2005-02-16,SHIPPED,1,2,2005,CLASSIC CARS,0.22099447513812154,S24_1046,EURO SHOPPING CHANNEL,(91) 555 94 44,"C/ MORALZARZAL, 86",MADRID,28034,SPAIN,EMEA,FREYRE,DIEGO,MEDIUM,2005,2,1
10380,0.6229508196721312,0.1286925601750547,0.3529411764705882,0.14896043887754795,2005-02-16,SHIPPED,1,2,2005,CLASSIC CARS,0.4640883977900553,S24_2887,EURO SHOPPING CHANNEL,(91) 555 94 44,"C/ MORALZARZAL, 86",MADRID,28034,SPAIN,EMEA,FREYRE,DIEGO,SMALL,2005,2,1
10380,0.29508196721311475,1.0,0.058823529411764705,0.5417638627638995,2005-02-16,SHIPPED,1,2,2005,CLASSIC CARS,0.2099447513812155,S18_4933,EURO SHOPPING CHANNEL,(91) 555 94 44,"C/ MORALZARZAL, 86",MADRID,28034,SPAIN,EMEA,FREYRE,DIEGO,MEDIUM,2005,2,1
10380,0.34426229508196726,0.9064551422319473,0.7058823529411764,0.27171785679682203,2005-02-16,SHIPPED,1,2,2005,VINTAGE CARS,0.3812154696132597,S18_1342,EURO SHOPPING CHANNEL,(91) 555 94 44,"C/ MORALZARZAL, 86",MADRID,28034,SPAIN,EMEA,FREYRE,DIEGO,SMALL,2005,2,1
10380,0.459016393442623,1.0,0.5882352941176471,0.4638751257062099,2005-02-16,SHIPPED,1,2,2005,CLASSIC CARS,0.4088397790055248,S24_3432,EURO SHOPPING CHANNEL,(91) 555 94 44,"C/ MORALZARZAL, 86",MADRID,28034,SPAIN,EMEA,FREYRE,DIEGO,MEDIUM,2005,2,1
10381,0.5081967213114754,1.0,0.2941176470588235,0.7683577840960346,2005-02-17,SHIPPED,1,2,2005,CLASSIC CARS,0.6298342541436464,S10_4962,CORPORATE GIFT IDEAS CO.,6505551386,7734 STRONG ST.,SAN FRANCISCO,28034,USA,DESCONOCIDO,BROWN,JULIE,MEDIUM,2005,2,1
10382,0.7213114754098361,1.0,0.3529411764705882,1.0,2005-02-17,SHIPPED,1,2,2005,VINTAGE CARS,0.3646408839779005,S18_3320,MINI GIFTS DISTRIBUTORS LTD.,4155551450,5677 STRONG ST.,SAN RAFAEL,97562,USA,DESCONOCIDO,NELSON,VALARIE,LARGE,2005,2,1
10381,0.4918032786885246,1.0,0.1176470588235294,1.0,2005-02-17,SHIPPED,1,2,2005,CLASSIC CARS,0.9999999999999999,S10_1949,CORPORATE GIFT IDEAS CO.,6505551386,7734 STRONG ST.,SAN FRANCISCO,28034,USA,DESCONOCIDO,BROWN,JULIE,LARGE,2005,2,1
10382,0.5081967213114754,1.0,0.5882352941176471,0.47973432138692784,2005-02-17,SHIPPED,1,2,2005,CLASSIC CARS,0.6519337016574586,S12_3148,MINI GIFTS DISTRIBUTORS LTD.,4155551450,5677 STRONG ST.,SAN RAFAEL,97562,USA,DESCONOCIDO,NELSON,VALARIE,MEDIUM,2005,2,1
10381,0.5737704918032788,1.0,0.4117647058823529,0.5128652997404021,2005-02-17,SHIPPED,1,2,2005,VINTAGE CARS,0.37569060773480667,S18_2949,CORPORATE GIFT IDEAS CO.,6505551386,7734 STRONG ST.,SAN FRANCISCO,28034,USA,DESCONOCIDO,BROWN,JULIE,MEDIUM,2005,2,1
10382,0.459016393442623,0.3823851203501094,0.47058823529411764,0.18474953977327777,2005-02-17,SHIPPED,1,2,2005,CLASSIC CARS,0.37569060773480667,S700_2824,MINI GIFTS DISTRIBUTORS LTD.,4155551450,5677 STRONG ST.,SAN RAFAEL,97562,USA,DESCONOCIDO,NELSON,VALARIE,SMALL,2005,2,1
10382,0.459016393442623,1.0,0.5294117647058824,0.44656325068741665,2005-02-17,SHIPPED,1,2,2005,CLASSIC CARS,0.9613259668508286,S12_1108,MINI GIFTS DISTRIBUTORS LTD.,4155551450,5677 STRONG ST.,SAN RAFAEL,97562,USA,DESCONOCIDO,NELSON,VALARIE,MEDIUM,2005,2,1
10382,0.5409836065573771,1.0,0.058823529411764705,0.9816169911362507,2005-02-17,SHIPPED,1,2,2005,VINTAGE CARS,0.09392265193370164,S18_4668,MINI GIFTS DISTRIBUTORS LTD.,4155551450,5677 STRONG ST.,SAN RAFAEL,97562,USA,DESCONOCIDO,NELSON,VALARIE,LARGE,2005,2,1
10382,0.3278688524590164,1.0,0.2941176470588235,0.29752396352932925,2005-02-17,SHIPPED,1,2,2005,TRUCKS AND BUSES,0.34806629834254144,S32_1268,MINI GIFTS DISTRIBUTORS LTD.,4155551450,5677 STRONG ST.,SAN RAFAEL,97562,USA,DESCONOCIDO,NELSON,VALARIE,SMALL,2005,2,1
10381,0.2295081967213115,1.0,0.0,0.3300762756883355,2005-02-17,SHIPPED,1,2,2005,TRUCKS AND BUSES,0.569060773480663,S12_1666,CORPORATE GIFT IDEAS CO.,6505551386,7734 STRONG ST.,SAN FRANCISCO,28034,USA,DESCONOCIDO,BROWN,JULIE,SMALL,2005,2,1
10382,0.5409836065573771,1.0,0.0,0.5891530157796793,2005-02-17,SHIPPED,1,2,2005,TRUCKS AND BUSES,0.4861878453038674,S18_4600,MINI GIFTS DISTRIBUTORS LTD.,4155551450,5677 STRONG ST.,SAN RAFAEL,97562,USA,DESCONOCIDO,NELSON,VALARIE,MEDIUM,2005,2,1
10381,0.47540983606557385,1.0,0.23529411764705882,0.5086475849373056,2005-02-17,SHIPPED,1,2,2005,VINTAGE CARS,0.39226519337016574,S18_3136,CORPORATE GIFT IDEAS CO.,6505551386,7734 STRONG ST.,SAN FRANCISCO,28034,USA,DESCONOCIDO,BROWN,JULIE,MEDIUM,2005,2,1
10381,0.5573770491803279,0.5634573304157549,0.1764705882352941,0.29949917977742063,2005-02-17,SHIPPED,1,2,2005,VINTAGE CARS,0.16022099447513816,S18_2957,CORPORATE GIFT IDEAS CO.,6505551386,7734 STRONG ST.,SAN FRANCISCO,28034,USA,DESCONOCIDO,BROWN,JULIE,SMALL,2005,2,1
10382,0.6885245901639344,1.0,0.4117647058823529,0.8442846690209784,2005-02-17,SHIPPED,1,2,2005,TRUCKS AND BUSES,0.1712707182320442,S32_3522,MINI GIFTS DISTRIBUTORS LTD.,4155551450,5677 STRONG ST.,SAN RAFAEL,97562,USA,DESCONOCIDO,NELSON,VALARIE,MEDIUM,2005,2,1
10382,0.4426229508196722,1.0,0.1764705882352941,0.5493292884610886,2005-02-17,SHIPPED,1,2,2005,VINTAGE CARS,0.35359116022099446,S24_4258,MINI GIFTS DISTRIBUTORS LTD.,4155551450,5677 STRONG ST.,SAN RAFAEL,97562,USA,DESCONOCIDO,NELSON,VALARIE,MEDIUM,2005,2,1
10381,0.47540983606557385,0.29731947483588617,0.3529411764705882,0.16298474152130407,2005-02-17,SHIPPED,1,2,2005,TRUCKS AND BUSES,0.14917127071823205,S18_2432,CORPORATE GIFT IDEAS CO.,6505551386,7734 STRONG ST.,SAN FRANCISCO,28034,USA,DESCONOCIDO,BROWN,JULIE,SMALL,2005,2,1
10381,0.3114754098360656,0.35489606126914663,0.47058823529411764,0.11207414411193783,2005-02-17,SHIPPED,1,2,2005,VINTAGE CARS,0.11049723756906077,S18_1367,CORPORATE GIFT IDEAS CO.,6505551386,7734 STRONG ST.,SAN FRANCISCO,28034,USA,DESCONOCIDO,BROWN,JULIE,SMALL,2005,2,1
10382,0.3114754098360656,0.8358862144420132,0.23529411764705882,0.2295781282888253,2005-02-17,SHIPPED,1,2,2005,CLASSIC CARS,0.718232044198895,S18_2238,MINI GIFTS DISTRIBUTORS LTD.,4155551450,5677 STRONG ST.,SAN RAFAEL,97562,USA,DESCONOCIDO,NELSON,VALARIE,SMALL,2005,2,1
10382,0.2295081967213115,1.0,0.1176470588235294,0.2903046684195931,2005-02-17,SHIPPED,1,2,2005,TRUCKS AND BUSES,0.5193370165745856,S24_2300,MINI GIFTS DISTRIBUTORS LTD.,4155551450,5677 STRONG ST.,SAN RAFAEL,97562,USA,DESCONOCIDO,NELSON,VALARIE,SMALL,2005,2,1
10382,0.42622950819672134,0.5429431072210066,0.7058823529411764,0.22029808659278538,2005-02-17,SHIPPED,1,2,2005,TRUCKS AND BUSES,0.4696132596685083,S12_4473,MINI GIFTS DISTRIBUTORS LTD.,4155551450,5677 STRONG ST.,SAN RAFAEL,97562,USA,DESCONOCIDO,NELSON,VALARIE,SMALL,2005,2,1
10381,0.6885245901639344,0.9726477024070022,0.058823529411764705,0.5642155765446412,2005-02-17,SHIPPED,1,2,2005,TRUCKS AND BUSES,0.45856353591160215,S18_1097,CORPORATE GIFT IDEAS CO.,6505551386,7734 STRONG ST.,SAN FRANCISCO,28034,USA,DESCONOCIDO,BROWN,JULIE,MEDIUM,2005,2,1
10382,0.459016393442623,0.9364059080962801,0.6470588235294117,0.3688188460754605,2005-02-17,SHIPPED,1,2,2005,CLASSIC CARS,0.7734806629834254,S12_3891,MINI GIFTS DISTRIBUTORS LTD.,4155551450,5677 STRONG ST.,SAN RAFAEL,97562,USA,DESCONOCIDO,NELSON,VALARIE,MEDIUM,2005,2,1
10383,0.5573770491803279,1.0,0.1176470588235294,0.749388758774377,2005-02-22,SHIPPED,1,2,2005,CLASSIC CARS,0.011049723756906105,S24_2840,EURO SHOPPING CHANNEL,(91) 555 94 44,"C/ MORALZARZAL, 86",MADRID,28034,SPAIN,EMEA,FREYRE,DIEGO,MEDIUM,2005,2,1
10383,0.29508196721311475,0.47374179431072216,0.47058823529411764,0.1328860809397646,2005-02-22,SHIPPED,1,2,2005,VINTAGE CARS,0.569060773480663,S18_3140,EURO SHOPPING CHANNEL,(91) 555 94 44,"C/ MORALZARZAL, 86",MADRID,28034,SPAIN,EMEA,FREYRE,DIEGO,SMALL,2005,2,1
10383,0.3770491803278689,1.0,0.7058823529411764,0.34812451346267576,2005-02-22,SHIPPED,1,2,2005,TRUCKS AND BUSES,0.4530386740331491,S50_1392,EURO SHOPPING CHANNEL,(91) 555 94 44,"C/ MORALZARZAL, 86",MADRID,28034,SPAIN,EMEA,FREYRE,DIEGO,MEDIUM,2005,2,1
10383,0.34426229508196726,1.0,0.5882352941176471,0.4492828481602624,2005-02-22,SHIPPED,1,2,2005,TRUCKS AND BUSES,0.4917127071823204,S18_2319,EURO SHOPPING CHANNEL,(91) 555 94 44,"C/ MORALZARZAL, 86",MADRID,28034,SPAIN,EMEA,FREYRE,DIEGO,MEDIUM,2005,2,1
10383,0.5245901639344263,0.45377461706783373,0.5294117647058824,0.24057412239525044,2005-02-22,SHIPPED,1,2,2005,TRAINS,0.13812154696132595,S50_1514,EURO SHOPPING CHANNEL,(91) 555 94 44,"C/ MORALZARZAL, 86",MADRID,28034,SPAIN,EMEA,FREYRE,DIEGO,SMALL,2005,2,1
10383,0.3278688524590164,1.0,0.6470588235294117,0.38199319098323137,2005-02-22,SHIPPED,1,2,2005,TRAINS,0.37016574585635353,S18_3259,EURO SHOPPING CHANNEL,(91) 555 94 44,"C/ MORALZARZAL, 86",MADRID,28034,SPAIN,EMEA,FREYRE,DIEGO,MEDIUM,2005,2,1
10383,0.6229508196721312,0.12568380743982493,0.4117647058823529,0.14766679251208617,2005-02-22,SHIPPED,1,2,2005,TRAINS,0.16022099447513816,S32_3207,EURO SHOPPING CHANNEL,(91) 555 94 44,"C/ MORALZARZAL, 86",MADRID,28034,SPAIN,EMEA,FREYRE,DIEGO,SMALL,2005,2,1
10383,0.36065573770491804,0.4335339168490153,0.3529411764705882,0.1547711562298494,2005-02-22,SHIPPED,1,2,2005,VINTAGE CARS,0.2983425414364641,S18_4522,EURO SHOPPING CHANNEL,(91) 555 94 44,"C/ MORALZARZAL, 86",MADRID,28034,SPAIN,EMEA,FREYRE,DIEGO,SMALL,2005,2,1
10383,0.5245901639344263,1.0,0.0,0.6493316271812741,2005-02-22,SHIPPED,1,2,2005,CLASSIC CARS,0.6077348066298343,S18_4027,EURO SHOPPING CHANNEL,(91) 555 94 44,"C/ MORALZARZAL, 86",MADRID,28034,SPAIN,EMEA,FREYRE,DIEGO,MEDIUM,2005,2,1
10383,0.6721311475409837,1.0,0.2941176470588235,0.8535553558362763,2005-02-22,SHIPPED,1,2,2005,CLASSIC CARS,0.7513812154696132,S18_3232,EURO SHOPPING CHANNEL,(91) 555 94 44,"C/ MORALZARZAL, 86",MADRID,28034,SPAIN,EMEA,FREYRE,DIEGO,MEDIUM,2005,2,1
10383,0.42622950819672134,0.35968271334792123,0.23529411764705882,0.16299275999051147,2005-02-22,SHIPPED,1,2,2005,TRUCKS AND BUSES,0.11602209944751385,S32_2509,EURO SHOPPING CHANNEL,(91) 555 94 44,"C/ MORALZARZAL, 86",MADRID,28034,SPAIN,EMEA,FREYRE,DIEGO,SMALL,2005,2,1
10383,0.26229508196721313,0.8873085339168492,0.058823529411764705,0.2053516599901774,2005-02-22,SHIPPED,1,2,2005,CLASSIC CARS,0.13259668508287292,S24_1444,EURO SHOPPING CHANNEL,(91) 555 94 44,"C/ MORALZARZAL, 86",MADRID,28034,SPAIN,EMEA,FREYRE,DIEGO,SMALL,2005,2,1
10383,0.2459016393442623,0.9167122538293215,0.1764705882352941,0.19912264582755612,2005-02-22,SHIPPED,1,2,2005,CLASSIC CARS,0.4696132596685083,S24_4048,EURO SHOPPING CHANNEL,(91) 555 94 44,"C/ MORALZARZAL, 86",MADRID,28034,SPAIN,EMEA,FREYRE,DIEGO,SMALL,2005,2,1
10384,0.6065573770491803,0.9708698030634575,0.058823529411764705,0.49798435730298785,2005-02-23,SHIPPED,1,2,2005,VINTAGE CARS,0.30386740331491713,S24_3151,CORPORATE GIFT IDEAS CO.,6505551386,7734 STRONG ST.,SAN FRANCISCO,28034,USA,DESCONOCIDO,BROWN,JULIE,MEDIUM,2005,2,1
10384,0.36065573770491804,0.7338621444201314,0.1176470588235294,0.23694442866736382,2005-02-23,SHIPPED,1,2,2005,SHIPS,0.4917127071823204,S24_2011,CORPORATE GIFT IDEAS CO.,6505551386,7734 STRONG ST.,SAN FRANCISCO,28034,USA,DESCONOCIDO,BROWN,JULIE,SMALL,2005,2,1
10384,0.7049180327868853,1.0,0.0,0.7905288514545169,2005-02-23,SHIPPED,1,2,2005,SHIPS,0.2928176795580111,S700_1938,CORPORATE GIFT IDEAS CO.,6505551386,7734 STRONG ST.,SAN FRANCISCO,28034,USA,DESCONOCIDO,BROWN,JULIE,MEDIUM,2005,2,1
10384,0.459016393442623,1.0,0.1764705882352941,0.5832861691429259,2005-02-23,SHIPPED,1,2,2005,CLASSIC CARS,0.569060773480663,S10_4757,CORPORATE GIFT IDEAS CO.,6505551386,7734 STRONG ST.,SAN FRANCISCO,28034,USA,DESCONOCIDO,BROWN,JULIE,MEDIUM,2005,2,1
10385,0.5081967213114754,0.8022428884026258,0.058823529411764705,0.35853916855156376,2005-02-28,SHIPPED,1,2,2005,VINTAGE CARS,0.27624309392265195,S24_3816,MINI GIFTS DISTRIBUTORS LTD.,4155551450,5677 STRONG ST.,SAN RAFAEL,97562,USA,DESCONOCIDO,NELSON,VALARIE,MEDIUM,2005,2,1
10385,0.3114754098360656,0.6900984682713349,0.0,0.1939627608925893,2005-02-28,SHIPPED,1,2,2005,SHIPS,0.18232044198895025,S700_1138,MINI GIFTS DISTRIBUTORS LTD.,4155551450,5677 STRONG ST.,SAN RAFAEL,97562,USA,DESCONOCIDO,NELSON,VALARIE,SMALL,2005,2,1
10386,0.5081967213114754,1.0,0.5294117647058824,0.6061214330340885,2005-03-01,RESOLVED,1,3,2005,SHIPS,0.2154696132596685,S700_2610,EURO SHOPPING CHANNEL,(91) 555 94 44,"C/ MORALZARZAL, 86",MADRID,28034,SPAIN,EMEA,FREYRE,DIEGO,MEDIUM,2005,3,1
10386,0.3770491803278689,0.8052516411378556,0.7058823529411764,0.26793848497706385,2005-03-01,RESOLVED,1,3,2005,SHIPS,0.3149171270718232,S700_2047,EURO SHOPPING CHANNEL,(91) 555 94 44,"C/ MORALZARZAL, 86",MADRID,28034,SPAIN,EMEA,FREYRE,DIEGO,SMALL,2005,3,1
10386,0.5737704918032788,0.6351203501094091,0.6470588235294117,0.33730893491341724,2005-03-01,RESOLVED,1,3,2005,PLANES,0.19337016574585636,S24_3949,EURO SHOPPING CHANNEL,(91) 555 94 44,"C/ MORALZARZAL, 86",MADRID,28034,SPAIN,EMEA,FREYRE,DIEGO,MEDIUM,2005,3,1
10386,0.5081967213114754,0.9044037199124728,0.23529411764705882,0.3954762469554875,2005-03-01,RESOLVED,1,3,2005,SHIPS,0.2928176795580111,S18_3029,EURO SHOPPING CHANNEL,(91) 555 94 44,"C/ MORALZARZAL, 86",MADRID,28034,SPAIN,EMEA,FREYRE,DIEGO,MEDIUM,2005,3,1
10386,0.7213114754098361,0.8242614879649892,0.8823529411764706,0.5179089168718616,2005-03-01,RESOLVED,1,3,2005,PLANES,0.08839779005524862,S72_1253,EURO SHOPPING CHANNEL,(91) 555 94 44,"C/ MORALZARZAL, 86",MADRID,28034,SPAIN,EMEA,FREYRE,DIEGO,MEDIUM,2005,3,1
10386,0.5081967213114754,0.7789934354485777,0.7647058823529411,0.3501331399991313,2005-03-01,RESOLVED,1,3,2005,PLANES,0.3646408839779005,S700_2466,EURO SHOPPING CHANNEL,(91) 555 94 44,"C/ MORALZARZAL, 86",MADRID,28034,SPAIN,EMEA,FREYRE,DIEGO,MEDIUM,2005,3,1
10386,0.3114754098360656,0.3786925601750547,0.3529411764705882,0.11788753428730844,2005-03-01,RESOLVED,1,3,2005,PLANES,0.6850828729281768,S18_1662,EURO SHOPPING CHANNEL,(91) 555 94 44,"C/ MORALZARZAL, 86",MADRID,28034,SPAIN,EMEA,FREYRE,DIEGO,SMALL,2005,3,1
10386,0.26229508196721313,0.4194474835886214,0.2941176470588235,0.10477065507552394,2005-03-01,RESOLVED,1,3,2005,VINTAGE CARS,0.39779005524861877,S18_3856,EURO SHOPPING CHANNEL,(91) 555 94 44,"C/ MORALZARZAL, 86",MADRID,28034,SPAIN,EMEA,FREYRE,DIEGO,SMALL,2005,3,1
10386,0.6065573770491803,1.0,0.1764705882352941,0.6595778944168067,2005-03-01,RESOLVED,1,3,2005,SHIPS,0.11602209944751385,S72_3212,EURO SHOPPING CHANNEL,(91) 555 94 44,"C/ MORALZARZAL, 86",MADRID,28034,SPAIN,EMEA,FREYRE,DIEGO,MEDIUM,2005,3,1
10386,0.42622950819672134,0.9225929978118161,0.9411764705882353,0.339014196031526,2005-03-01,RESOLVED,1,3,2005,PLANES,0.2596685082872928,S700_3167,EURO SHOPPING CHANNEL,(91) 555 94 44,"C/ MORALZARZAL, 86",MADRID,28034,SPAIN,EMEA,FREYRE,DIEGO,MEDIUM,2005,3,1
10386,0.47540983606557385,0.5043763676148796,0.47058823529411764,0.23380118873806,2005-03-01,RESOLVED,1,3,2005,VINTAGE CARS,0.17679558011049723,S24_3420,EURO SHOPPING CHANNEL,(91) 555 94 44,"C/ MORALZARZAL, 86",MADRID,28034,SPAIN,EMEA,FREYRE,DIEGO,SMALL,2005,3,1
10386,0.5409836065573771,0.3977024070021882,0.0,0.22723138963412393,2005-03-01,RESOLVED,1,3,2005,PLANES,0.19337016574585636,S24_2841,EURO SHOPPING CHANNEL,(91) 555 94 44,"C/ MORALZARZAL, 86",MADRID,28034,SPAIN,EMEA,FREYRE,DIEGO,SMALL,2005,3,1
10386,0.639344262295082,0.8916849015317287,0.058823529411764705,0.489323074147453,2005-03-01,RESOLVED,1,3,2005,SHIPS,0.37016574585635353,S700_3505,EURO SHOPPING CHANNEL,(91) 555 94 44,"C/ MORALZARZAL, 86",MADRID,28034,SPAIN,EMEA,FREYRE,DIEGO,MEDIUM,2005,3,1
10386,0.2459016393442623,0.6549507658643325,1.0,0.14540692060713178,2005-03-01,RESOLVED,1,3,2005,PLANES,0.281767955801105,S18_2581,EURO SHOPPING CHANNEL,(91) 555 94 44,"C/ MORALZARZAL, 86",MADRID,28034,SPAIN,EMEA,FREYRE,DIEGO,SMALL,2005,3,1
10386,0.4426229508196722,0.20281728665207877,0.5882352941176471,0.11951528353641222,2005-03-01,RESOLVED,1,3,2005,PLANES,0.419889502762431,S24_1785,EURO SHOPPING CHANNEL,(91) 555 94 44,"C/ MORALZARZAL, 86",MADRID,28034,SPAIN,EMEA,FREYRE,DIEGO,SMALL,2005,3,1
10386,0.7213114754098361,0.49863238512035013,0.4117647058823529,0.3588091236815465,2005-03-01,RESOLVED,1,3,2005,PLANES,0.2154696132596685,S24_4278,EURO SHOPPING CHANNEL,(91) 555 94 44,"C/ MORALZARZAL, 86",MADRID,28034,SPAIN,EMEA,FREYRE,DIEGO,MEDIUM,2005,3,1
10386,0.3934426229508197,0.938183807439825,0.1176470588235294,0.3183693106455202,2005-03-01,RESOLVED,1,3,2005,SHIPS,0.3646408839779005,S700_3962,EURO SHOPPING CHANNEL,(91) 555 94 44,"C/ MORALZARZAL, 86",MADRID,28034,SPAIN,EMEA,FREYRE,DIEGO,SMALL,2005,3,1
10386,0.6229508196721312,0.814004376367615,0.8235294117647058,0.44361779966522896,2005-03-01,RESOLVED,1,3,2005,PLANES,0.22651933701657456,S700_4002,EURO SHOPPING CHANNEL,(91) 555 94 44,"C/ MORALZARZAL, 86",MADRID,28034,SPAIN,EMEA,FREYRE,DIEGO,MEDIUM,2005,3,1
10387,0.6229508196721312,0.9302516411378556,0.0,0.4935995910580705,2005-03-02,SHIPPED,1,3,2005,MOTORCYCLES,0.3646408839779005,S32_1374,"DRAGON SOUVENIERS, LTD.",+65 221 7555,"BRONZ SOK., BRONZ APT. 3/6 TESVIKIYE",SINGAPORE,79903,SINGAPORE,JAPAN,NATIVIDAD,ERIC,MEDIUM,2005,3,1
10388,0.34426229508196726,1.0,0.0,0.3647401180719591,2005-03-03,SHIPPED,1,3,2005,VINTAGE CARS,0.05524861878453041,S50_1341,FUNGIFTIDEAS.COM,5085552555,1785 FIRST STREET,NEW BEDFORD,50553,USA,DESCONOCIDO,BENITEZ,VIOLETA,MEDIUM,2005,3,1
10389,0.5409836065573771,1.0,0.23529411764705882,0.8685164829657646,2005-03-03,SHIPPED,1,3,2005,MOTORCYCLES,0.14917127071823205,S18_2625,SCANDINAVIAN GIFT IDEAS,0695-34 6555,?KERGATAN 24,BORAS,S-844 67,SWEDEN,EMEA,LARSSON,MARIA,MEDIUM,2005,3,1
10389,0.6721311475409837,1.0,0.4117647058823529,0.6363537347690849,2005-03-03,SHIPPED,1,3,2005,CLASSIC CARS,0.4530386740331491,S12_4675,SCANDINAVIAN GIFT IDEAS,0695-34 6555,?KERGATAN 24,BORAS,S-844 67,SWEDEN,EMEA,LARSSON,MARIA,MEDIUM,2005,3,1
10388,0.5901639344262295,0.6766958424507659,0.1764705882352941,0.3641708067582331,2005-03-03,SHIPPED,1,3,2005,MOTORCYCLES,0.3425414364640884,S10_1678,FUNGIFTIDEAS.COM,5085552555,1785 FIRST STREET,NEW BEDFORD,50553,USA,DESCONOCIDO,BENITEZ,VIOLETA,MEDIUM,2005,3,1
10388,0.47540983606557385,1.0,0.4117647058823529,0.4593005890233839,2005-03-03,SHIPPED,1,3,2005,VINTAGE CARS,0.19337016574585636,S32_4289,FUNGIFTIDEAS.COM,5085552555,1785 FIRST STREET,NEW BEDFORD,50553,USA,DESCONOCIDO,BENITEZ,VIOLETA,MEDIUM,2005,3,1
10389,0.7049180327868853,0.7158096280087527,0.1176470588235294,0.4543331473493948,2005-03-03,SHIPPED,1,3,2005,CLASSIC CARS,0.2430939226519337,S18_1889,SCANDINAVIAN GIFT IDEAS,0695-34 6555,?KERGATAN 24,BORAS,S-844 67,SWEDEN,EMEA,LARSSON,MARIA,MEDIUM,2005,3,1
10388,0.6229508196721312,1.0,0.2941176470588235,0.7309248970127861,2005-03-03,SHIPPED,1,3,2005,MOTORCYCLES,0.6464088397790055,S12_2823,FUNGIFTIDEAS.COM,5085552555,1785 FIRST STREET,NEW BEDFORD,50553,USA,DESCONOCIDO,BENITEZ,VIOLETA,MEDIUM,2005,3,1
10388,0.7213114754098361,0.24111050328227568,0.23529411764705882,0.23298597770197355,2005-03-03,SHIPPED,1,3,2005,MOTORCYCLES,0.4696132596685083,S10_2016,FUNGIFTIDEAS.COM,5085552555,1785 FIRST STREET,NEW BEDFORD,50553,USA,DESCONOCIDO,BENITEZ,VIOLETA,SMALL,2005,3,1
10388,0.7213114754098361,1.0,0.1176470588235294,0.8917032230905185,2005-03-03,SHIPPED,1,3,2005,PLANES,0.4696132596685083,S700_2834,FUNGIFTIDEAS.COM,5085552555,1785 FIRST STREET,NEW BEDFORD,50553,USA,DESCONOCIDO,BENITEZ,VIOLETA,LARGE,2005,3,1
10389,0.639344262295082,1.0,0.0,0.5500028398745109,2005-03-03,SHIPPED,1,3,2005,MOTORCYCLES,0.43646408839779005,S24_1578,SCANDINAVIAN GIFT IDEAS,0695-34 6555,?KERGATAN 24,BORAS,S-844 67,SWEDEN,EMEA,LARSSON,MARIA,MEDIUM,2005,3,1
10389,0.3114754098360656,0.6222647702407001,0.2941176470588235,0.17739125786394663,2005-03-03,SHIPPED,1,3,2005,CLASSIC CARS,0.4640883977900553,S12_3380,SCANDINAVIAN GIFT IDEAS,0695-34 6555,?KERGATAN 24,BORAS,S-844 67,SWEDEN,EMEA,LARSSON,MARIA,SMALL,2005,3,1
10389,0.3278688524590164,0.986870897155361,0.1764705882352941,0.27969890648126183,2005-03-03,SHIPPED,1,3,2005,CLASSIC CARS,0.8895027624309392,S12_1099,SCANDINAVIAN GIFT IDEAS,0695-34 6555,?KERGATAN 24,BORAS,S-844 67,SWEDEN,EMEA,LARSSON,MARIA,SMALL,2005,3,1
10388,0.2459016393442623,0.8190645514223194,0.3529411764705882,0.17908449127824425,2005-03-03,SHIPPED,1,3,2005,MOTORCYCLES,0.8839779005524863,S10_4698,FUNGIFTIDEAS.COM,5085552555,1785 FIRST STREET,NEW BEDFORD,50553,USA,DESCONOCIDO,BENITEZ,VIOLETA,SMALL,2005,3,1
10388,0.6557377049180328,1.0,0.058823529411764705,1.0,2005-03-03,SHIPPED,1,3,2005,PLANES,0.3204419889502762,S700_1691,FUNGIFTIDEAS.COM,5085552555,1785 FIRST STREET,NEW BEDFORD,50553,USA,DESCONOCIDO,BENITEZ,VIOLETA,LARGE,2005,3,1
10389,0.7049180327868853,0.7456236323851204,0.058823529411764705,0.4686086953616496,2005-03-03,SHIPPED,1,3,2005,MOTORCYCLES,0.23756906077348067,S24_2000,SCANDINAVIAN GIFT IDEAS,0695-34 6555,?KERGATAN 24,BORAS,S-844 67,SWEDEN,EMEA,LARSSON,MARIA,MEDIUM,2005,3,1
10389,0.4918032786885246,0.5932713347921226,0.3529411764705882,0.27359417859135543,2005-03-03,SHIPPED,1,3,2005,CLASSIC CARS,0.2541436464088398,S12_3990,SCANDINAVIAN GIFT IDEAS,0695-34 6555,?KERGATAN 24,BORAS,S-844 67,SWEDEN,EMEA,LARSSON,MARIA,SMALL,2005,3,1
10390,0.7213114754098361,1.0,0.0,0.9241112028037914,2005-03-04,SHIPPED,1,3,2005,CLASSIC CARS,0.6243093922651933,S18_3482,MINI GIFTS DISTRIBUTORS LTD.,4155551450,5677 STRONG ST.,SAN RAFAEL,97562,USA,DESCONOCIDO,NELSON,VALARIE,LARGE,2005,3,1
10390,0.4918032786885246,1.0,0.058823529411764705,0.614459304598258,2005-03-04,SHIPPED,1,3,2005,MOTORCYCLES,0.16022099447513816,S18_3782,MINI GIFTS DISTRIBUTORS LTD.,4155551450,5677 STRONG ST.,SAN RAFAEL,97562,USA,DESCONOCIDO,NELSON,VALARIE,MEDIUM,2005,3,1
10390,0.3278688524590164,0.700629102844639,0.3529411764705882,0.20697406359314285,2005-03-04,SHIPPED,1,3,2005,VINTAGE CARS,0.7458563535911602,S18_2795,MINI GIFTS DISTRIBUTORS LTD.,4155551450,5677 STRONG ST.,SAN RAFAEL,97562,USA,DESCONOCIDO,NELSON,VALARIE,SMALL,2005,3,1
10390,0.4098360655737705,0.986187089715536,0.8823529411764706,0.34567086188520896,2005-03-04,SHIPPED,1,3,2005,VINTAGE CARS,0.5193370165745856,S18_2325,MINI GIFTS DISTRIBUTORS LTD.,4155551450,5677 STRONG ST.,SAN RAFAEL,97562,USA,DESCONOCIDO,NELSON,VALARIE,MEDIUM,2005,3,1
10390,0.5573770491803279,1.0,0.47058823529411764,0.6694713490072134,2005-03-04,SHIPPED,1,3,2005,CLASSIC CARS,0.2596685082872928,S18_3278,MINI GIFTS DISTRIBUTORS LTD.,4155551450,5677 STRONG ST.,SAN RAFAEL,97562,USA,DESCONOCIDO,NELSON,VALARIE,MEDIUM,2005,3,1
10390,0.4918032786885246,0.9147975929978118,0.7647058823529411,0.3867027052310488,2005-03-04,SHIPPED,1,3,2005,CLASSIC CARS,0.5966850828729282,S18_1129,MINI GIFTS DISTRIBUTORS LTD.,4155551450,5677 STRONG ST.,SAN RAFAEL,97562,USA,DESCONOCIDO,NELSON,VALARIE,MEDIUM,2005,3,1
10390,0.459016393442623,0.22114332603938724,0.8235294117647058,0.13117814699858676,2005-03-04,SHIPPED,1,3,2005,CLASSIC CARS,0.6022099447513812,S18_1984,MINI GIFTS DISTRIBUTORS LTD.,4155551450,5677 STRONG ST.,SAN RAFAEL,97562,USA,DESCONOCIDO,NELSON,VALARIE,SMALL,2005,3,1
10390,0.639344262295082,0.3022428884026258,0.6470588235294117,0.2301260570179981,2005-03-04,SHIPPED,1,3,2005,MOTORCYCLES,0.3812154696132597,S32_4485,MINI GIFTS DISTRIBUTORS LTD.,4155551450,5677 STRONG ST.,SAN RAFAEL,97562,USA,DESCONOCIDO,NELSON,VALARIE,SMALL,2005,3,1
10390,0.5081967213114754,1.0,0.23529411764705882,0.5897049537434558,2005-03-04,SHIPPED,1,3,2005,CLASSIC CARS,0.022099447513812154,S24_2972,MINI GIFTS DISTRIBUTORS LTD.,4155551450,5677 STRONG ST.,SAN RAFAEL,97562,USA,DESCONOCIDO,NELSON,VALARIE,MEDIUM,2005,3,1
10390,0.639344262295082,1.0,0.4117647058823529,0.839389393569856,2005-03-04,SHIPPED,1,3,2005,CLASSIC CARS,0.5911602209944752,S24_3856,MINI GIFTS DISTRIBUTORS LTD.,4155551450,5677 STRONG ST.,SAN RAFAEL,97562,USA,DESCONOCIDO,NELSON,VALARIE,MEDIUM,2005,3,1
10390,0.7049180327868853,1.0,0.1176470588235294,0.8527388083886552,2005-03-04,SHIPPED,1,3,2005,CLASSIC CARS,0.6353591160220994,S18_4721,MINI GIFTS DISTRIBUTORS LTD.,4155551450,5677 STRONG ST.,SAN RAFAEL,97562,USA,DESCONOCIDO,NELSON,VALARIE,MEDIUM,2005,3,1
10390,0.6557377049180328,0.3550328227571117,0.2941176470588235,0.2604011239221006,2005-03-04,SHIPPED,1,3,2005,CLASSIC CARS,0.15469613259668508,S24_3371,MINI GIFTS DISTRIBUTORS LTD.,4155551450,5677 STRONG ST.,SAN RAFAEL,97562,USA,DESCONOCIDO,NELSON,VALARIE,SMALL,2005,3,1
10390,0.47540983606557385,0.5231126914660831,0.1764705882352941,0.24020928204631337,2005-03-04,SHIPPED,1,3,2005,MOTORCYCLES,0.19889502762430938,S24_2360,MINI GIFTS DISTRIBUTORS LTD.,4155551450,5677 STRONG ST.,SAN RAFAEL,97562,USA,DESCONOCIDO,NELSON,VALARIE,SMALL,2005,3,1
10390,0.3934426229508197,0.7595733041575492,0.5294117647058824,0.2660087067211477,2005-03-04,SHIPPED,1,3,2005,CLASSIC CARS,0.2596685082872928,S24_4620,MINI GIFTS DISTRIBUTORS LTD.,4155551450,5677 STRONG ST.,SAN RAFAEL,97562,USA,DESCONOCIDO,NELSON,VALARIE,SMALL,2005,3,1
10390,0.26229508196721313,1.0,0.7058823529411764,0.40213291280917046,2005-03-04,SHIPPED,1,3,2005,MOTORCYCLES,0.26519337016574585,S50_4713,MINI GIFTS DISTRIBUTORS LTD.,4155551450,5677 STRONG ST.,SAN RAFAEL,97562,USA,DESCONOCIDO,NELSON,VALARIE,MEDIUM,2005,3,1
10390,0.5737704918032788,0.24179431072210067,0.5882352941176471,0.17972463240330228,2005-03-04,SHIPPED,1,3,2005,MOTORCYCLES,0.03867403314917128,S32_2206,MINI GIFTS DISTRIBUTORS LTD.,4155551450,5677 STRONG ST.,SAN RAFAEL,97562,USA,DESCONOCIDO,NELSON,VALARIE,SMALL,2005,3,1
10391,0.4426229508196722,1.0,0.4117647058823529,1.0,2005-03-09,SHIPPED,1,3,2005,VINTAGE CARS,0.0,S24_1937,"ANNA'S DECORATIONS, LTD",02 9936 8555,201 MILLER STREET,NORTH SYDNEY,2060,AUSTRALIA,APAC,O'HARA,ANNA,LARGE,2005,3,1
10391,0.5081967213114754,0.27379649890590807,0.3529411764705882,0.1674750842774524,2005-03-09,SHIPPED,1,3,2005,CLASSIC CARS,0.6298342541436464,S10_4962,"ANNA'S DECORATIONS, LTD",02 9936 8555,201 MILLER STREET,NORTH SYDNEY,2060,AUSTRALIA,APAC,O'HARA,ANNA,SMALL,2005,3,1
10391,0.29508196721311475,1.0,0.1764705882352941,0.2585194564814289,2005-03-09,SHIPPED,1,3,2005,CLASSIC CARS,0.9999999999999999,S10_1949,"ANNA'S DECORATIONS, LTD",02 9936 8555,201 MILLER STREET,NORTH SYDNEY,2060,AUSTRALIA,APAC,O'HARA,ANNA,SMALL,2005,3,1
10391,0.42622950819672134,0.25123085339168494,0.2941176470588235,0.12907998088931505,2005-03-09,SHIPPED,1,3,2005,VINTAGE CARS,0.37569060773480667,S18_2949,"ANNA'S DECORATIONS, LTD",02 9936 8555,201 MILLER STREET,NORTH SYDNEY,2060,AUSTRALIA,APAC,O'HARA,ANNA,SMALL,2005,3,1
10391,0.3770491803278689,0.7962253829321662,0.5294117647058824,0.26538059329990077,2005-03-09,SHIPPED,1,3,2005,TRUCKS AND BUSES,0.45856353591160215,S18_1097,"ANNA'S DECORATIONS, LTD",02 9936 8555,201 MILLER STREET,NORTH SYDNEY,2060,AUSTRALIA,APAC,O'HARA,ANNA,SMALL,2005,3,1
10391,0.5409836065573771,0.4967177242888403,0.47058823529411764,0.2649663057241847,2005-03-09,SHIPPED,1,3,2005,TRUCKS AND BUSES,0.569060773480663,S12_1666,"ANNA'S DECORATIONS, LTD",02 9936 8555,201 MILLER STREET,NORTH SYDNEY,2060,AUSTRALIA,APAC,O'HARA,ANNA,SMALL,2005,3,1
10391,0.29508196721311475,1.0,0.0,0.47575582424851914,2005-03-09,SHIPPED,1,3,2005,VINTAGE CARS,0.06077348066298344,S24_2022,"ANNA'S DECORATIONS, LTD",02 9936 8555,201 MILLER STREET,NORTH SYDNEY,2060,AUSTRALIA,APAC,O'HARA,ANNA,MEDIUM,2005,3,1
10391,0.6229508196721312,0.15891684901531733,0.23529411764705882,0.16195570463968675,2005-03-09,SHIPPED,1,3,2005,TRUCKS AND BUSES,0.14917127071823205,S18_2432,"ANNA'S DECORATIONS, LTD",02 9936 8555,201 MILLER STREET,NORTH SYDNEY,2060,AUSTRALIA,APAC,O'HARA,ANNA,SMALL,2005,3,1
10391,0.5901639344262295,1.0,0.1176470588235294,0.6035060756609391,2005-03-09,SHIPPED,1,3,2005,VINTAGE CARS,0.11049723756906077,S18_1367,"ANNA'S DECORATIONS, LTD",02 9936 8555,201 MILLER STREET,NORTH SYDNEY,2060,AUSTRALIA,APAC,O'HARA,ANNA,MEDIUM,2005,3,1
10391,0.47540983606557385,1.0,0.058823529411764705,0.6771289871002877,2005-03-09,SHIPPED,1,3,2005,VINTAGE CARS,0.3812154696132597,S18_1342,"ANNA'S DECORATIONS, LTD",02 9936 8555,201 MILLER STREET,NORTH SYDNEY,2060,AUSTRALIA,APAC,O'HARA,ANNA,MEDIUM,2005,3,1
10392,0.5081967213114754,0.45240700218818386,0.1176470588235294,0.23205316245084512,2005-03-10,SHIPPED,1,3,2005,VINTAGE CARS,0.16022099447513816,S18_2957,MINI AUTO WERKE,7675-3555,KIRCHGASSE 6,GRAZ,8010,AUSTRIA,EMEA,MENDEL,ROLAND,SMALL,2005,3,1
10392,0.4918032786885246,1.0,0.0,0.47493794038936354,2005-03-10,SHIPPED,1,3,2005,VINTAGE CARS,0.3646408839779005,S18_3320,MINI AUTO WERKE,7675-3555,KIRCHGASSE 6,GRAZ,8010,AUSTRIA,EMEA,MENDEL,ROLAND,MEDIUM,2005,3,1
10392,0.3770491803278689,0.8211159737417943,0.058823529411764705,0.27243417337935044,2005-03-10,SHIPPED,1,3,2005,VINTAGE CARS,0.39226519337016574,S18_3136,MINI AUTO WERKE,7675-3555,KIRCHGASSE 6,GRAZ,8010,AUSTRIA,EMEA,MENDEL,ROLAND,SMALL,2005,3,1
10394,0.4918032786885246,0.4908369803063458,0.1176470588235294,0.2375591779732651,2005-03-15,SHIPPED,1,3,2005,TRUCKS AND BUSES,0.11602209944751385,S32_2509,EURO SHOPPING CHANNEL,(91) 555 94 44,"C/ MORALZARZAL, 86",MADRID,28034,SPAIN,EMEA,FREYRE,DIEGO,SMALL,2005,3,1
10394,0.4098360655737705,0.3201586433260394,0.058823529411764705,0.1439128125114848,2005-03-15,SHIPPED,1,3,2005,CLASSIC CARS,0.13259668508287292,S24_1444,EURO SHOPPING CHANNEL,(91) 555 94 44,"C/ MORALZARZAL, 86",MADRID,28034,SPAIN,EMEA,FREYRE,DIEGO,SMALL,2005,3,1
10394,0.26229508196721313,1.0,0.23529411764705882,0.3836690510475796,2005-03-15,SHIPPED,1,3,2005,CLASSIC CARS,0.7513812154696132,S18_3232,EURO SHOPPING CHANNEL,(91) 555 94 44,"C/ MORALZARZAL, 86",MADRID,28034,SPAIN,EMEA,FREYRE,DIEGO,MEDIUM,2005,3,1
10394,0.5081967213114754,1.0,0.0,0.7877410969934082,2005-03-15,SHIPPED,1,3,2005,CLASSIC CARS,0.6077348066298343,S18_4027,EURO SHOPPING CHANNEL,(91) 555 94 44,"C/ MORALZARZAL, 86",MADRID,28034,SPAIN,EMEA,FREYRE,DIEGO,MEDIUM,2005,3,1
10394,0.5081967213114754,1.0,0.3529411764705882,0.6315373075985019,2005-03-15,SHIPPED,1,3,2005,CLASSIC CARS,0.4696132596685083,S24_4048,EURO SHOPPING CHANNEL,(91) 555 94 44,"C/ MORALZARZAL, 86",MADRID,28034,SPAIN,EMEA,FREYRE,DIEGO,MEDIUM,2005,3,1
10394,0.6557377049180328,0.1643873085339168,0.2941176470588235,0.17470507067946506,2005-03-15,SHIPPED,1,3,2005,CLASSIC CARS,0.011049723756906105,S24_2840,EURO SHOPPING CHANNEL,(91) 555 94 44,"C/ MORALZARZAL, 86",MADRID,28034,SPAIN,EMEA,FREYRE,DIEGO,SMALL,2005,3,1
10394,0.3934426229508197,0.45678336980306344,0.1764705882352941,0.17724425259514417,2005-03-15,SHIPPED,1,3,2005,TRAINS,0.16022099447513816,S32_3207,EURO SHOPPING CHANNEL,(91) 555 94 44,"C/ MORALZARZAL, 86",MADRID,28034,SPAIN,EMEA,FREYRE,DIEGO,SMALL,2005,3,1
10395,0.4426229508196722,0.5776805251641138,0.0,0.24039771607268745,2005-03-17,SHIPPED,1,3,2005,CLASSIC CARS,0.9613259668508286,S12_1108,LYON SOUVENIERS,+33 1 46 62 7555,27 RUE DU COLONEL PIERRE AVIA,PARIS,75508,FRANCE,EMEA,DA CUNHA,DANIEL,SMALL,2005,3,1
10395,0.639344262295082,1.0,0.1176470588235294,1.0,2005-03-17,SHIPPED,1,3,2005,TRAINS,0.13812154696132595,S50_1514,LYON SOUVENIERS,+33 1 46 62 7555,27 RUE DU COLONEL PIERRE AVIA,PARIS,75508,FRANCE,EMEA,DA CUNHA,DANIEL,LARGE,2005,3,1
10395,0.42622950819672134,1.0,0.058823529411764705,0.3860131168792118,2005-03-17,SHIPPED,1,3,2005,CLASSIC CARS,0.569060773480663,S10_4757,LYON SOUVENIERS,+33 1 46 62 7555,27 RUE DU COLONEL PIERRE AVIA,PARIS,75508,FRANCE,EMEA,DA CUNHA,DANIEL,MEDIUM,2005,3,1
10395,0.6557377049180328,1.0,0.1764705882352941,0.6963813316672737,2005-03-17,SHIPPED,1,3,2005,TRUCKS AND BUSES,0.4530386740331491,S50_1392,LYON SOUVENIERS,+33 1 46 62 7555,27 RUE DU COLONEL PIERRE AVIA,PARIS,75508,FRANCE,EMEA,DA CUNHA,DANIEL,MEDIUM,2005,3,1
10396,0.639344262295082,1.0,0.23529411764705882,0.5689464733770117,2005-03-23,SHIPPED,1,3,2005,VINTAGE CARS,0.2983425414364641,S18_4522,MINI GIFTS DISTRIBUTORS LTD.,4155551450,5677 STRONG ST.,SAN RAFAEL,97562,USA,DESCONOCIDO,NELSON,VALARIE,MEDIUM,2005,3,1
10396,0.7049180327868853,1.0,0.2941176470588235,0.700095219321838,2005-03-23,SHIPPED,1,3,2005,SHIPS,0.4917127071823204,S24_2011,MINI GIFTS DISTRIBUTORS LTD.,4155551450,5677 STRONG ST.,SAN RAFAEL,97562,USA,DESCONOCIDO,NELSON,VALARIE,MEDIUM,2005,3,1
10396,0.4426229508196722,1.0,0.058823529411764705,0.6403549509035812,2005-03-23,SHIPPED,1,3,2005,VINTAGE CARS,0.569060773480663,S18_3140,MINI GIFTS DISTRIBUTORS LTD.,4155551450,5677 STRONG ST.,SAN RAFAEL,97562,USA,DESCONOCIDO,NELSON,VALARIE,MEDIUM,2005,3,1
10396,0.34426229508196726,0.7702407002188185,0.3529411764705882,0.23577907780922058,2005-03-23,SHIPPED,1,3,2005,VINTAGE CARS,0.30386740331491713,S24_3151,MINI GIFTS DISTRIBUTORS LTD.,4155551450,5677 STRONG ST.,SAN RAFAEL,97562,USA,DESCONOCIDO,NELSON,VALARIE,SMALL,2005,3,1
10396,0.5409836065573771,0.5441739606126915,0.0,0.2830519630214929,2005-03-23,SHIPPED,1,3,2005,SHIPS,0.18232044198895025,S700_1138,MINI GIFTS DISTRIBUTORS LTD.,4155551450,5677 STRONG ST.,SAN RAFAEL,97562,USA,DESCONOCIDO,NELSON,VALARIE,SMALL,2005,3,1
10396,0.29508196721311475,0.8598194748358863,0.1764705882352941,0.22343063522981266,2005-03-23,SHIPPED,1,3,2005,TRAINS,0.37016574585635353,S18_3259,MINI GIFTS DISTRIBUTORS LTD.,4155551450,5677 STRONG ST.,SAN RAFAEL,97562,USA,DESCONOCIDO,NELSON,VALARIE,SMALL,2005,3,1
10396,0.5081967213114754,0.8710339168490153,0.4117647058823529,0.383411123621408,2005-03-23,SHIPPED,1,3,2005,VINTAGE CARS,0.27624309392265195,S24_3816,MINI GIFTS DISTRIBUTORS LTD.,4155551450,5677 STRONG ST.,SAN RAFAEL,97562,USA,DESCONOCIDO,NELSON,VALARIE,MEDIUM,2005,3,1
10396,0.4426229508196722,1.0,0.1176470588235294,0.7520201530859413,2005-03-23,SHIPPED,1,3,2005,CLASSIC CARS,0.7734806629834254,S12_3891,MINI GIFTS DISTRIBUTORS LTD.,4155551450,5677 STRONG ST.,SAN RAFAEL,97562,USA,DESCONOCIDO,NELSON,VALARIE,MEDIUM,2005,3,1
10397,0.4918032786885246,1.0,0.058823529411764705,0.4420301427621621,2005-03-28,SHIPPED,1,3,2005,SHIPS,0.3646408839779005,S700_3962,ALPHA COGNAC,61.77.6555,1 RUE ALSACE-LORRAINE,TOULOUSE,31000,FRANCE,EMEA,ROULET,ANNETTE,MEDIUM,2005,3,1
10397,0.6885245901639344,1.0,0.1176470588235294,0.6295179897697698,2005-03-28,SHIPPED,1,3,2005,SHIPS,0.37016574585635353,S700_3505,ALPHA COGNAC,61.77.6555,1 RUE ALSACE-LORRAINE,TOULOUSE,31000,FRANCE,EMEA,ROULET,ANNETTE,MEDIUM,2005,3,1
10397,0.42622950819672134,0.7339989059080962,0.23529411764705882,0.2800410278341112,2005-03-28,SHIPPED,1,3,2005,SHIPS,0.2928176795580111,S700_1938,ALPHA COGNAC,61.77.6555,1 RUE ALSACE-LORRAINE,TOULOUSE,31000,FRANCE,EMEA,ROULET,ANNETTE,SMALL,2005,3,1
10397,0.459016393442623,0.48358862144420134,0.0,0.2183736539830075,2005-03-28,SHIPPED,1,3,2005,SHIPS,0.11602209944751385,S72_3212,ALPHA COGNAC,61.77.6555,1 RUE ALSACE-LORRAINE,TOULOUSE,31000,FRANCE,EMEA,ROULET,ANNETTE,SMALL,2005,3,1
10397,0.26229508196721313,0.5418490153172867,0.1764705882352941,0.131084598191167,2005-03-28,SHIPPED,1,3,2005,SHIPS,0.2154696132596685,S700_2610,ALPHA COGNAC,61.77.6555,1 RUE ALSACE-LORRAINE,TOULOUSE,31000,FRANCE,EMEA,ROULET,ANNETTE,SMALL,2005,3,1
10398,0.639344262295082,1.0,0.9411764705882353,0.5786287749449566,2005-03-30,SHIPPED,1,3,2005,VINTAGE CARS,0.39779005524861877,S18_3856,REIMS COLLECTABLES,26.47.1555,59 RUE DE L'ABBAYE,REIMS,51100,FRANCE,EMEA,HENRIOT,PAUL,MEDIUM,2005,3,1
10398,0.27868852459016397,1.0,0.47058823529411764,0.31121015405483965,2005-03-30,SHIPPED,1,3,2005,PLANES,0.4696132596685083,S700_2834,REIMS COLLECTABLES,26.47.1555,59 RUE DE L'ABBAYE,REIMS,51100,FRANCE,EMEA,HENRIOT,PAUL,SMALL,2005,3,1
10398,0.4918032786885246,0.8271334792122538,0.6470588235294117,0.35586367265935875,2005-03-30,SHIPPED,1,3,2005,PLANES,0.22651933701657456,S700_4002,REIMS COLLECTABLES,26.47.1555,59 RUE DE L'ABBAYE,REIMS,51100,FRANCE,EMEA,HENRIOT,PAUL,MEDIUM,2005,3,1
10398,0.459016393442623,0.6838074398249452,0.8235294117647058,0.28489487452766205,2005-03-30,SHIPPED,1,3,2005,PLANES,0.281767955801105,S18_2581,REIMS COLLECTABLES,26.47.1555,59 RUE DE L'ABBAYE,REIMS,51100,FRANCE,EMEA,HENRIOT,PAUL,SMALL,2005,3,1
10398,0.6721311475409837,0.8316466083150984,0.2941176470588235,0.4863602497753159,2005-03-30,SHIPPED,1,3,2005,PLANES,0.3204419889502762,S700_1691,REIMS COLLECTABLES,26.47.1555,59 RUE DE L'ABBAYE,REIMS,51100,FRANCE,EMEA,HENRIOT,PAUL,MEDIUM,2005,3,1
10398,0.4426229508196722,1.0,0.5882352941176471,0.4988770802080793,2005-03-30,SHIPPED,1,3,2005,PLANES,0.6850828729281768,S18_1662,REIMS COLLECTABLES,26.47.1555,59 RUE DE L'ABBAYE,REIMS,51100,FRANCE,EMEA,HENRIOT,PAUL,MEDIUM,2005,3,1
10398,0.26229508196721313,0.5542943107221006,0.1764705882352941,0.13376009408337203,2005-03-30,SHIPPED,1,3,2005,VINTAGE CARS,0.19337016574585636,S32_4289,REIMS COLLECTABLES,26.47.1555,59 RUE DE L'ABBAYE,REIMS,51100,FRANCE,EMEA,HENRIOT,PAUL,SMALL,2005,3,1
10398,0.26229508196721313,0.8189277899343546,0.4117647058823529,0.19065113310992987,2005-03-30,SHIPPED,1,3,2005,PLANES,0.3646408839779005,S700_2466,REIMS COLLECTABLES,26.47.1555,59 RUE DE L'ABBAYE,REIMS,51100,FRANCE,EMEA,HENRIOT,PAUL,SMALL,2005,3,1
10398,0.639344262295082,0.7025437636761487,0.7647058823529411,0.4061515022936163,2005-03-30,SHIPPED,1,3,2005,PLANES,0.2154696132596685,S24_4278,REIMS COLLECTABLES,26.47.1555,59 RUE DE L'ABBAYE,REIMS,51100,FRANCE,EMEA,HENRIOT,PAUL,MEDIUM,2005,3,1
10398,0.36065573770491804,0.6206236323851204,1.0,0.20596106364994038,2005-03-30,SHIPPED,1,3,2005,SHIPS,0.2928176795580111,S18_3029,REIMS COLLECTABLES,26.47.1555,59 RUE DE L'ABBAYE,REIMS,51100,FRANCE,EMEA,HENRIOT,PAUL,SMALL,2005,3,1
10398,0.7049180327868853,0.13375273522975928,0.23529411764705882,0.17563254028445519,2005-03-30,SHIPPED,1,3,2005,VINTAGE CARS,0.05524861878453041,S50_1341,REIMS COLLECTABLES,26.47.1555,59 RUE DE L'ABBAYE,REIMS,51100,FRANCE,EMEA,HENRIOT,PAUL,SMALL,2005,3,1
10398,0.36065573770491804,0.4194474835886214,0.1176470588235294,0.15091694536415545,2005-03-30,SHIPPED,1,3,2005,PLANES,0.19337016574585636,S24_2841,REIMS COLLECTABLES,26.47.1555,59 RUE DE L'ABBAYE,REIMS,51100,FRANCE,EMEA,HENRIOT,PAUL,SMALL,2005,3,1
10398,0.459016393442623,0.612554704595186,0.7058823529411764,0.2612216806043253,2005-03-30,SHIPPED,1,3,2005,VINTAGE CARS,0.17679558011049723,S24_3420,REIMS COLLECTABLES,26.47.1555,59 RUE DE L'ABBAYE,REIMS,51100,FRANCE,EMEA,HENRIOT,PAUL,SMALL,2005,3,1
10398,0.5737704918032788,0.5656455142231946,0.058823529411764705,0.3094741554714359,2005-03-30,SHIPPED,1,3,2005,PLANES,0.19337016574585636,S24_3949,REIMS COLLECTABLES,26.47.1555,59 RUE DE L'ABBAYE,REIMS,51100,FRANCE,EMEA,HENRIOT,PAUL,SMALL,2005,3,1
10398,0.3770491803278689,0.5295404814004375,0.5294117647058824,0.18980652102008294,2005-03-30,SHIPPED,1,3,2005,PLANES,0.2596685082872928,S700_3167,REIMS COLLECTABLES,26.47.1555,59 RUE DE L'ABBAYE,REIMS,51100,FRANCE,EMEA,HENRIOT,PAUL,SMALL,2005,3,1
10398,0.4918032786885246,1.0,0.3529411764705882,0.45814726586905175,2005-03-30,SHIPPED,1,3,2005,SHIPS,0.3149171270718232,S700_2047,REIMS COLLECTABLES,26.47.1555,59 RUE DE L'ABBAYE,REIMS,51100,FRANCE,EMEA,HENRIOT,PAUL,MEDIUM,2005,3,1
10398,0.6065573770491803,1.0,0.8823529411764706,0.6775646572605568,2005-03-30,SHIPPED,1,3,2005,PLANES,0.419889502762431,S24_1785,REIMS COLLECTABLES,26.47.1555,59 RUE DE L'ABBAYE,REIMS,51100,FRANCE,EMEA,HENRIOT,PAUL,MEDIUM,2005,3,1
10398,0.459016393442623,0.18243982494529543,0.0,0.11831919521297388,2005-03-30,SHIPPED,1,3,2005,PLANES,0.08839779005524862,S72_1253,REIMS COLLECTABLES,26.47.1555,59 RUE DE L'ABBAYE,REIMS,51100,FRANCE,EMEA,HENRIOT,PAUL,SMALL,2005,3,1
10400,0.5245901639344263,0.4146608315098469,0.1176470588235294,0.22605000183756585,2005-04-01,SHIPPED,2,4,2005,VINTAGE CARS,0.17679558011049723,S24_3420,THE SHARP GIFTS WAREHOUSE,4085553659,3086 INGLE LN.,SAN JOSE,94217,USA,DESCONOCIDO,FRICK,SUE,SMALL,2005,4,2
10400,0.9508196721311476,1.0,0.47058823529411764,1.0,2005-04-01,SHIPPED,2,4,2005,CLASSIC CARS,0.569060773480663,S10_4757,THE SHARP GIFTS WAREHOUSE,4085553659,3086 INGLE LN.,SAN JOSE,94217,USA,DESCONOCIDO,FRICK,SUE,LARGE,2005,4,2
10400,0.2295081967213115,0.39989059080962797,0.1764705882352941,0.08556642132378245,2005-04-01,SHIPPED,2,4,2005,PLANES,0.08839779005524862,S72_1253,THE SHARP GIFTS WAREHOUSE,4085553659,3086 INGLE LN.,SAN JOSE,94217,USA,DESCONOCIDO,FRICK,SUE,SMALL,2005,4,2
10400,0.459016393442623,1.0,0.0,0.7953907166172751,2005-04-01,SHIPPED,2,4,2005,PLANES,0.6850828729281768,S18_1662,THE SHARP GIFTS WAREHOUSE,4085553659,3086 INGLE LN.,SAN JOSE,94217,USA,DESCONOCIDO,FRICK,SUE,MEDIUM,2005,4,2
10400,0.8524590163934427,1.0,0.2941176470588235,0.9121396282771317,2005-04-01,SHIPPED,2,4,2005,VINTAGE CARS,0.39779005524861877,S18_3856,THE SHARP GIFTS WAREHOUSE,4085553659,3086 INGLE LN.,SAN JOSE,94217,USA,DESCONOCIDO,FRICK,SUE,LARGE,2005,4,2
10400,0.3934426229508197,0.6559080962800876,0.3529411764705882,0.23561870842507238,2005-04-01,SHIPPED,2,4,2005,SHIPS,0.2928176795580111,S18_3029,THE SHARP GIFTS WAREHOUSE,4085553659,3086 INGLE LN.,SAN JOSE,94217,USA,DESCONOCIDO,FRICK,SUE,SMALL,2005,4,2
10400,0.29508196721311475,0.47565645514223187,0.058823529411764705,0.1333351152153794,2005-04-01,SHIPPED,2,4,2005,PLANES,0.19337016574585636,S24_2841,THE SHARP GIFTS WAREHOUSE,4085553659,3086 INGLE LN.,SAN JOSE,94217,USA,DESCONOCIDO,FRICK,SUE,SMALL,2005,4,2
10400,0.5901639344262295,0.6301969365426695,0.4117647058823529,0.34508685004460277,2005-04-01,SHIPPED,2,4,2005,VINTAGE CARS,0.27624309392265195,S24_3816,THE SHARP GIFTS WAREHOUSE,4085553659,3086 INGLE LN.,SAN JOSE,94217,USA,DESCONOCIDO,FRICK,SUE,MEDIUM,2005,4,2
10400,0.6557377049180328,0.8331509846827132,0.23529411764705882,0.4753174812651808,2005-04-01,SHIPPED,2,4,2005,SHIPS,0.3149171270718232,S700_2047,THE SHARP GIFTS WAREHOUSE,4085553659,3086 INGLE LN.,SAN JOSE,94217,USA,DESCONOCIDO,FRICK,SUE,MEDIUM,2005,4,2
10401,1.0,0.8461433260393874,0.5294117647058824,0.9437230420735763,2005-04-03,ON HOLD,2,4,2005,PLANES,0.3646408839779005,S700_2466,TEKNI COLLECTABLES INC.,2015559350,7476 MOSS RD.,NEWARK,94019,USA,DESCONOCIDO,BROWN,WILLIAM,LARGE,2005,4,2
10401,1.0,0.8905908096280089,0.47058823529411764,0.8822815217718144,2005-04-03,ON HOLD,2,4,2005,PLANES,0.2596685082872928,S700_3167,TEKNI COLLECTABLES INC.,2015559350,7476 MOSS RD.,NEWARK,94019,USA,DESCONOCIDO,BROWN,WILLIAM,LARGE,2005,4,2
10401,0.5901639344262295,0.6721827133479212,0.1176470588235294,0.362318540371322,2005-04-03,ON HOLD,2,4,2005,PLANES,0.281767955801105,S18_2581,TEKNI COLLECTABLES INC.,2015559350,7476 MOSS RD.,NEWARK,94019,USA,DESCONOCIDO,BROWN,WILLIAM,MEDIUM,2005,4,2
10401,0.5245901639344263,0.9492614879649892,0.23529411764705882,0.424563244005359,2005-04-03,ON HOLD,2,4,2005,PLANES,0.419889502762431,S24_1785,TEKNI COLLECTABLES INC.,2015559350,7476 MOSS RD.,NEWARK,94019,USA,DESCONOCIDO,BROWN,WILLIAM,MEDIUM,2005,4,2
10401,0.0819672131147541,1.0,0.4117647058823529,0.08729172861490966,2005-04-03,ON HOLD,2,4,2005,PLANES,0.3204419889502762,S700_1691,TEKNI COLLECTABLES INC.,2015559350,7476 MOSS RD.,NEWARK,94019,USA,DESCONOCIDO,BROWN,WILLIAM,SMALL,2005,4,2
10401,0.36065573770491804,0.624589715536105,0.5882352941176471,0.20704622981600956,2005-04-03,ON HOLD,2,4,2005,PLANES,0.22651933701657456,S700_4002,TEKNI COLLECTABLES INC.,2015559350,7476 MOSS RD.,NEWARK,94019,USA,DESCONOCIDO,BROWN,WILLIAM,SMALL,2005,4,2
10401,0.2459016393442623,0.9467997811816193,0.058823529411764705,0.20529686711726008,2005-04-03,ON HOLD,2,4,2005,PLANES,0.4696132596685083,S700_2834,TEKNI COLLECTABLES INC.,2015559350,7476 MOSS RD.,NEWARK,94019,USA,DESCONOCIDO,BROWN,WILLIAM,SMALL,2005,4,2
10401,0.7540983606557378,0.7420678336980306,0.1764705882352941,0.4994370366410632,2005-04-03,ON HOLD,2,4,2005,PLANES,0.2154696132596685,S24_4278,TEKNI COLLECTABLES INC.,2015559350,7476 MOSS RD.,NEWARK,94019,USA,DESCONOCIDO,BROWN,WILLIAM,MEDIUM,2005,4,2
10401,0.819672131147541,0.11583698030634576,0.3529411764705882,0.2001236180669475,2005-04-03,ON HOLD,2,4,2005,VINTAGE CARS,0.05524861878453041,S50_1341,TEKNI COLLECTABLES INC.,2015559350,7476 MOSS RD.,NEWARK,94019,USA,DESCONOCIDO,BROWN,WILLIAM,SMALL,2005,4,2
10401,0.9508196721311476,0.4536378555798687,0.6470588235294117,0.44917727164903154,2005-04-03,ON HOLD,2,4,2005,PLANES,0.19337016574585636,S24_3949,TEKNI COLLECTABLES INC.,2015559350,7476 MOSS RD.,NEWARK,94019,USA,DESCONOCIDO,BROWN,WILLIAM,MEDIUM,2005,4,2
10401,0.7049180327868853,1.0,0.0,0.6027857498438068,2005-04-03,ON HOLD,2,4,2005,MOTORCYCLES,0.3646408839779005,S32_1374,TEKNI COLLECTABLES INC.,2015559350,7476 MOSS RD.,NEWARK,94019,USA,DESCONOCIDO,BROWN,WILLIAM,MEDIUM,2005,4,2
10401,0.9180327868852459,0.6954321663019694,0.2941176470588235,0.5796190558920714,2005-04-03,ON HOLD,2,4,2005,VINTAGE CARS,0.19337016574585636,S32_4289,TEKNI COLLECTABLES INC.,2015559350,7476 MOSS RD.,NEWARK,94019,USA,DESCONOCIDO,BROWN,WILLIAM,MEDIUM,2005,4,2
10402,0.639344262295082,1.0,0.0,0.7152033517201287,2005-04-07,SHIPPED,2,4,2005,MOTORCYCLES,0.4696132596685083,S10_2016,AUTO CANAL PETIT,(1) 47.55.6555,"25, RUE LAURISTON",PARIS,75016,FRANCE,EMEA,PERRIER,DOMINIQUE,MEDIUM,2005,4,2
10402,0.8688524590163935,0.8304157549234135,0.1176470588235294,0.626278528209977,2005-04-07,SHIPPED,2,4,2005,MOTORCYCLES,0.23756906077348067,S24_2000,AUTO CANAL PETIT,(1) 47.55.6555,"25, RUE LAURISTON",PARIS,75016,FRANCE,EMEA,PERRIER,DOMINIQUE,MEDIUM,2005,4,2
10402,0.8032786885245902,0.3944201312910284,0.058823529411764705,0.34512426956757064,2005-04-07,SHIPPED,2,4,2005,MOTORCYCLES,0.14917127071823205,S18_2625,AUTO CANAL PETIT,(1) 47.55.6555,"25, RUE LAURISTON",PARIS,75016,FRANCE,EMEA,PERRIER,DOMINIQUE,MEDIUM,2005,4,2
10403,0.34426229508196726,0.7216903719912473,0.1764705882352941,0.22296957325038674,2005-04-08,SHIPPED,2,4,2005,MOTORCYCLES,0.19889502762430938,S24_2360,"UK COLLECTABLES, LTD.",(171) 555-2282,BERKELEY GARDENS 12  BREWERY,LIVERPOOL,WX1 6LT,UK,EMEA,DEVON,ELIZABETH,SMALL,2005,4,2
10403,0.29508196721311475,1.0,0.3529411764705882,0.2609249972436512,2005-04-08,SHIPPED,2,4,2005,MOTORCYCLES,0.3425414364640884,S10_1678,"UK COLLECTABLES, LTD.",(171) 555-2282,BERKELEY GARDENS 12  BREWERY,LIVERPOOL,WX1 6LT,UK,EMEA,DEVON,ELIZABETH,SMALL,2005,4,2
10403,0.639344262295082,1.0,0.23529411764705882,0.6290849924325697,2005-04-08,SHIPPED,2,4,2005,MOTORCYCLES,0.3812154696132597,S32_4485,"UK COLLECTABLES, LTD.",(171) 555-2282,BERKELEY GARDENS 12  BREWERY,LIVERPOOL,WX1 6LT,UK,EMEA,DEVON,ELIZABETH,MEDIUM,2005,4,2
10403,0.4918032786885246,0.34655361050328226,0.0,0.18680226789037419,2005-04-08,SHIPPED,2,4,2005,MOTORCYCLES,0.16022099447513816,S18_3782,"UK COLLECTABLES, LTD.",(171) 555-2282,BERKELEY GARDENS 12  BREWERY,LIVERPOOL,WX1 6LT,UK,EMEA,DEVON,ELIZABETH,SMALL,2005,4,2
10403,0.4098360655737705,0.5670131291028446,0.1176470588235294,0.21869171992823472,2005-04-08,SHIPPED,2,4,2005,MOTORCYCLES,0.26519337016574585,S50_4713,"UK COLLECTABLES, LTD.",(171) 555-2282,BERKELEY GARDENS 12  BREWERY,LIVERPOOL,WX1 6LT,UK,EMEA,DEVON,ELIZABETH,SMALL,2005,4,2
10403,0.3934426229508197,0.18257658643326036,0.058823529411764705,0.09685909879088167,2005-04-08,SHIPPED,2,4,2005,MOTORCYCLES,0.03867403314917128,S32_2206,"UK COLLECTABLES, LTD.",(171) 555-2282,BERKELEY GARDENS 12  BREWERY,LIVERPOOL,WX1 6LT,UK,EMEA,DEVON,ELIZABETH,SMALL,2005,4,2
10403,0.6557377049180328,1.0,0.4117647058823529,0.6422219178173727,2005-04-08,SHIPPED,2,4,2005,MOTORCYCLES,0.43646408839779005,S24_1578,"UK COLLECTABLES, LTD.",(171) 555-2282,BERKELEY GARDENS 12  BREWERY,LIVERPOOL,WX1 6LT,UK,EMEA,DEVON,ELIZABETH,MEDIUM,2005,4,2
10403,0.9836065573770493,1.0,0.47058823529411764,1.0,2005-04-08,SHIPPED,2,4,2005,MOTORCYCLES,0.8839779005524863,S10_4698,"UK COLLECTABLES, LTD.",(171) 555-2282,BERKELEY GARDENS 12  BREWERY,LIVERPOOL,WX1 6LT,UK,EMEA,DEVON,ELIZABETH,LARGE,2005,4,2
10403,0.9836065573770493,1.0,0.2941176470588235,1.0,2005-04-08,SHIPPED,2,4,2005,MOTORCYCLES,0.6464088397790055,S12_2823,"UK COLLECTABLES, LTD.",(171) 555-2282,BERKELEY GARDENS 12  BREWERY,LIVERPOOL,WX1 6LT,UK,EMEA,DEVON,ELIZABETH,LARGE,2005,4,2
10405,0.6721311475409837,0.24179431072210067,0.058823529411764705,0.21545493119151116,2005-04-14,SHIPPED,2,4,2005,CLASSIC CARS,0.022099447513812154,S24_2972,MINI CARAVY,88.60.1555,"24, PLACE KLUBER",STRASBOURG,67000,FRANCE,EMEA,CITEAUX,FREDERIQUE,SMALL,2005,4,2
10405,1.0,1.0,0.1176470588235294,1.0,2005-04-14,SHIPPED,2,4,2005,CLASSIC CARS,0.5911602209944752,S24_3856,MINI CARAVY,88.60.1555,"24, PLACE KLUBER",STRASBOURG,67000,FRANCE,EMEA,CITEAUX,FREDERIQUE,LARGE,2005,4,2
10405,0.9016393442622951,0.6433260393873086,0.1764705882352941,0.5381715885589808,2005-04-14,SHIPPED,2,4,2005,CLASSIC CARS,0.2430939226519337,S18_1889,MINI CARAVY,88.60.1555,"24, PLACE KLUBER",STRASBOURG,67000,FRANCE,EMEA,CITEAUX,FREDERIQUE,MEDIUM,2005,4,2
10405,0.8032786885245902,1.0,0.0,1.0,2005-04-14,SHIPPED,2,4,2005,CLASSIC CARS,0.7513812154696132,S18_3232,MINI CARAVY,88.60.1555,"24, PLACE KLUBER",STRASBOURG,67000,FRANCE,EMEA,CITEAUX,FREDERIQUE,LARGE,2005,4,2
10405,1.0,0.9080962800875274,0.23529411764705882,1.0,2005-04-14,SHIPPED,2,4,2005,CLASSIC CARS,0.4530386740331491,S12_4675,MINI CARAVY,88.60.1555,"24, PLACE KLUBER",STRASBOURG,67000,FRANCE,EMEA,CITEAUX,FREDERIQUE,LARGE,2005,4,2
10406,0.6885245901639344,1.0,0.058823529411764705,0.8936784393386099,2005-04-15,DISPUTED,2,4,2005,CLASSIC CARS,0.6022099447513812,S18_1984,DANISH WHOLESALE IMPORTS,31 12 3555,VINB'LTET 34,KOBENHAVN,1734,DENMARK,EMEA,PETERSEN,JYTTE,LARGE,2005,4,2
10406,0.9016393442622951,1.0,0.1176470588235294,1.0,2005-04-15,DISPUTED,2,4,2005,CLASSIC CARS,0.5966850828729282,S18_1129,DANISH WHOLESALE IMPORTS,31 12 3555,VINB'LTET 34,KOBENHAVN,1734,DENMARK,EMEA,PETERSEN,JYTTE,LARGE,2005,4,2
10406,0.9672131147540984,1.0,0.0,1.0,2005-04-15,DISPUTED,2,4,2005,CLASSIC CARS,0.5966850828729282,S18_3685,DANISH WHOLESALE IMPORTS,31 12 3555,VINB'LTET 34,KOBENHAVN,1734,DENMARK,EMEA,PETERSEN,JYTTE,LARGE,2005,4,2
10407,0.8688524590163935,0.9815371991247266,0.23529411764705882,0.7134058782061349,2005-04-22,ON HOLD,2,4,2005,CLASSIC CARS,0.4640883977900553,S24_2887,THE SHARP GIFTS WAREHOUSE,4085553659,3086 INGLE LN.,SAN JOSE,94217,USA,DESCONOCIDO,FRICK,SUE,MEDIUM,2005,4,2
10407,0.9836065573770493,0.548550328227571,0.1764705882352941,0.5264405681085433,2005-04-22,ON HOLD,2,4,2005,CLASSIC CARS,0.2099447513812155,S18_4933,THE SHARP GIFTS WAREHOUSE,4085553659,3086 INGLE LN.,SAN JOSE,94217,USA,DESCONOCIDO,FRICK,SUE,MEDIUM,2005,4,2
10407,0.8688524590163935,1.0,0.5882352941176471,0.8774891500088539,2005-04-22,ON HOLD,2,4,2005,CLASSIC CARS,0.5027624309392266,S18_1589,THE SHARP GIFTS WAREHOUSE,4085553659,3086 INGLE LN.,SAN JOSE,94217,USA,DESCONOCIDO,FRICK,SUE,LARGE,2005,4,2
10407,0.9508196721311476,0.18285010940919033,0.5294117647058824,0.27982720198858035,2005-04-22,ON HOLD,2,4,2005,CLASSIC CARS,0.09392265193370164,S24_1628,THE SHARP GIFTS WAREHOUSE,4085553659,3086 INGLE LN.,SAN JOSE,94217,USA,DESCONOCIDO,FRICK,SUE,SMALL,2005,4,2
10407,0.6065573770491803,0.8185175054704596,0.47058823529411764,0.43396757197411373,2005-04-22,ON HOLD,2,4,2005,CLASSIC CARS,0.4088397790055248,S24_3432,THE SHARP GIFTS WAREHOUSE,4085553659,3086 INGLE LN.,SAN JOSE,94217,USA,DESCONOCIDO,FRICK,SUE,MEDIUM,2005,4,2
10407,1.0,1.0,0.058823529411764705,1.0,2005-04-22,ON HOLD,2,4,2005,VINTAGE CARS,0.7569060773480663,S18_1749,THE SHARP GIFTS WAREHOUSE,4085553659,3086 INGLE LN.,SAN JOSE,94217,USA,DESCONOCIDO,FRICK,SUE,LARGE,2005,4,2
10407,0.0,0.8658369803063457,0.1176470588235294,0.007886164465485498,2005-04-22,ON HOLD,2,4,2005,VINTAGE CARS,0.32596685082872934,S18_4409,THE SHARP GIFTS WAREHOUSE,4085553659,3086 INGLE LN.,SAN JOSE,94217,USA,DESCONOCIDO,FRICK,SUE,SMALL,2005,4,2
10407,0.5901639344262295,0.625957330415755,0.0,0.3433468422265953,2005-04-22,ON HOLD,2,4,2005,VINTAGE CARS,0.14917127071823205,S18_2248,THE SHARP GIFTS WAREHOUSE,4085553659,3086 INGLE LN.,SAN JOSE,94217,USA,DESCONOCIDO,FRICK,SUE,MEDIUM,2005,4,2
10407,0.5737704918032788,1.0,0.6470588235294117,0.7890213792435242,2005-04-22,ON HOLD,2,4,2005,CLASSIC CARS,0.5469613259668508,S18_2870,THE SHARP GIFTS WAREHOUSE,4085553659,3086 INGLE LN.,SAN JOSE,94217,USA,DESCONOCIDO,FRICK,SUE,MEDIUM,2005,4,2
10407,0.11475409836065575,0.7446663019693653,0.3529411764705882,0.07686504582221049,2005-04-22,ON HOLD,2,4,2005,CLASSIC CARS,0.287292817679558,S24_3191,THE SHARP GIFTS WAREHOUSE,4085553659,3086 INGLE LN.,SAN JOSE,94217,USA,DESCONOCIDO,FRICK,SUE,SMALL,2005,4,2
10407,1.0,0.9247811816192559,0.2941176470588235,0.8953783548105804,2005-04-22,ON HOLD,2,4,2005,CLASSIC CARS,0.3149171270718232,S24_2766,THE SHARP GIFTS WAREHOUSE,4085553659,3086 INGLE LN.,SAN JOSE,94217,USA,DESCONOCIDO,FRICK,SUE,LARGE,2005,4,2
10408,0.1475409836065574,0.13744529540481398,0.0,0.009598107641267048,2005-04-22,SHIPPED,2,4,2005,VINTAGE CARS,0.04419889502762431,S24_3969,"TOKYO COLLECTABLES, LTD",+81 3 3584 0555,2-2-8 ROPPONGI,MINATO-KU,106-0032,JAPAN,JAPAN,SHIMAMURA,AKIKO,SMALL,2005,4,2
10407,0.3278688524590164,0.6776531728665209,0.4117647058823529,0.20113661801015004,2005-04-22,ON HOLD,2,4,2005,CLASSIC CARS,0.22099447513812154,S24_1046,THE SHARP GIFTS WAREHOUSE,4085553659,3086 INGLE LN.,SAN JOSE,94217,USA,DESCONOCIDO,FRICK,SUE,SMALL,2005,4,2
10409,0.9016393442622951,0.036378555798687096,0.0,0.17638093074381325,2005-04-23,SHIPPED,2,4,2005,VINTAGE CARS,0.0,S24_1937,HANDJI GIFTS& CO,+65 224 1555,VILLAGE CLOSE - 106 LINDEN ROAD SANDOWN,SINGAPORE,69045,SINGAPORE,APAC,VICTORINO,WENDY,SMALL,2005,4,2
10409,0.0,1.0,0.058823529411764705,0.040561426485671986,2005-04-23,SHIPPED,2,4,2005,VINTAGE CARS,0.5193370165745856,S18_2325,HANDJI GIFTS& CO,+65 224 1555,VILLAGE CLOSE - 106 LINDEN ROAD SANDOWN,SINGAPORE,69045,SINGAPORE,APAC,VICTORINO,WENDY,SMALL,2005,4,2
10411,0.34426229508196726,1.0,0.4117647058823529,0.3649566167405591,2005-05-01,SHIPPED,2,5,2005,TRUCKS AND BUSES,0.45856353591160215,S18_1097,QUEBEC HOME SHOPPING NETWORK,(514) 555-8054,43 RUE ST. LAURENT,MONTREAL,H1J 1C3,CANADA,DESCONOCIDO,FRESNISRE,JEAN,MEDIUM,2005,5,2
10411,0.5573770491803279,1.0,0.2941176470588235,0.7684192590266247,2005-05-01,SHIPPED,2,5,2005,TRUCKS AND BUSES,0.569060773480663,S12_1666,QUEBEC HOME SHOPPING NETWORK,(514) 555-8054,43 RUE ST. LAURENT,MONTREAL,H1J 1C3,CANADA,DESCONOCIDO,FRESNISRE,JEAN,MEDIUM,2005,5,2
10411,0.6557377049180328,1.0,0.1176470588235294,0.6352752506606885,2005-05-01,SHIPPED,2,5,2005,TRUCKS AND BUSES,0.4861878453038674,S18_4600,QUEBEC HOME SHOPPING NETWORK,(514) 555-8054,43 RUE ST. LAURENT,MONTREAL,H1J 1C3,CANADA,DESCONOCIDO,FRESNISRE,JEAN,MEDIUM,2005,5,2
10411,0.47540983606557385,0.4511761487964989,0.3529411764705882,0.21560594569491726,2005-05-01,SHIPPED,2,5,2005,VINTAGE CARS,0.09392265193370164,S18_4668,QUEBEC HOME SHOPPING NETWORK,(514) 555-8054,43 RUE ST. LAURENT,MONTREAL,H1J 1C3,CANADA,DESCONOCIDO,FRESNISRE,JEAN,SMALL,2005,5,2
10411,0.27868852459016397,1.0,0.47058823529411764,0.48887270346030354,2005-05-01,SHIPPED,2,5,2005,CLASSIC CARS,0.9999999999999999,S10_1949,QUEBEC HOME SHOPPING NETWORK,(514) 555-8054,43 RUE ST. LAURENT,MONTREAL,H1J 1C3,CANADA,DESCONOCIDO,FRESNISRE,JEAN,MEDIUM,2005,5,2
10411,0.34426229508196726,0.5782275711159737,0.23529411764705882,0.18511838935681854,2005-05-01,SHIPPED,2,5,2005,TRUCKS AND BUSES,0.1712707182320442,S32_3522,QUEBEC HOME SHOPPING NETWORK,(514) 555-8054,43 RUE ST. LAURENT,MONTREAL,H1J 1C3,CANADA,DESCONOCIDO,FRESNISRE,JEAN,SMALL,2005,5,2
10411,0.459016393442623,1.0,0.1764705882352941,0.41357526836814135,2005-05-01,SHIPPED,2,5,2005,CLASSIC CARS,0.37569060773480667,S700_2824,QUEBEC HOME SHOPPING NETWORK,(514) 555-8054,43 RUE ST. LAURENT,MONTREAL,H1J 1C3,CANADA,DESCONOCIDO,FRESNISRE,JEAN,MEDIUM,2005,5,2
10411,0.34426229508196726,1.0,0.058823529411764705,0.5272945350791323,2005-05-01,SHIPPED,2,5,2005,CLASSIC CARS,0.6298342541436464,S10_4962,QUEBEC HOME SHOPPING NETWORK,(514) 555-8054,43 RUE ST. LAURENT,MONTREAL,H1J 1C3,CANADA,DESCONOCIDO,FRESNISRE,JEAN,MEDIUM,2005,5,2
10411,0.3278688524590164,1.0,0.0,0.32375772195289815,2005-05-01,SHIPPED,2,5,2005,TRUCKS AND BUSES,0.34806629834254144,S32_1268,QUEBEC HOME SHOPPING NETWORK,(514) 555-8054,43 RUE ST. LAURENT,MONTREAL,H1J 1C3,CANADA,DESCONOCIDO,FRESNISRE,JEAN,SMALL,2005,5,2
10412,0.5737704918032788,1.0,0.1764705882352941,0.8326912989586014,2005-05-03,SHIPPED,2,5,2005,CLASSIC CARS,0.718232044198895,S18_2238,EURO SHOPPING CHANNEL,(91) 555 94 44,"C/ MORALZARZAL, 86",MADRID,28034,SPAIN,EMEA,FREYRE,DIEGO,MEDIUM,2005,5,2
10412,0.21311475409836067,0.2984135667396062,0.3529411764705882,0.05922574997744805,2005-05-03,SHIPPED,2,5,2005,TRUCKS AND BUSES,0.11602209944751385,S32_2509,EURO SHOPPING CHANNEL,(91) 555 94 44,"C/ MORALZARZAL, 86",MADRID,28034,SPAIN,EMEA,FREYRE,DIEGO,SMALL,2005,5,2
10412,0.8852459016393444,1.0,0.47058823529411764,1.0,2005-05-03,SHIPPED,2,5,2005,CLASSIC CARS,0.7513812154696132,S18_3232,EURO SHOPPING CHANNEL,(91) 555 94 44,"C/ MORALZARZAL, 86",MADRID,28034,SPAIN,EMEA,FREYRE,DIEGO,LARGE,2005,5,2
10412,0.2459016393442623,0.3517505470459519,0.058823529411764705,0.08318760879225148,2005-05-03,SHIPPED,2,5,2005,CLASSIC CARS,0.13259668508287292,S24_1444,EURO SHOPPING CHANNEL,(91) 555 94 44,"C/ MORALZARZAL, 86",MADRID,28034,SPAIN,EMEA,FREYRE,DIEGO,SMALL,2005,5,2
10412,0.7868852459016394,1.0,0.23529411764705882,0.7309115328974405,2005-05-03,SHIPPED,2,5,2005,TRUCKS AND BUSES,0.4696132596685083,S12_4473,EURO SHOPPING CHANNEL,(91) 555 94 44,"C/ MORALZARZAL, 86",MADRID,28034,SPAIN,EMEA,FREYRE,DIEGO,MEDIUM,2005,5,2
10412,0.3278688524590164,1.0,0.1176470588235294,0.39808091303636045,2005-05-03,SHIPPED,2,5,2005,TRUCKS AND BUSES,0.4530386740331491,S50_1392,EURO SHOPPING CHANNEL,(91) 555 94 44,"C/ MORALZARZAL, 86",MADRID,28034,SPAIN,EMEA,FREYRE,DIEGO,MEDIUM,2005,5,2
10412,1.0,1.0,0.5294117647058824,1.0,2005-05-03,SHIPPED,2,5,2005,TRUCKS AND BUSES,0.5193370165745856,S24_2300,EURO SHOPPING CHANNEL,(91) 555 94 44,"C/ MORALZARZAL, 86",MADRID,28034,SPAIN,EMEA,FREYRE,DIEGO,LARGE,2005,5,2
10412,0.6721311475409837,0.4801695842450766,0.5882352941176471,0.3249351005148526,2005-05-03,SHIPPED,2,5,2005,TRUCKS AND BUSES,0.14917127071823205,S18_2432,EURO SHOPPING CHANNEL,(91) 555 94 44,"C/ MORALZARZAL, 86",MADRID,28034,SPAIN,EMEA,FREYRE,DIEGO,SMALL,2005,5,2
10412,0.4098360655737705,1.0,0.0,0.5039701445663177,2005-05-03,SHIPPED,2,5,2005,CLASSIC CARS,0.4696132596685083,S24_4048,EURO SHOPPING CHANNEL,(91) 555 94 44,"C/ MORALZARZAL, 86",MADRID,28034,SPAIN,EMEA,FREYRE,DIEGO,MEDIUM,2005,5,2
10412,0.819672131147541,0.975109409190372,0.4117647058823529,0.6703373436816134,2005-05-03,SHIPPED,2,5,2005,TRUCKS AND BUSES,0.4917127071823204,S18_2319,EURO SHOPPING CHANNEL,(91) 555 94 44,"C/ MORALZARZAL, 86",MADRID,28034,SPAIN,EMEA,FREYRE,DIEGO,MEDIUM,2005,5,2
10412,0.3934426229508197,0.12568380743982493,0.2941176470588235,0.08018068283947358,2005-05-03,SHIPPED,2,5,2005,CLASSIC CARS,0.011049723756906105,S24_2840,EURO SHOPPING CHANNEL,(91) 555 94 44,"C/ MORALZARZAL, 86",MADRID,28034,SPAIN,EMEA,FREYRE,DIEGO,SMALL,2005,5,2
10413,0.6721311475409837,1.0,0.1176470588235294,1.0,2005-05-05,SHIPPED,2,5,2005,CLASSIC CARS,0.6519337016574586,S12_3148,GIFT DEPOT INC.,2035552570,25593 SOUTH BAY LN.,BRIDGEWATER,97562,USA,DESCONOCIDO,KING,JULIE,LARGE,2005,5,2
10413,0.29508196721311475,0.31222647702407,0.2941176470588235,0.09500683240397048,2005-05-05,SHIPPED,2,5,2005,TRAINS,0.16022099447513816,S32_3207,GIFT DEPOT INC.,2035552570,25593 SOUTH BAY LN.,BRIDGEWATER,97562,USA,DESCONOCIDO,KING,JULIE,SMALL,2005,5,2
10413,0.7377049180327869,0.5056072210065645,0.1764705882352941,0.37074996074291117,2005-05-05,SHIPPED,2,5,2005,TRAINS,0.13812154696132595,S50_1514,GIFT DEPOT INC.,2035552570,25593 SOUTH BAY LN.,BRIDGEWATER,97562,USA,DESCONOCIDO,KING,JULIE,MEDIUM,2005,5,2
10413,0.26229508196721313,1.0,0.0,0.38831441754173784,2005-05-05,SHIPPED,2,5,2005,CLASSIC CARS,0.7734806629834254,S12_3891,GIFT DEPOT INC.,2035552570,25593 SOUTH BAY LN.,BRIDGEWATER,97562,USA,DESCONOCIDO,KING,JULIE,MEDIUM,2005,5,2
10413,0.4918032786885246,1.0,0.058823529411764705,1.0,2005-05-05,SHIPPED,2,5,2005,CLASSIC CARS,0.9613259668508286,S12_1108,GIFT DEPOT INC.,2035552570,25593 SOUTH BAY LN.,BRIDGEWATER,97562,USA,DESCONOCIDO,KING,JULIE,LARGE,2005,5,2
10413,0.7049180327868853,1.0,0.23529411764705882,0.8572572157870295,2005-05-05,SHIPPED,2,5,2005,CLASSIC CARS,0.6077348066298343,S18_4027,GIFT DEPOT INC.,2035552570,25593 SOUTH BAY LN.,BRIDGEWATER,97562,USA,DESCONOCIDO,KING,JULIE,MEDIUM,2005,5,2
10414,0.34426229508196726,0.8682986870897156,0.4117647058823529,0.2616506687069216,2005-05-06,ON HOLD,2,5,2005,SHIPS,0.3646408839779005,S700_3962,GIFTS4ALLAGES.COM,6175559555,8616 SPINNAKER DR.,BOSTON,51003,USA,DESCONOCIDO,YOSHIDO,JURI,SMALL,2005,5,2
10414,0.21311475409836067,1.0,0.1176470588235294,0.3050693430534999,2005-05-06,ON HOLD,2,5,2005,CLASSIC CARS,0.569060773480663,S10_4757,GIFTS4ALLAGES.COM,6175559555,8616 SPINNAKER DR.,BOSTON,51003,USA,DESCONOCIDO,YOSHIDO,JURI,SMALL,2005,5,2
10414,0.7377049180327869,0.6760120350109409,0.058823529411764705,0.4556735681185664,2005-05-06,ON HOLD,2,5,2005,VINTAGE CARS,0.27624309392265195,S24_3816,GIFTS4ALLAGES.COM,6175559555,8616 SPINNAKER DR.,BOSTON,51003,USA,DESCONOCIDO,YOSHIDO,JURI,MEDIUM,2005,5,2
10414,0.6721311475409837,0.5284463894967176,0.47058823529411764,0.34710750428486953,2005-05-06,ON HOLD,2,5,2005,SHIPS,0.11602209944751385,S72_3212,GIFTS4ALLAGES.COM,6175559555,8616 SPINNAKER DR.,BOSTON,51003,USA,DESCONOCIDO,YOSHIDO,JURI,MEDIUM,2005,5,2
10414,0.5737704918032788,1.0,0.6470588235294117,0.5866712995599865,2005-05-06,ON HOLD,2,5,2005,VINTAGE CARS,0.569060773480663,S18_3140,GIFTS4ALLAGES.COM,6175559555,8616 SPINNAKER DR.,BOSTON,51003,USA,DESCONOCIDO,YOSHIDO,JURI,MEDIUM,2005,5,2
10414,0.5081967213114754,0.6080415754923414,0.2941176470588235,0.28832410652536344,2005-05-06,ON HOLD,2,5,2005,SHIPS,0.18232044198895025,S700_1138,GIFTS4ALLAGES.COM,6175559555,8616 SPINNAKER DR.,BOSTON,51003,USA,DESCONOCIDO,YOSHIDO,JURI,SMALL,2005,5,2
10414,0.27868852459016397,1.0,0.5294117647058824,0.3812915749275832,2005-05-06,ON HOLD,2,5,2005,SHIPS,0.4917127071823204,S24_2011,GIFTS4ALLAGES.COM,6175559555,8616 SPINNAKER DR.,BOSTON,51003,USA,DESCONOCIDO,YOSHIDO,JURI,MEDIUM,2005,5,2
10414,0.459016393442623,1.0,0.7058823529411764,0.40780464336187683,2005-05-06,ON HOLD,2,5,2005,SHIPS,0.2928176795580111,S700_1938,GIFTS4ALLAGES.COM,6175559555,8616 SPINNAKER DR.,BOSTON,51003,USA,DESCONOCIDO,YOSHIDO,JURI,MEDIUM,2005,5,2
10414,0.1639344262295082,0.6646608315098468,0.5882352941176471,0.09696333889057798,2005-05-06,ON HOLD,2,5,2005,VINTAGE CARS,0.2983425414364641,S18_4522,GIFTS4ALLAGES.COM,6175559555,8616 SPINNAKER DR.,BOSTON,51003,USA,DESCONOCIDO,YOSHIDO,JURI,SMALL,2005,5,2
10414,0.6229508196721312,0.6441466083150986,0.0,0.3705855821241593,2005-05-06,ON HOLD,2,5,2005,SHIPS,0.2928176795580111,S18_3029,GIFTS4ALLAGES.COM,6175559555,8616 SPINNAKER DR.,BOSTON,51003,USA,DESCONOCIDO,YOSHIDO,JURI,MEDIUM,2005,5,2
10414,0.4098360655737705,0.6702680525164113,0.1764705882352941,0.24997043189479773,2005-05-06,ON HOLD,2,5,2005,SHIPS,0.2154696132596685,S700_2610,GIFTS4ALLAGES.COM,6175559555,8616 SPINNAKER DR.,BOSTON,51003,USA,DESCONOCIDO,YOSHIDO,JURI,SMALL,2005,5,2
10414,0.36065573770491804,1.0,0.3529411764705882,0.340371990150647,2005-05-06,ON HOLD,2,5,2005,SHIPS,0.37016574585635353,S700_3505,GIFTS4ALLAGES.COM,6175559555,8616 SPINNAKER DR.,BOSTON,51003,USA,DESCONOCIDO,YOSHIDO,JURI,MEDIUM,2005,5,2
10414,0.8852459016393444,1.0,0.23529411764705882,0.7517675713059079,2005-05-06,ON HOLD,2,5,2005,VINTAGE CARS,0.30386740331491713,S24_3151,GIFTS4ALLAGES.COM,6175559555,8616 SPINNAKER DR.,BOSTON,51003,USA,DESCONOCIDO,YOSHIDO,JURI,MEDIUM,2005,5,2
10414,0.6885245901639344,1.0,0.7647058823529411,0.7118195577146026,2005-05-06,ON HOLD,2,5,2005,TRAINS,0.37016574585635353,S18_3259,GIFTS4ALLAGES.COM,6175559555,8616 SPINNAKER DR.,BOSTON,51003,USA,DESCONOCIDO,YOSHIDO,JURI,MEDIUM,2005,5,2
10415,0.2459016393442623,0.5599015317286651,0.0,0.12590199426011245,2005-05-09,DISPUTED,2,5,2005,PLANES,0.19337016574585636,S24_2841,"AUSTRALIAN COLLECTABLES, LTD",61-9-3844-6555,7 ALLEN STREET,GLEN WAVERLY,3150,AUSTRALIA,APAC,CONNERY,SEAN,SMALL,2005,5,2
10415,0.19672131147540983,0.5856126914660832,0.058823529411764705,0.10323378181077081,2005-05-09,DISPUTED,2,5,2005,VINTAGE CARS,0.17679558011049723,S24_3420,"AUSTRALIAN COLLECTABLES, LTD",61-9-3844-6555,7 ALLEN STREET,GLEN WAVERLY,3150,AUSTRALIA,APAC,CONNERY,SEAN,SMALL,2005,5,2
10415,0.42622950819672134,0.9446115973741795,0.1764705882352941,0.34589938825762007,2005-05-09,DISPUTED,2,5,2005,SHIPS,0.3149171270718232,S700_2047,"AUSTRALIAN COLLECTABLES, LTD",61-9-3844-6555,7 ALLEN STREET,GLEN WAVERLY,3150,AUSTRALIA,APAC,CONNERY,SEAN,MEDIUM,2005,5,2
10415,0.7377049180327869,1.0,0.23529411764705882,0.7653789227854826,2005-05-09,DISPUTED,2,5,2005,VINTAGE CARS,0.39779005524861877,S18_3856,"AUSTRALIAN COLLECTABLES, LTD",61-9-3844-6555,7 ALLEN STREET,GLEN WAVERLY,3150,AUSTRALIA,APAC,CONNERY,SEAN,MEDIUM,2005,5,2
10415,0.5901639344262295,0.4202680525164114,0.1176470588235294,0.2589283984110067,2005-05-09,DISPUTED,2,5,2005,PLANES,0.08839779005524862,S72_1253,"AUSTRALIAN COLLECTABLES, LTD",61-9-3844-6555,7 ALLEN STREET,GLEN WAVERLY,3150,AUSTRALIA,APAC,CONNERY,SEAN,SMALL,2005,5,2
10416,0.5737704918032788,1.0,0.1176470588235294,0.6896819006444844,2005-05-10,SHIPPED,2,5,2005,PLANES,0.4696132596685083,S700_2834,L'ORDINE SOUVENIERS,0522-556555,STRADA PROVINCIALE 124,REGGIO EMILIA,42100,ITALY,EMEA,MORONI,MAURIZIO,MEDIUM,2005,5,2
10416,0.639344262295082,1.0,0.058823529411764705,0.572314230444123,2005-05-10,SHIPPED,2,5,2005,MOTORCYCLES,0.3646408839779005,S32_1374,L'ORDINE SOUVENIERS,0522-556555,STRADA PROVINCIALE 124,REGGIO EMILIA,42100,ITALY,EMEA,MORONI,MAURIZIO,MEDIUM,2005,5,2
10416,0.6721311475409837,0.8445021881838073,0.2941176470588235,0.49226451593503706,2005-05-10,SHIPPED,2,5,2005,PLANES,0.419889502762431,S24_1785,L'ORDINE SOUVENIERS,0522-556555,STRADA PROVINCIALE 124,REGGIO EMILIA,42100,ITALY,EMEA,MORONI,MAURIZIO,MEDIUM,2005,5,2
10416,0.3278688524590164,0.46963894967177244,0.3529411764705882,0.14828688746412572,2005-05-10,SHIPPED,2,5,2005,VINTAGE CARS,0.19337016574585636,S32_4289,L'ORDINE SOUVENIERS,0522-556555,STRADA PROVINCIALE 124,REGGIO EMILIA,42100,ITALY,EMEA,MORONI,MAURIZIO,SMALL,2005,5,2
10416,0.5081967213114754,0.3425875273522976,0.4117647058823529,0.19234703934729663,2005-05-10,SHIPPED,2,5,2005,VINTAGE CARS,0.05524861878453041,S50_1341,L'ORDINE SOUVENIERS,0522-556555,STRADA PROVINCIALE 124,REGGIO EMILIA,42100,ITALY,EMEA,MORONI,MAURIZIO,SMALL,2005,5,2
10416,0.6885245901639344,0.6528993435448578,0.23529411764705882,0.41423812848928704,2005-05-10,SHIPPED,2,5,2005,PLANES,0.2154696132596685,S24_4278,L'ORDINE SOUVENIERS,0522-556555,STRADA PROVINCIALE 124,REGGIO EMILIA,42100,ITALY,EMEA,MORONI,MAURIZIO,MEDIUM,2005,5,2
10416,0.27868852459016397,0.8815645514223196,0.47058823529411764,0.21632359868898032,2005-05-10,SHIPPED,2,5,2005,PLANES,0.3204419889502762,S700_1691,L'ORDINE SOUVENIERS,0522-556555,STRADA PROVINCIALE 124,REGGIO EMILIA,42100,ITALY,EMEA,MORONI,MAURIZIO,SMALL,2005,5,2
10416,0.6065573770491803,0.48290481400437635,0.6470588235294117,0.292946754023434,2005-05-10,SHIPPED,2,5,2005,PLANES,0.22651933701657456,S700_4002,L'ORDINE SOUVENIERS,0522-556555,STRADA PROVINCIALE 124,REGGIO EMILIA,42100,ITALY,EMEA,MORONI,MAURIZIO,SMALL,2005,5,2
10416,0.26229508196721313,1.0,0.5882352941176471,0.2639479601348439,2005-05-10,SHIPPED,2,5,2005,PLANES,0.3646408839779005,S700_2466,L'ORDINE SOUVENIERS,0522-556555,STRADA PROVINCIALE 124,REGGIO EMILIA,42100,ITALY,EMEA,MORONI,MAURIZIO,SMALL,2005,5,2
10416,0.1475409836065574,0.9841356673960613,0.1764705882352941,0.13370396479892016,2005-05-10,SHIPPED,2,5,2005,PLANES,0.281767955801105,S18_2581,L'ORDINE SOUVENIERS,0522-556555,STRADA PROVINCIALE 124,REGGIO EMILIA,42100,ITALY,EMEA,MORONI,MAURIZIO,SMALL,2005,5,2
10416,0.42622950819672134,0.8304157549234135,0.0,0.3101904720539643,2005-05-10,SHIPPED,2,5,2005,MOTORCYCLES,0.23756906077348067,S24_2000,L'ORDINE SOUVENIERS,0522-556555,STRADA PROVINCIALE 124,REGGIO EMILIA,42100,ITALY,EMEA,MORONI,MAURIZIO,SMALL,2005,5,2
10416,0.5409836065573771,0.5514223194748359,0.5294117647058824,0.28581432566344483,2005-05-10,SHIPPED,2,5,2005,PLANES,0.2596685082872928,S700_3167,L'ORDINE SOUVENIERS,0522-556555,STRADA PROVINCIALE 124,REGGIO EMILIA,42100,ITALY,EMEA,MORONI,MAURIZIO,SMALL,2005,5,2
10416,0.19672131147540983,0.6589168490153172,0.7058823529411764,0.11612748029628242,2005-05-10,SHIPPED,2,5,2005,PLANES,0.19337016574585636,S24_3949,L'ORDINE SOUVENIERS,0522-556555,STRADA PROVINCIALE 124,REGGIO EMILIA,42100,ITALY,EMEA,MORONI,MAURIZIO,SMALL,2005,5,2
10416,0.29508196721311475,1.0,0.7647058823529411,0.5171952731124022,2005-05-10,SHIPPED,2,5,2005,PLANES,0.6850828729281768,S18_1662,L'ORDINE SOUVENIERS,0522-556555,STRADA PROVINCIALE 124,REGGIO EMILIA,42100,ITALY,EMEA,MORONI,MAURIZIO,MEDIUM,2005,5,2
10417,0.9836065573770493,1.0,0.058823529411764705,0.9400251913574267,2005-05-13,DISPUTED,2,5,2005,MOTORCYCLES,0.3425414364640884,S10_1678,EURO SHOPPING CHANNEL,(91) 555 94 44,"C/ MORALZARZAL, 86",MADRID,28034,SPAIN,EMEA,FREYRE,DIEGO,LARGE,2005,5,2
10417,0.4918032786885246,0.4690919037199125,0.2941176470588235,0.22990955834939814,2005-05-13,DISPUTED,2,5,2005,MOTORCYCLES,0.14917127071823205,S18_2625,EURO SHOPPING CHANNEL,(91) 555 94 44,"C/ MORALZARZAL, 86",MADRID,28034,SPAIN,EMEA,FREYRE,DIEGO,SMALL,2005,5,2
10417,0.639344262295082,1.0,0.23529411764705882,0.7223598354877402,2005-05-13,DISPUTED,2,5,2005,MOTORCYCLES,0.4696132596685083,S10_2016,EURO SHOPPING CHANNEL,(91) 555 94 44,"C/ MORALZARZAL, 86",MADRID,28034,SPAIN,EMEA,FREYRE,DIEGO,MEDIUM,2005,5,2
10417,0.47540983606557385,1.0,0.1176470588235294,0.41000036751317204,2005-05-13,DISPUTED,2,5,2005,MOTORCYCLES,0.43646408839779005,S24_1578,EURO SHOPPING CHANNEL,(91) 555 94 44,"C/ MORALZARZAL, 86",MADRID,28034,SPAIN,EMEA,FREYRE,DIEGO,MEDIUM,2005,5,2
10417,0.819672131147541,1.0,0.1764705882352941,1.0,2005-05-13,DISPUTED,2,5,2005,MOTORCYCLES,0.8839779005524863,S10_4698,EURO SHOPPING CHANNEL,(91) 555 94 44,"C/ MORALZARZAL, 86",MADRID,28034,SPAIN,EMEA,FREYRE,DIEGO,LARGE,2005,5,2
10417,0.2459016393442623,1.0,0.0,0.3963328867491456,2005-05-13,DISPUTED,2,5,2005,MOTORCYCLES,0.6464088397790055,S12_2823,EURO SHOPPING CHANNEL,(91) 555 94 44,"C/ MORALZARZAL, 86",MADRID,28034,SPAIN,EMEA,FREYRE,DIEGO,MEDIUM,2005,5,2
10419,0.42622950819672134,1.0,0.5294117647058824,0.4477660210685278,2005-05-17,SHIPPED,2,5,2005,CLASSIC CARS,0.4530386740331491,S12_4675,SALZBURG COLLECTABLES,6562-9555,GEISLWEG 14,SALZBURG,5020,AUSTRIA,EMEA,PIPPS,GEORG,MEDIUM,2005,5,2
10419,0.1475409836065574,0.21594638949671774,0.3529411764705882,0.021104610953897138,2005-05-17,SHIPPED,2,5,2005,CLASSIC CARS,0.022099447513812154,S24_2972,SALZBURG COLLECTABLES,6562-9555,GEISLWEG 14,SALZBURG,5020,AUSTRIA,EMEA,PIPPS,GEORG,SMALL,2005,5,2
10419,0.47540983606557385,1.0,0.2941176470588235,0.7276453431069564,2005-05-17,SHIPPED,2,5,2005,CLASSIC CARS,0.7513812154696132,S18_3232,SALZBURG COLLECTABLES,6562-9555,GEISLWEG 14,SALZBURG,5020,AUSTRIA,EMEA,PIPPS,GEORG,MEDIUM,2005,5,2
10419,0.8032786885245902,1.0,0.058823529411764705,0.9640164512259906,2005-05-17,SHIPPED,2,5,2005,CLASSIC CARS,0.5469613259668508,S18_2870,SALZBURG COLLECTABLES,6562-9555,GEISLWEG 14,SALZBURG,5020,AUSTRIA,EMEA,PIPPS,GEORG,LARGE,2005,5,2
10419,0.5245901639344263,1.0,0.23529411764705882,0.5321737735918398,2005-05-17,SHIPPED,2,5,2005,CLASSIC CARS,0.5966850828729282,S18_1129,SALZBURG COLLECTABLES,6562-9555,GEISLWEG 14,SALZBURG,5020,AUSTRIA,EMEA,PIPPS,GEORG,MEDIUM,2005,5,2
10419,0.459016393442623,1.0,0.1764705882352941,0.5496166169410208,2005-05-17,SHIPPED,2,5,2005,CLASSIC CARS,0.6022099447513812,S18_1984,SALZBURG COLLECTABLES,6562-9555,GEISLWEG 14,SALZBURG,5020,AUSTRIA,EMEA,PIPPS,GEORG,MEDIUM,2005,5,2
10419,0.09836065573770492,1.0,0.7058823529411764,0.19767531213561906,2005-05-17,SHIPPED,2,5,2005,CLASSIC CARS,0.8895027624309392,S12_1099,SALZBURG COLLECTABLES,6562-9555,GEISLWEG 14,SALZBURG,5020,AUSTRIA,EMEA,PIPPS,GEORG,SMALL,2005,5,2
10419,0.5409836065573771,0.7802242888402626,0.47058823529411764,0.3730111690594002,2005-05-17,SHIPPED,2,5,2005,CLASSIC CARS,0.2430939226519337,S18_1889,SALZBURG COLLECTABLES,6562-9555,GEISLWEG 14,SALZBURG,5020,AUSTRIA,EMEA,PIPPS,GEORG,MEDIUM,2005,5,2
10419,1.0,1.0,0.4117647058823529,1.0,2005-05-17,SHIPPED,2,5,2005,CLASSIC CARS,0.5911602209944752,S24_3856,SALZBURG COLLECTABLES,6562-9555,GEISLWEG 14,SALZBURG,5020,AUSTRIA,EMEA,PIPPS,GEORG,LARGE,2005,5,2
10419,0.459016393442623,0.8655634573304158,0.7647058823529411,0.3452819661286497,2005-05-17,SHIPPED,2,5,2005,CLASSIC CARS,0.2541436464088398,S12_3990,SALZBURG COLLECTABLES,6562-9555,GEISLWEG 14,SALZBURG,5020,AUSTRIA,EMEA,PIPPS,GEORG,MEDIUM,2005,5,2
10419,0.5081967213114754,1.0,0.0,0.6308944936503746,2005-05-17,SHIPPED,2,5,2005,CLASSIC CARS,0.5027624309392266,S18_1589,SALZBURG COLLECTABLES,6562-9555,GEISLWEG 14,SALZBURG,5020,AUSTRIA,EMEA,PIPPS,GEORG,MEDIUM,2005,5,2
10419,0.6065573770491803,1.0,0.1176470588235294,0.6825067071153892,2005-05-17,SHIPPED,2,5,2005,CLASSIC CARS,0.5966850828729282,S18_3685,SALZBURG COLLECTABLES,6562-9555,GEISLWEG 14,SALZBURG,5020,AUSTRIA,EMEA,PIPPS,GEORG,MEDIUM,2005,5,2
10419,0.8032786885245902,0.3525711159737417,0.6470588235294117,0.322632463440792,2005-05-17,SHIPPED,2,5,2005,CLASSIC CARS,0.15469613259668508,S24_3371,SALZBURG COLLECTABLES,6562-9555,GEISLWEG 14,SALZBURG,5020,AUSTRIA,EMEA,PIPPS,GEORG,SMALL,2005,5,2
10419,0.0655737704918033,1.0,0.5882352941176471,0.08153045848938723,2005-05-17,SHIPPED,2,5,2005,CLASSIC CARS,0.4640883977900553,S12_3380,SALZBURG COLLECTABLES,6562-9555,GEISLWEG 14,SALZBURG,5020,AUSTRIA,EMEA,PIPPS,GEORG,SMALL,2005,5,2
10420,0.4918032786885246,0.42190919037199115,0.3529411764705882,0.21331132709006412,2005-05-29,IN PROCESS,2,5,2005,CLASSIC CARS,0.2099447513812155,S18_4933,SOUVENIERS AND THINGS CO.,+61 2 9495 8555,"MONITOR MONEY BUILDING, 815 PACIFIC HWY",CHATSWOOD,2067,AUSTRALIA,APAC,HUXLEY,ADRIAN,SMALL,2005,5,2
10420,0.8852459016393444,0.5168216630196937,0.5882352941176471,0.454121994326933,2005-05-29,IN PROCESS,2,5,2005,CLASSIC CARS,0.22099447513812154,S24_1046,SOUVENIERS AND THINGS CO.,+61 2 9495 8555,"MONITOR MONEY BUILDING, 815 PACIFIC HWY",CHATSWOOD,2067,AUSTRALIA,APAC,HUXLEY,ADRIAN,MEDIUM,2005,5,2
10420,0.3278688524590164,1.0,0.6470588235294117,0.285327871864862,2005-05-29,IN PROCESS,2,5,2005,CLASSIC CARS,0.4088397790055248,S24_3432,SOUVENIERS AND THINGS CO.,+61 2 9495 8555,"MONITOR MONEY BUILDING, 815 PACIFIC HWY",CHATSWOOD,2067,AUSTRALIA,APAC,HUXLEY,ADRIAN,SMALL,2005,5,2
10420,0.9836065573770493,0.9035831509846828,0.2941176470588235,0.7554159747952784,2005-05-29,IN PROCESS,2,5,2005,VINTAGE CARS,0.32596685082872934,S18_4409,SOUVENIERS AND THINGS CO.,+61 2 9495 8555,"MONITOR MONEY BUILDING, 815 PACIFIC HWY",CHATSWOOD,2067,AUSTRALIA,APAC,HUXLEY,ADRIAN,MEDIUM,2005,5,2
10420,0.5081967213114754,0.45801422319474827,0.7058823529411764,0.23408049874878473,2005-05-29,IN PROCESS,2,5,2005,CLASSIC CARS,0.09392265193370164,S24_1628,SOUVENIERS AND THINGS CO.,+61 2 9495 8555,"MONITOR MONEY BUILDING, 815 PACIFIC HWY",CHATSWOOD,2067,AUSTRALIA,APAC,HUXLEY,ADRIAN,SMALL,2005,5,2
10420,0.5081967213114754,1.0,0.23529411764705882,0.6416739890882,2005-05-29,IN PROCESS,2,5,2005,VINTAGE CARS,0.7569060773480663,S18_1749,SOUVENIERS AND THINGS CO.,+61 2 9495 8555,"MONITOR MONEY BUILDING, 815 PACIFIC HWY",CHATSWOOD,2067,AUSTRALIA,APAC,HUXLEY,ADRIAN,MEDIUM,2005,5,2
10420,0.47540983606557385,0.9554157549234135,0.5294117647058824,0.38806317217323905,2005-05-29,IN PROCESS,2,5,2005,CLASSIC CARS,0.287292817679558,S24_3191,SOUVENIERS AND THINGS CO.,+61 2 9495 8555,"MONITOR MONEY BUILDING, 815 PACIFIC HWY",CHATSWOOD,2067,AUSTRALIA,APAC,HUXLEY,ADRIAN,MEDIUM,2005,5,2
10420,0.8032786885245902,0.949398249452954,0.4117647058823529,0.6433979599677925,2005-05-29,IN PROCESS,2,5,2005,CLASSIC CARS,0.4640883977900553,S24_2887,SOUVENIERS AND THINGS CO.,+61 2 9495 8555,"MONITOR MONEY BUILDING, 815 PACIFIC HWY",CHATSWOOD,2067,AUSTRALIA,APAC,HUXLEY,ADRIAN,MEDIUM,2005,5,2
10420,0.4918032786885246,0.5017778993435449,0.1764705882352941,0.24140804319282078,2005-05-29,IN PROCESS,2,5,2005,VINTAGE CARS,0.14917127071823205,S18_2248,SOUVENIERS AND THINGS CO.,+61 2 9495 8555,"MONITOR MONEY BUILDING, 815 PACIFIC HWY",CHATSWOOD,2067,AUSTRALIA,APAC,HUXLEY,ADRIAN,SMALL,2005,5,2
10421,0.5573770491803279,0.2573851203501094,0.058823529411764705,0.17986361920289734,2005-05-29,IN PROCESS,2,5,2005,VINTAGE CARS,0.06077348066298344,S24_2022,MINI GIFTS DISTRIBUTORS LTD.,4155551450,5677 STRONG ST.,SAN RAFAEL,97562,USA,DESCONOCIDO,NELSON,VALARIE,SMALL,2005,5,2
10421,0.47540983606557385,1.0,0.0,0.6617402082797377,2005-05-29,IN PROCESS,2,5,2005,VINTAGE CARS,0.7458563535911602,S18_2795,MINI GIFTS DISTRIBUTORS LTD.,4155551450,5677 STRONG ST.,SAN RAFAEL,97562,USA,DESCONOCIDO,NELSON,VALARIE,MEDIUM,2005,5,2
10420,0.1475409836065574,0.2271608315098469,0.1176470588235294,0.02274839714141573,2005-05-29,IN PROCESS,2,5,2005,VINTAGE CARS,0.04419889502762431,S24_3969,SOUVENIERS AND THINGS CO.,+61 2 9495 8555,"MONITOR MONEY BUILDING, 815 PACIFIC HWY",CHATSWOOD,2067,AUSTRALIA,APAC,HUXLEY,ADRIAN,SMALL,2005,5,2
10420,0.5409836065573771,1.0,0.47058823529411764,0.46130253350216666,2005-05-29,IN PROCESS,2,5,2005,CLASSIC CARS,0.3149171270718232,S24_2766,SOUVENIERS AND THINGS CO.,+61 2 9495 8555,"MONITOR MONEY BUILDING, 815 PACIFIC HWY",CHATSWOOD,2067,AUSTRALIA,APAC,HUXLEY,ADRIAN,MEDIUM,2005,5,2
10420,0.639344262295082,1.0,0.058823529411764705,0.6006996114383464,2005-05-29,IN PROCESS,2,5,2005,VINTAGE CARS,0.5193370165745856,S18_2325,SOUVENIERS AND THINGS CO.,+61 2 9495 8555,"MONITOR MONEY BUILDING, 815 PACIFIC HWY",CHATSWOOD,2067,AUSTRALIA,APAC,HUXLEY,ADRIAN,MEDIUM,2005,5,2
10420,0.639344262295082,0.0,0.0,0.097219929905215,2005-05-29,IN PROCESS,2,5,2005,VINTAGE CARS,0.0,S24_1937,SOUVENIERS AND THINGS CO.,+61 2 9495 8555,"MONITOR MONEY BUILDING, 815 PACIFIC HWY",CHATSWOOD,2067,AUSTRALIA,APAC,HUXLEY,ADRIAN,SMALL,2005,5,2
10423,0.36065573770491804,0.7112964989059081,0.1764705882352941,0.2307702073776599,2005-05-30,IN PROCESS,2,5,2005,VINTAGE CARS,0.35359116022099446,S24_4258,PETIT AUTO,(02) 5554 67,RUE JOSEPH-BENS 532,BRUXELLES,B-1180,BELGIUM,EMEA,DEWEY,CATHERINE,SMALL,2005,5,2
10422,0.3114754098360656,0.3401258205689278,0.0,0.10846583296860435,2005-05-30,IN PROCESS,2,5,2005,VINTAGE CARS,0.11049723756906077,S18_1367,DIECAST CLASSICS INC.,2155551555,7586 POMPTON ST.,ALLENTOWN,70267,USA,DESCONOCIDO,YU,KYUNG,SMALL,2005,5,2
10423,0.0655737704918033,0.8378008752735229,0.0,0.05335890334069472,2005-05-30,IN PROCESS,2,5,2005,VINTAGE CARS,0.37569060773480667,S18_2949,PETIT AUTO,(02) 5554 67,RUE JOSEPH-BENS 532,BRUXELLES,B-1180,BELGIUM,EMEA,DEWEY,CATHERINE,SMALL,2005,5,2
10423,0.2459016393442623,0.7923960612691465,0.058823529411764705,0.17361188604418845,2005-05-30,IN PROCESS,2,5,2005,VINTAGE CARS,0.39226519337016574,S18_3136,PETIT AUTO,(02) 5554 67,RUE JOSEPH-BENS 532,BRUXELLES,B-1180,BELGIUM,EMEA,DEWEY,CATHERINE,SMALL,2005,5,2
10423,0.4098360655737705,0.36706783369803064,0.1176470588235294,0.15812287635854586,2005-05-30,IN PROCESS,2,5,2005,VINTAGE CARS,0.16022099447513816,S18_2957,PETIT AUTO,(02) 5554 67,RUE JOSEPH-BENS 532,BRUXELLES,B-1180,BELGIUM,EMEA,DEWEY,CATHERINE,SMALL,2005,5,2
10422,0.7377049180327869,0.9391411378555798,0.058823529411764705,0.5868076135365125,2005-05-30,IN PROCESS,2,5,2005,VINTAGE CARS,0.3812154696132597,S18_1342,DIECAST CLASSICS INC.,2155551555,7586 POMPTON ST.,ALLENTOWN,70267,USA,DESCONOCIDO,YU,KYUNG,MEDIUM,2005,5,2
10423,0.2459016393442623,0.8535284463894968,0.23529411764705882,0.18615678111917783,2005-05-30,IN PROCESS,2,5,2005,VINTAGE CARS,0.3646408839779005,S18_3320,PETIT AUTO,(02) 5554 67,RUE JOSEPH-BENS 532,BRUXELLES,B-1180,BELGIUM,EMEA,DEWEY,CATHERINE,SMALL,2005,5,2
10424,0.7213114754098361,1.0,0.2941176470588235,1.0,2005-05-31,IN PROCESS,2,5,2005,CLASSIC CARS,0.9999999999999999,S10_1949,EURO SHOPPING CHANNEL,(91) 555 94 44,"C/ MORALZARZAL, 86",MADRID,28034,SPAIN,EMEA,FREYRE,DIEGO,LARGE,2005,5,2
10425,0.7049180327868853,1.0,0.47058823529411764,0.672002512453685,2005-05-31,IN PROCESS,2,5,2005,TRUCKS AND BUSES,0.5193370165745856,S24_2300,LA ROCHELLE GIFTS,40.67.8555,"67, RUE DES CINQUANTE OTAGES",NANTES,44000,FRANCE,EMEA,LABRUNE,JANINE,MEDIUM,2005,5,2
10425,0.5245901639344263,1.0,0.7058823529411764,0.5135869619690687,2005-05-31,IN PROCESS,2,5,2005,TRUCKS AND BUSES,0.4861878453038674,S18_4600,LA ROCHELLE GIFTS,40.67.8555,"67, RUE DES CINQUANTE OTAGES",NANTES,44000,FRANCE,EMEA,LABRUNE,JANINE,MEDIUM,2005,5,2
10424,0.3278688524590164,0.4511761487964989,0.1764705882352941,0.14359608297779217,2005-05-31,IN PROCESS,2,5,2005,VINTAGE CARS,0.09392265193370164,S18_4668,EURO SHOPPING CHANNEL,(91) 555 94 44,"C/ MORALZARZAL, 86",MADRID,28034,SPAIN,EMEA,FREYRE,DIEGO,SMALL,2005,5,2
10424,0.7868852459016394,1.0,0.23529411764705882,0.8953783548105804,2005-05-31,IN PROCESS,2,5,2005,TRUCKS AND BUSES,0.45856353591160215,S18_1097,EURO SHOPPING CHANNEL,(91) 555 94 44,"C/ MORALZARZAL, 86",MADRID,28034,SPAIN,EMEA,FREYRE,DIEGO,LARGE,2005,5,2
10425,0.4098360655737705,0.08698030634573306,0.23529411764705882,0.07327678085189554,2005-05-31,IN PROCESS,2,5,2005,CLASSIC CARS,0.011049723756906105,S24_2840,LA ROCHELLE GIFTS,40.67.8555,"67, RUE DES CINQUANTE OTAGES",NANTES,44000,FRANCE,EMEA,LABRUNE,JANINE,SMALL,2005,5,2
10425,0.21311475409836067,0.3055251641137855,0.5294117647058824,0.06054612457360119,2005-05-31,IN PROCESS,2,5,2005,TRUCKS AND BUSES,0.14917127071823205,S18_2432,LA ROCHELLE GIFTS,40.67.8555,"67, RUE DES CINQUANTE OTAGES",NANTES,44000,FRANCE,EMEA,LABRUNE,JANINE,SMALL,2005,5,2
10424,0.6557377049180328,0.7390590809628008,0.0,0.4330227290191742,2005-05-31,IN PROCESS,2,5,2005,CLASSIC CARS,0.37569060773480667,S700_2824,EURO SHOPPING CHANNEL,(91) 555 94 44,"C/ MORALZARZAL, 86",MADRID,28034,SPAIN,EMEA,FREYRE,DIEGO,MEDIUM,2005,5,2
10425,0.36065573770491804,1.0,0.1176470588235294,0.6462765904132519,2005-05-31,IN PROCESS,2,5,2005,CLASSIC CARS,0.718232044198895,S18_2238,LA ROCHELLE GIFTS,40.67.8555,"67, RUE DES CINQUANTE OTAGES",NANTES,44000,FRANCE,EMEA,LABRUNE,JANINE,MEDIUM,2005,5,2
10424,0.7049180327868853,1.0,0.1176470588235294,1.0,2005-05-31,IN PROCESS,2,5,2005,TRUCKS AND BUSES,0.569060773480663,S12_1666,EURO SHOPPING CHANNEL,(91) 555 94 44,"C/ MORALZARZAL, 86",MADRID,28034,SPAIN,EMEA,FREYRE,DIEGO,LARGE,2005,5,2
10425,0.0819672131147541,0.23181072210065645,0.2941176470588235,0.0,2005-05-31,IN PROCESS,2,5,2005,TRUCKS AND BUSES,0.11602209944751385,S32_2509,LA ROCHELLE GIFTS,40.67.8555,"67, RUE DES CINQUANTE OTAGES",NANTES,44000,FRANCE,EMEA,LABRUNE,JANINE,SMALL,2005,5,2
10425,0.5737704918032788,0.8178336980306347,0.5882352941176471,0.4105122131309116,2005-05-31,IN PROCESS,2,5,2005,TRUCKS AND BUSES,0.34806629834254144,S32_1268,LA ROCHELLE GIFTS,40.67.8555,"67, RUE DES CINQUANTE OTAGES",NANTES,44000,FRANCE,EMEA,LABRUNE,JANINE,MEDIUM,2005,5,2
10425,0.36065573770491804,1.0,0.4117647058823529,0.44248986833005355,2005-05-31,IN PROCESS,2,5,2005,CLASSIC CARS,0.7513812154696132,S18_3232,LA ROCHELLE GIFTS,40.67.8555,"67, RUE DES CINQUANTE OTAGES",NANTES,44000,FRANCE,EMEA,LABRUNE,JANINE,MEDIUM,2005,5,2
10425,0.8032786885245902,0.2727024070021882,0.0,0.2797069249504692,2005-05-31,IN PROCESS,2,5,2005,CLASSIC CARS,0.13259668508287292,S24_1444,LA ROCHELLE GIFTS,40.67.8555,"67, RUE DES CINQUANTE OTAGES",NANTES,44000,FRANCE,EMEA,LABRUNE,JANINE,SMALL,2005,5,2
10425,0.19672131147540983,1.0,0.058823529411764705,0.18894319916875202,2005-05-31,IN PROCESS,2,5,2005,TRUCKS AND BUSES,0.4530386740331491,S50_1392,LA ROCHELLE GIFTS,40.67.8555,"67, RUE DES CINQUANTE OTAGES",NANTES,44000,FRANCE,EMEA,LABRUNE,JANINE,SMALL,2005,5,2
10425,0.4426229508196722,1.0,0.1764705882352941,0.5626920673952338,2005-05-31,IN PROCESS,2,5,2005,TRUCKS AND BUSES,0.4696132596685083,S12_4473,LA ROCHELLE GIFTS,40.67.8555,"67, RUE DES CINQUANTE OTAGES",NANTES,44000,FRANCE,EMEA,LABRUNE,JANINE,MEDIUM,2005,5,2
10425,0.5245901639344263,1.0,0.6470588235294117,0.7233741718424771,2005-05-31,IN PROCESS,2,5,2005,CLASSIC CARS,0.6298342541436464,S10_4962,LA ROCHELLE GIFTS,40.67.8555,"67, RUE DES CINQUANTE OTAGES",NANTES,44000,FRANCE,EMEA,LABRUNE,JANINE,MEDIUM,2005,5,2
10424,0.6229508196721312,0.47223741794310714,0.058823529411764705,0.29667133297027487,2005-05-31,IN PROCESS,2,5,2005,TRUCKS AND BUSES,0.1712707182320442,S32_3522,EURO SHOPPING CHANNEL,(91) 555 94 44,"C/ MORALZARZAL, 86",MADRID,28034,SPAIN,EMEA,FREYRE,DIEGO,SMALL,2005,5,2
10425,0.5245901639344263,0.9919310722100656,0.3529411764705882,0.44040773915919673,2005-05-31,IN PROCESS,2,5,2005,TRUCKS AND BUSES,0.4917127071823204,S18_2319,LA ROCHELLE GIFTS,40.67.8555,"67, RUE DES CINQUANTE OTAGES",NANTES,44000,FRANCE,EMEA,LABRUNE,JANINE,MEDIUM,2005,5,2
